text	passage	paragraph	offset	before	after	evidence_edition	kind
ammianus--14	4	1	2229	vieturo	victuro	perseus--stoa0023.stoa001.perseus-lat2	replace
ammianus--14	11	2	1191	eluctavit	ductavit	perseus--stoa0023.stoa001.perseus-lat2	replace
ammianus--15	3	20	96	optemperarent	obtemperarent	perseus--stoa0023.stoa001.perseus-lat2	replace
ammianus--15	5	28	160	saevium	saevum	perseus--stoa0023.stoa001.perseus-lat2	replace
ammianus--16	3	1	288	contentior	contemptior	perseus--stoa0023.stoa001.perseus-lat2	replace
ammianus--16	3	20	31	praªtorio	praetorio	perseus--stoa0023.stoa001.perseus-lat2	replace
ammianus--16	5	18	210	praecursatoribus	procursatoribus	perseus--stoa0023.stoa001.perseus-lat2	replace
ammianus--16	6	11	424	mumero	numero	perseus--stoa0023.stoa001.perseus-lat2	replace
ammianus--16	7	10	27	coivere	coiere	perseus--stoa0023.stoa001.perseus-lat2	replace
ammianus--17	3	17	50	devehebantur	vehebantur	perseus--stoa0023.stoa001.perseus-lat2	replace
ammianus--17	3	19	143	serabant	seruabant	perseus--stoa0023.stoa001.perseus-lat2	replace
ammianus--17	4	19	277	contruncabat	contruncabant	perseus--stoa0023.stoa001.perseus-lat2	replace
ammianus--17	5	23	189	opimantur	opinantur	perseus--stoa0023.stoa001.perseus-lat2	replace
ammianus--18	1	22	108	opimabantur	opinabantur	perseus--stoa0023.stoa001.perseus-lat2	replace
ammianus--18	2	23	52	Hiaspide	Iaspide	perseus--stoa0023.stoa001.perseus-lat2	replace
ammianus--18	5	7	376	artandas	aptandas	perseus--stoa0023.stoa001.perseus-lat2	replace
ammianus--20	2	6	315	procursare	procurare	perseus--stoa0023.stoa001.perseus-lat2	replace
ammianus--21	4	17	132	bucinorum	bucinarum	perseus--stoa0023.stoa001.perseus-lat2	replace
ammianus--22	1	22	281	participern	participem	perseus--stoa0023.stoa001.perseus-lat2	replace
ammianus--23	1	26	244	torminis	torminum	perseus--stoa0023.stoa001.perseus-lat2	replace
ammianus--23	3	21	75	descriptoribus	descriptionibus	perseus--stoa0023.stoa001.perseus-lat2	replace
ammianus--23	4	21	53	expulsata	expugnata	perseus--stoa0023.stoa001.perseus-lat2	replace
ammianus--24	1	11	82	certandums	certandum	perseus--stoa0023.stoa001.perseus-lat2	replace
ammianus--24	2	5	257	submoturus	summoturus	perseus--stoa0023.stoa001.perseus-lat2	replace
ammianus--24	2	17	266	cunetis	cunctis	perseus--stoa0023.stoa001.perseus-lat2	replace
ammianus--24	5	21	110	impe ratoris	imperatoris	perseus--stoa0023.stoa001.perseus-lat2	join
ammianus--25	1	27	236	ffcem	facem	perseus--stoa0023.stoa001.perseus-lat2	replace
ammianus--25	2	20	419	vinclicant	vindicant	perseus--stoa0023.stoa001.perseus-lat2	replace
ammianus--25	2	20	345	consultormn	consultorum	perseus--stoa0023.stoa001.perseus-lat2	replace
ammianus--25	2	23	289	rectoremª	rectorem	perseus--stoa0023.stoa001.perseus-lat2	replace
ammianus--25	3	17	499	amicosª	amicos	perseus--stoa0023.stoa001.perseus-lat2	replace
ammianus--25	4	8	381	declarabuntª	declarabunt	perseus--stoa0023.stoa001.perseus-lat2	replace
ammianus--25	4	19	286	coxfugisse	confugisse	perseus--stoa0023.stoa001.perseus-lat2	replace
ammianus--25	5	5	130	optimatetm	optimatem	perseus--stoa0023.stoa001.perseus-lat2	replace
ammianus--25	5	6	94	excrcitus	exercitus	perseus--stoa0023.stoa001.perseus-lat2	replace
ammianus--25	5	6	30	difliciles	difficiles	perseus--stoa0023.stoa001.perseus-lat2	replace
ammianus--25	5	16	323	cadebantur	caedebantur	perseus--stoa0023.stoa001.perseus-lat2	replace
ammianus--25	6	11	269	coronerisª	coroneris	perseus--stoa0023.stoa001.perseus-lat2	replace
ammianus--25	6	11	222	itaª	ita	perseus--stoa0023.stoa001.perseus-lat2	replace
ammianus--25	7	1	20	nimiu m	nimium	perseus--stoa0023.stoa001.perseus-lat2	join
ammianus--26	1	6	306	retcores	rectores	perseus--stoa0023.stoa001.perseus-lat2	replace
ammianus--26	2	2	195	accepturiª	accepturi	perseus--stoa0023.stoa001.perseus-lat2	replace
ammianus--26	2	6	322	coevente	coeunte	perseus--stoa0023.stoa001.perseus-lat2	replace
ammianus--26	2	6	132	suscipicatusque	suspicatusque	perseus--stoa0023.stoa001.perseus-lat2	replace
ammianus--26	2	7	385	abscia	abscisa	perseus--stoa0023.stoa001.perseus-lat2	replace
ammianus--26	2	12	422	vestiasª	vestias	perseus--stoa0023.stoa001.perseus-lat2	replace
ammianus--26	2	12	345	amasª	amas	perseus--stoa0023.stoa001.perseus-lat2	replace
ammianus--26	2	14	475	apparatoris	apparitoris	perseus--stoa0023.stoa001.perseus-lat2	replace
ammianus--26	2	14	320	clecoreque	decoreque	perseus--stoa0023.stoa001.perseus-lat2	replace
ammianus--26	2	15	146	gnaviores	graviores	perseus--stoa0023.stoa001.perseus-lat2	replace
ammianus--26	3	14	153	istantia	instantia	perseus--stoa0023.stoa001.perseus-lat2	replace
ammianus--26	3	16	51	accedabat	accedebat	perseus--stoa0023.stoa001.perseus-lat2	replace
ammianus--26	4	4	248	detestabant	detestabantur	perseus--stoa0023.stoa001.perseus-lat2	replace
ammianus--26	5	2	470	commoventemª	commoventem	perseus--stoa0023.stoa001.perseus-lat2	replace
ammianus--26	5	2	190	labafactans	labefactans	perseus--stoa0023.stoa001.perseus-lat2	replace
ammianus--26	5	2	5	enª	en	perseus--stoa0023.stoa001.perseus-lat2	replace
ammianus--26	6	21	102	supplitiorum	suppliciorum	perseus--stoa0023.stoa001.perseus-lat2	replace
ammianus--27	1	8	65	iurgatorio	obiurgatorio	perseus--stoa0023.stoa001.perseus-lat2	replace
ammianus--27	1	19	51	repperat	reppererat	perseus--stoa0023.stoa001.perseus-lat2	replace
ammianus--27	2	10	199	pemotus	permotus	perseus--stoa0023.stoa001.perseus-lat2	replace
ammianus--28	2	5	179	uneficii	ueneficiis	perseus--stoa0023.stoa001.perseus-lat2	replace
ammianus--28	2	6	307	velemen	velamen	perseus--stoa0023.stoa001.perseus-lat2	replace
ammianus--28	2	19	130	nillilo	nihilo	perseus--stoa0023.stoa001.perseus-lat2	replace
ammianus--28	2	20	172	postestatum	potestatum	perseus--stoa0023.stoa001.perseus-lat2	replace
ammianus--28	3	24	282	furosis	furoris	perseus--stoa0023.stoa001.perseus-lat2	replace
ammianus--28	5	6	413	apuc	apud	perseus--stoa0023.stoa001.perseus-lat2	replace
ammianus--28	5	6	345	umbracul	umbraculi	perseus--stoa0023.stoa001.perseus-lat2	replace
ammianus--28	5	15	410	matro narum	matronarum	perseus--stoa0023.stoa001.perseus-lat2	join
ammianus--28	5	22	85	plodendum	plaudendum	perseus--stoa0023.stoa001.perseus-lat2	replace
ammianus--28	6	8	177	eonglobati	conglobati	perseus--stoa0023.stoa001.perseus-lat2	replace
ammianus--28	6	9	302	leforme	deforme	perseus--stoa0023.stoa001.perseus-lat2	replace
ammianus--28	6	23	240	adflietis	afflictis	perseus--stoa0023.stoa001.perseus-lat2	replace
ammianus--28	6	26	108	rapinarmn	rapinarum	perseus--stoa0023.stoa001.perseus-lat2	replace
ammianus--28	7	9	343	rmerita	merita	perseus--stoa0023.stoa001.perseus-lat2	replace
ammianus--29	3	4	3	nanetus	nanctus	perseus--stoa0023.stoa001.perseus-lat2	replace
ammianus--29	3	10	194	praemonebatur	praemonebat	perseus--stoa0023.stoa001.perseus-lat2	replace
ammianus--29	4	2	144	inconvolutos	convolutos	perseus--stoa0023.stoa001.perseus-lat2	replace
ammianus--29	7	1	131	resposcendum	reposcendum	perseus--stoa0023.stoa001.perseus-lat2	replace
ammianus--29	7	10	380	conbustos	combustos	perseus--stoa0023.stoa001.perseus-lat2	replace
ammianus--29	7	14	43	certaminlum	certaminum	perseus--stoa0023.stoa001.perseus-lat2	replace
ammianus--29	8	3	256	nmninis	numinis	perseus--stoa0023.stoa001.perseus-lat2	replace
ammianus--30	1	12	136	insisidentes	insidentes	perseus--stoa0023.stoa001.perseus-lat2	replace
ammianus--30	3	4	122	liminia	limina	perseus--stoa0023.stoa001.perseus-lat2	replace
ammianus--30	3	9	60	indoctmn	indoctum	perseus--stoa0023.stoa001.perseus-lat2	replace
ammianus--30	3	12	47	inciclerit	inciderit	perseus--stoa0023.stoa001.perseus-lat2	replace
ammianus--30	4	3	83	iustormn	iustorum	perseus--stoa0023.stoa001.perseus-lat2	replace
ammianus--30	4	17	52	substristis	subtristis	perseus--stoa0023.stoa001.perseus-lat2	replace
ammianus--30	5	7	107	Funa rius	Funarius	perseus--stoa0023.stoa001.perseus-lat2	join
ammianus--30	6	4	403	detra hebat	detrahebat	perseus--stoa0023.stoa001.perseus-lat2	join
ammianus--31	2	1	521	exi stimant	existimant	perseus--stoa0023.stoa001.perseus-lat2	join
ammianus--31	2	7	167	portendatur	portenditur	perseus--stoa0023.stoa001.perseus-lat2	replace
ammianus--31	3	2	51	provinciascircumfusae	provincias circumfusae	perseus--stoa0023.stoa001.perseus-lat2	split
ammianus--31	3	13	276	ha bitatores	habitatores	perseus--stoa0023.stoa001.perseus-lat2	join
ammianus--31	5	10	223	nostrorumper	nostrorum per	perseus--stoa0023.stoa001.perseus-lat2	split
ammianus--31	5	12	173	latituclines	latitudines	perseus--stoa0023.stoa001.perseus-lat2	replace
ammianus--31	5	18	108	validun	validum	perseus--stoa0023.stoa001.perseus-lat2	replace
ammianus--31	6	2	164	conceptantes	coeptantes	perseus--stoa0023.stoa001.perseus-lat2	replace
ammianus--31	6	8	223	turbamm	turbarum	perseus--stoa0023.stoa001.perseus-lat2	replace
ammianus--31	6	17	28	pvo	pro	perseus--stoa0023.stoa001.perseus-lat2	replace
ammianus--31	7	12	10	neeessaria	necessaria	perseus--stoa0023.stoa001.perseus-lat2	replace
ammianus--31	7	13	36	eonscius	conscius	perseus--stoa0023.stoa001.perseus-lat2	replace
ammianus--31	9	9	197	inmientium	imminentium	perseus--stoa0023.stoa001.perseus-lat2	replace
ammianus--31	9	16	115	hgnumque	lignumque	perseus--stoa0023.stoa001.perseus-lat2	replace
ammianus--31	9	20	131	cligressi	digressi	perseus--stoa0023.stoa001.perseus-lat2	replace
ammianus--31	9	22	115	redclita	reddita	perseus--stoa0023.stoa001.perseus-lat2	replace
apicius--apicius1	1	7	23	despumto	despumato	perseus--phi2003.phi001.perseus-lat1	replace
apicius--apicius1	1	15	150	rosto	rosato	perseus--phi2003.phi001.perseus-lat1	replace
apicius--apicius1	1	51	10	peciolis	petiolis	perseus--phi2003.phi001.perseus-lat1	replace
apicius--apicius1	1	79	80	ispicam	spicam	perseus--phi2003.phi001.perseus-lat1	replace
apicius--apicius2	1	15	202	esiciis	isiciis	perseus--phi2003.phi001.perseus-lat1	replace
apicius--apicius2	1	32	94	termperabis	temperabis	perseus--phi2003.phi001.perseus-lat1	replace
apicius--apicius2	1	36	212	esiciis	isiciis	perseus--phi2003.phi001.perseus-lat1	replace
apicius--apicius2	1	41	255	conquuntur	coquuntur	perseus--phi2003.phi001.perseus-lat1	replace
apicius--apicius2	1	51	228	permiscer	permisces	perseus--phi2003.phi001.perseus-lat1	replace
apicius--apicius3	1	12	193	decoctusÓ	decoctus	perseus--phi2003.phi001.perseus-lat1	replace
apicius--apicius3	1	12	91	holeo	oleo	perseus--phi2003.phi001.perseus-lat1	replace
apicius--apicius3	1	19	257	actertio	ac tertio	perseus--phi2003.phi001.perseus-lat1	split
apicius--apicius3	1	19	158	teraperabis	temperabis	perseus--phi2003.phi001.perseus-lat1	replace
apicius--apicius3	1	20	22	IURECOLOCASIORUM	IURE COLOCASIORUM	perseus--phi2003.phi001.perseus-lat1	split
apicius--apicius3	1	57	37	olibas	oliuas	perseus--phi2003.phi001.perseus-lat1	replace
apicius--apicius3	1	94	50	aedritudinem	aegritudinem	perseus--phi2003.phi001.perseus-lat1	replace
apicius--apicius3	1	100	359	coclearem	cocleare	perseus--phi2003.phi001.perseus-lat1	replace
apicius--apicius3	2	7	28	inferuntar	inferuntur	perseus--phi2003.phi001.perseus-lat1	replace
apicius--apicius4	1	9	39	macerabas	macerabis	perseus--phi2003.phi001.perseus-lat1	replace
apicius--apicius4	1	20	32	moratrio	mortario	perseus--phi2003.phi001.perseus-lat1	replace
apicius--apicius4	1	28	438	corta	cocta	perseus--phi2003.phi001.perseus-lat1	replace
apicius--apicius4	1	28	232	suffunes	suffundes	perseus--phi2003.phi001.perseus-lat1	replace
apicius--apicius4	1	36	389	pulpaspiscis	pulpas piscis	perseus--phi2003.phi001.perseus-lat1	split
apicius--apicius4	1	38	759	obligabas	obligabis	perseus--phi2003.phi001.perseus-lat1	replace
apicius--apicius4	1	38	675	percutier	percuties	perseus--phi2003.phi001.perseus-lat1	replace
apicius--apicius4	1	40	235	liquamem	liquamen	perseus--phi2003.phi001.perseus-lat1	replace
apicius--apicius4	1	44	187	rutaebacam	rutae bacam	perseus--phi2003.phi001.perseus-lat1	split
apicius--apicius4	2	7	82	dividies	divides	perseus--phi2003.phi001.perseus-lat1	replace
apicius--apicius4	2	25	115	acicies	adicies	perseus--phi2003.phi001.perseus-lat1	replace
apicius--apicius4	2	39	49	defricto	defricato	perseus--phi2003.phi001.perseus-lat1	replace
apicius--apicius4	2	48	320	semem	semen	perseus--phi2003.phi001.perseus-lat1	replace
apicius--apicius4	2	48	222	intrinsecs	intrinsecus	perseus--phi2003.phi001.perseus-lat1	replace
apicius--apicius5	2	4	218	coliculumï	coliculum	perseus--phi2003.phi001.perseus-lat1	replace
appverg.catalepton	1	12	245	flebinus	flebimus	perseus--phi0692.phi009.perseus-lat1	replace
appverg.ciris	1	129	18	firmarant	firmarunt	perseus--phi0692.phi007.perseus-lat1	replace
appverg.ciris	1	177	0	ariasque	aeriasque	perseus--phi0692.phi007.perseus-lat1	replace
appverg.ciris	2	64	6	nisuram	uisuram	perseus--phi0692.phi007.perseus-lat1	replace
appvergculex	1	3	4324	tradicit	traducit	perseus--phi0692.phi003.perseus-lat1	replace
appvergculex	1	3	3479	nocis	nouis	perseus--phi0692.phi003.perseus-lat1	replace
appvergculex	1	3	2930	congitus	cognitus	perseus--phi0692.phi003.perseus-lat1	replace
appvergculex	3	1	2986	imnis	omnis	perseus--phi0692.phi003.perseus-lat1	replace
appvergculex	3	1	2340	latantur	laetantur	perseus--phi0692.phi003.perseus-lat1	replace
appvergculex	3	2	1492	vialae	violae	perseus--phi0692.phi003.perseus-lat1	replace
apuleius--apuleius.apol	1	4	93	o ccepit	occepit	perseus--phi1212.phi001.perseus-lat1	join
apuleius--apuleius.apol	1	9	129	r abulis	rabulis	perseus--phi1212.phi001.perseus-lat1	join
apuleius--apuleius.apol	3	3	49	Platonic a	Platonica	perseus--phi1212.phi001.perseus-lat1	join
apuleius--apuleius.apol	3	10	414	i magines	imagines	perseus--phi1212.phi001.perseus-lat1	join
apuleius--apuleius.apol	3	10	73	i maginem	imaginem	perseus--phi1212.phi001.perseus-lat1	join
apuleius--apuleius.apol	3	11	845	i maginis	imaginis	perseus--phi1212.phi001.perseus-lat1	join
apuleius--apuleius.apol	3	11	37	i maginibus	imaginibus	perseus--phi1212.phi001.perseus-lat1	join
apuleius--apuleius.apol	3	12	269	i maginem	imaginem	perseus--phi1212.phi001.perseus-lat1	join
apuleius--apuleius.apol	3	12	226	i maginibus	imaginibus	perseus--phi1212.phi001.perseus-lat1	join
apuleius--apuleius.apol	3	14	859	i maginentur	imaginentur	perseus--phi1212.phi001.perseus-lat1	join
apuleius--apuleius.apol	3	14	222	i magines	imagines	perseus--phi1212.phi001.perseus-lat1	join
apuleius--apuleius.apol	4	1	258	i magines	imagines	perseus--phi1212.phi001.perseus-lat1	join
apuleius--apuleius.apol	6	12	232	fals a	falsa	perseus--phi1212.phi001.perseus-lat1	join
apuleius--apuleius.apol	7	6	38	reuulsu s	reuulsus	perseus--phi1212.phi001.perseus-lat1	join
apuleius--apuleius.apol	7	28	303	ommutescat	commutescat	perseus--phi1212.phi001.perseus-lat1	replace
apuleius--apuleius.apol	8	5	228	s ecta	secta	perseus--phi1212.phi001.perseus-lat1	join
apuleius--apuleius.apol	8	9	454	genit um	genitum	perseus--phi1212.phi001.perseus-lat1	join
apuleius--apuleius.apol	9	1	309	s umme	summe	perseus--phi1212.phi001.perseus-lat1	join
apuleius--apuleius.apol	9	7	610	uelu t	uelut	perseus--phi1212.phi001.perseus-lat1	join
apuleius--apuleius.apol	9	11	87	a gros	agros	perseus--phi1212.phi001.perseus-lat1	join
apuleius--apuleius.apol	10	8	245	accesser e	accessere	perseus--phi1212.phi001.perseus-lat1	join
apuleius--apuleius.apol	10	13	162	spirit u	spiritu	perseus--phi1212.phi001.perseus-lat1	join
apuleius--apuleius.apol	11	1	249	uelu t	uelut	perseus--phi1212.phi001.perseus-lat1	join
apuleius--apuleius.apol	11	7	433	stultiti a	stultitia	perseus--phi1212.phi001.perseus-lat1	join
apuleius--apuleius.apol	13	10	235	larbarum	laruarum	perseus--phi1212.phi001.perseus-lat1	replace
apuleius--apuleius.apol	13	11	311	Ph aedro	Phaedro	perseus--phi1212.phi001.perseus-lat1	join
apuleius--apuleius.apol	13	11	216	st etit	stetit	perseus--phi1212.phi001.perseus-lat1	join
apuleius--apuleius.apol	14	10	54	e fficio	efficio	perseus--phi1212.phi001.perseus-lat1	join
apuleius--apuleius.apol	16	2	404	i maginarium	imaginarium	perseus--phi1212.phi001.perseus-lat1	join
apuleius--apuleius.apol	16	4	375	r eferat	referat	perseus--phi1212.phi001.perseus-lat1	join
apuleius--apuleius.apol	16	5	405	alumentum	adiumentum	perseus--phi1212.phi001.perseus-lat1	replace
apuleius--apuleius.apol	16	5	327	immobil i	immobili	perseus--phi1212.phi001.perseus-lat1	join
apuleius--apuleius.apol	16	8	71	excusabund a	excusabunda	perseus--phi1212.phi001.perseus-lat1	join
apuleius--apuleius.apol	17	16	107	robust um	robustum	perseus--phi1212.phi001.perseus-lat1	join
apuleius--apuleius.apol	19	3	515	acceperi s	acceperis	perseus--phi1212.phi001.perseus-lat1	join
apuleius--apuleius.apol	19	8	291	tempor is	temporis	perseus--phi1212.phi001.perseus-lat1	join
apuleius--apuleius.cupid	2	7	1487	proxumante	proximante	perseus--phi1212.phi002.perseus-lat1	replace
apuleius--apuleius.cupid	4	9	1186	formonse	formose	perseus--phi1212.phi002.perseus-lat1	replace
apuleius--apuleius.cupid	5	8	626	ʻtu	tu	perseus--phi1212.phi002.perseus-lat1	replace
apuleius--apuleius.cupid	8	1	850	crustallo	crystallo	perseus--phi1212.phi002.perseus-lat1	replace
apuleius--apuleius.cupid	8	5	570	formonsitate	formositate	perseus--phi1212.phi002.perseus-lat1	replace
apuleius--apuleius.cupid	9	2	32	formonsitas	formositas	perseus--phi1212.phi002.perseus-lat1	replace
apuleius--apuleius.florida	5	1	126	utramius	utramuis	perseus--phi1212.phi003.perseus-lat2	replace
apuleius--apuleius1	2	1	830	afflictim	efflictim	perseus--phi1212.phi002.perseus-lat1	replace
apuleius--apuleius1	3	2	247	exantlasti	exanclasti	perseus--phi1212.phi002.perseus-lat1	replace
apuleius--apuleius10	1	4	751	crebiter	crebriter	perseus--phi1212.phi002.perseus-lat1	replace
apuleius--apuleius10	2	4	691	dantum	dandum	perseus--phi1212.phi002.perseus-lat1	replace
apuleius--apuleius10	3	5	595	nutriverat	nutriveram	perseus--phi1212.phi002.perseus-lat1	replace
apuleius--apuleius10	3	6	110	forarem	foramen	perseus--phi1212.phi002.perseus-lat1	replace
apuleius--apuleius10	3	8	220	consola	consona	perseus--phi1212.phi002.perseus-lat1	replace
apuleius--apuleius10	3	9	1076	conivamque	conuivamque	perseus--phi1212.phi002.perseus-lat1	replace
apuleius--apuleius10	3	9	1036	affeceram	effeceram	perseus--phi1212.phi002.perseus-lat1	replace
apuleius--apuleius10	4	2	404	sorsus	seorsus	perseus--phi1212.phi002.perseus-lat1	replace
apuleius--apuleius10	4	4	297	strangula	stragula	perseus--phi1212.phi002.perseus-lat1	replace
apuleius--apuleius10	4	6	409	suscipet	susciperet	perseus--phi1212.phi002.perseus-lat1	replace
apuleius--apuleius10	4	6	233	ambroseo	ambrosio	perseus--phi1212.phi002.perseus-lat1	replace
apuleius--apuleius10	5	4	700	ostentationibus	obtestationibus	perseus--phi1212.phi002.perseus-lat1	replace
apuleius--apuleius10	5	7	501	praeta	prata	perseus--phi1212.phi002.perseus-lat1	replace
apuleius--apuleius10	5	8	764	subductu	subducto	perseus--phi1212.phi002.perseus-lat1	replace
apuleius--apuleius10	6	1	523	conas	comas	perseus--phi1212.phi002.perseus-lat1	replace
apuleius--apuleius10	6	7	442	scelerae	scelestae	perseus--phi1212.phi002.perseus-lat1	replace
apuleius--apuleius10	6	8	779	refovero	refoveo	perseus--phi1212.phi002.perseus-lat1	replace
apuleius--apuleius11	1	7	1117	semirutundo	semirotundo	perseus--phi1212.phi002.perseus-lat1	replace
apuleius--apuleius11	2	5	1208	rutundatum	rotundatum	perseus--phi1212.phi002.perseus-lat1	replace
apuleius--apuleius11	3	1	735	celerrume	celerrime	perseus--phi1212.phi002.perseus-lat1	replace
apuleius--apuleius2	5	3	851	obclusis	occlusis	perseus--phi1212.phi002.perseus-lat1	replace
apuleius--apuleius3	2	3	108	graculari	gratulari	perseus--phi1212.phi002.perseus-lat1	replace
apuleius--apuleius3	3	1	90	obcludam	occludam	perseus--phi1212.phi002.perseus-lat1	replace
apuleius--apuleius3	4	1	615	solliciter	sollicite	perseus--phi1212.phi002.perseus-lat1	replace
apuleius--apuleius4	1	3	162	fungentium	fulgentium	perseus--phi1212.phi002.perseus-lat1	replace
apuleius--apuleius4	1	7	691	mondum	modum	perseus--phi1212.phi002.perseus-lat1	replace
apuleius--apuleius4	2	6	86	proximan	proximam	perseus--phi1212.phi002.perseus-lat1	replace
apuleius--apuleius4	3	1	548	suptile	subtile	perseus--phi1212.phi002.perseus-lat1	replace
apuleius--apuleius4	4	8	975	crebiter	crebriter	perseus--phi1212.phi002.perseus-lat1	replace
apuleius--apuleius4	5	6	377	fraglantissimo	flagrantissimo	perseus--phi1212.phi002.perseus-lat1	replace
apuleius--apuleius4	5	10	118	soris	sortis	perseus--phi1212.phi002.perseus-lat1	replace
apuleius--apuleius4	6	1	117	scopulom	scopulum	perseus--phi1212.phi002.perseus-lat1	replace
apuleius--apuleius5	1	11	1082	proxumante	proximante	perseus--phi1212.phi002.perseus-lat1	replace
apuleius--apuleius5	1	12	171	heiulatibus	eiulatibus	perseus--phi1212.phi002.perseus-lat1	replace
apuleius--apuleius5	2	3	119	recolente	recolentem	perseus--phi1212.phi002.perseus-lat1	replace
apuleius--apuleius5	3	11	151	formonse	formose	perseus--phi1212.phi002.perseus-lat1	replace
apuleius--apuleius5	4	7	446	satem	saltem	perseus--phi1212.phi002.perseus-lat1	replace
apuleius--apuleius6	1	6	238	cuiscumque	cuiuscumque	perseus--phi1212.phi002.perseus-lat1	replace
apuleius--apuleius6	2	6	851	crustallo	crystallo	perseus--phi1212.phi002.perseus-lat1	replace
apuleius--apuleius6	3	1	569	formonsitate	formositate	perseus--phi1212.phi002.perseus-lat1	replace
apuleius--apuleius6	3	7	32	formonsitas	formositas	perseus--phi1212.phi002.perseus-lat1	replace
apuleius--apuleius7	1	10	525	partun	partus	perseus--phi1212.phi002.perseus-lat1	replace
apuleius--apuleius7	2	6	25	reperito	repetito	perseus--phi1212.phi002.perseus-lat1	replace
apuleius--apuleius7	2	11	229	imprecarer	imprecer	perseus--phi1212.phi002.perseus-lat1	replace
apuleius--apuleius7	3	10	166	scitura	scitula	perseus--phi1212.phi002.perseus-lat1	replace
apuleius--apuleius8	2	5	75	meius	meis	perseus--phi1212.phi002.perseus-lat1	replace
apuleius--apuleius8	2	6	144	inurgere	inurguere	perseus--phi1212.phi002.perseus-lat1	replace
apuleius--apuleius8	2	6	33	sobriefactum	sobriefactus	perseus--phi1212.phi002.perseus-lat1	replace
apuleius--apuleius8	3	3	993	spirato	stipato	perseus--phi1212.phi002.perseus-lat1	replace
apuleius--apuleius8	3	3	632	commeadum	commeandum	perseus--phi1212.phi002.perseus-lat1	replace
apuleius--apuleius8	4	8	290	stomida	tumida	perseus--phi1212.phi002.perseus-lat1	replace
apuleius--apuleius9	2	6	103	perperi	perpeti	perseus--phi1212.phi002.perseus-lat1	replace
apuleius--apuleius9	2	7	854	luminanti	luminati	perseus--phi1212.phi002.perseus-lat1	replace
apuleius--apuleius9	2	7	227	reflectione	refectione	perseus--phi1212.phi002.perseus-lat1	replace
apuleius--apuleius9	4	4	371	libertaten	libertatem	perseus--phi1212.phi002.perseus-lat1	replace
apuleius--apuleius9	4	7	78	optundere	obtundere	perseus--phi1212.phi002.perseus-lat1	replace
apuleius--apuleius9	5	6	301	cevice	cervice	perseus--phi1212.phi002.perseus-lat1	replace
apuleius--apuleius9	6	3	1424	compercunt	compescunt	perseus--phi1212.phi002.perseus-lat1	replace
apuleius--apuleius9	7	1	556	maniculos	manipulos	perseus--phi1212.phi002.perseus-lat1	replace
augustine--reg	2	3	173	induimini	induamini	perseus--stoa0040.stoa011.perseus-lat2	replace
aus.mos	1	2	4085	exercei	exerces	perseus--stoa0045.stoa019.perseus-lat2	replace
aus.mos	2	1	1220	Indueant	Inducant	perseus--stoa0045.stoa019.perseus-lat2	replace
aus.mos	2	1	1157	lubriea	lubrica	perseus--stoa0045.stoa019.perseus-lat2	replace
aus.mos	2	1	1014	deereseere	decrescere	perseus--stoa0045.stoa019.perseus-lat2	replace
aus.mos	3	1	4557	noetua	noctua	perseus--stoa0045.stoa019.perseus-lat2	replace
aus.mos	3	1	635	irnagine	imagine	perseus--stoa0045.stoa019.perseus-lat2	replace
aus.mos	4	1	1229	marmote	marmore	perseus--stoa0045.stoa019.perseus-lat2	replace
aus.mos	4	2	1127	Rhodanns	Rhodanus	perseus--stoa0045.stoa019.perseus-lat2	replace
bede--bede4	3	5	1115	Magéo	Mago	perseus--stoa0054.stoa006.perseus-lat1	replace
caesar--alex	2	2	717	epihatis	epibatis	perseus--phi0428.phi001.perseus-lat1	replace
caesar--alex	3	3	135	maloribus	maioribus	perseus--phi0428.phi001.perseus-lat1	replace
caesar--alex	3	7	366	legionurn	legionum	perseus--phi0428.phi001.perseus-lat1	replace
caesar--alex	3	7	163	proelils	proeliis	perseus--phi0428.phi001.perseus-lat1	replace
caesar--alex	3	7	138	hostiurn	hostium	perseus--phi0428.phi001.perseus-lat1	replace
caesar--alex	4	2	342	Caerari	Caesari	perseus--phi0428.phi001.perseus-lat1	replace
caesar--alex	7	3	867	pefforatae	perforatae	perseus--phi0428.phi001.perseus-lat1	replace
caesar--alex	7	4	178	prcelio	proelio	perseus--phi0428.phi001.perseus-lat1	replace
caesar--alex	8	5	488	pecunam	pecuniam	perseus--phi0428.phi001.perseus-lat1	replace
caesar--alex	8	6	840	potesate	potestate	perseus--phi0428.phi001.perseus-lat1	replace
caesar--alex	9	2	79	nultisque	multisque	perseus--phi0428.phi001.perseus-lat1	replace
caesar--alex	10	5	310	ignoscre	ignoscere	perseus--phi0428.phi001.perseus-lat1	replace
caesar--alex	10	6	294	revocar	revocari	perseus--phi0428.phi001.perseus-lat1	replace
caesar--bc1	2	5	642	cohortibua	cohortibus	perseus--phi0448.phi002.perseus-lat3	replace
caesar--bc1	2	7	521	suisVarus	suis Varus	perseus--phi0448.phi002.perseus-lat3	split
caesar--bc1	9	3	569	Sasa	Saxa	perseus--phi0448.phi002.perseus-lat3	replace
caesar--bc2	1	4	794	Massilensium	Massiliensium	perseus--phi0448.phi002.perseus-lat3	replace
caesar--bc2	1	5	247	superarissent	superauissent	perseus--phi0448.phi002.perseus-lat3	replace
caesar--bc2	1	6	124	aeceperant	acceperant	perseus--phi0448.phi002.perseus-lat3	replace
caesar--bc2	3	3	770	fumentariae	frumentariae	perseus--phi0448.phi002.perseus-lat3	replace
caesar--bc2	3	5	757	cobortibus	cohortibus	perseus--phi0448.phi002.perseus-lat3	replace
caesar--bc3	8	1	82	auxillo	auxilio	perseus--phi0448.phi002.perseus-lat3	replace
caesar--bc3	8	1	55	catris	castris	perseus--phi0448.phi002.perseus-lat3	replace
caesar--bc3	8	7	1106	Caeaarem	Caesarem	perseus--phi0448.phi002.perseus-lat3	replace
caesar--bellafr	5	3	902	numquae	num quae	perseus--phi0426.phi001.perseus-lat1	split
caesar--bellafr	10	3	44	solli citabatur	sollicitabatur	perseus--phi0426.phi001.perseus-lat1	join
caesar--bellafr	10	5	601	plostris	plaustris	perseus--phi0426.phi001.perseus-lat1	replace
caesar--bellafr	13	8	351	duodetricensimo	duodetricesimo	perseus--phi0426.phi001.perseus-lat1	replace
caesar--gall1	6	2	332	Rhemum	Rhenum	perseus--phi0448.phi001.perseus-lat2	replace
caesar--gall2	1	4	120	Belgos	Belgas	perseus--phi0448.phi001.perseus-lat2	replace
caesar--gall3	1	7	242	cognoseere	cognoscere	perseus--phi0448.phi001.perseus-lat2	replace
caesar--gall4	2	7	60	decrevat	decreverat	perseus--phi0448.phi001.perseus-lat2	replace
caesar--gall4	4	1	260	vadii	vadis	perseus--phi0448.phi001.perseus-lat2	replace
caesar--gall5	3	7	300	oppugent	oppugnent	perseus--phi0448.phi001.perseus-lat2	replace
caesar--gall7	6	6	197	fatrumque	fratrumque	perseus--phi0448.phi001.perseus-lat2	replace
caesar--gall7	9	5	673	adorirantur	adorirentur	perseus--phi0448.phi001.perseus-lat2	replace
caesar--gall7	12	6	508	praesidus	praesidiis	perseus--phi0448.phi001.perseus-lat2	replace
caesar--gall8	2	4	631	aedificius	aedificiis	perseus--phi0448.phi001.perseus-lat2	replace
caesar--hisp	1	2	202	Pompelo	Pompeio	perseus--phi0430.phi001.perseus-lat1	replace
caesar--hisp	1	4	752	coplis	copiis	perseus--phi0430.phi001.perseus-lat1	replace
caesar--hisp	1	4	74	deducercet	deduceret	perseus--phi0430.phi001.perseus-lat1	replace
caesar--hisp	1	5	59	altitudincem	altitudinem	perseus--phi0430.phi001.perseus-lat1	replace
caesar--hisp	1	6	397	oppugnace	oppugnare	perseus--phi0430.phi001.perseus-lat1	replace
caesar--hisp	3	1	711	nocta	nocte	perseus--phi0430.phi001.perseus-lat1	replace
caesar--hisp	5	2	714	efferen tes	efferentes	perseus--phi0430.phi001.perseus-lat1	join
cato--cato.agri	2	4	100	erito	erit	perseus--stoa0079.stoa001.perseus-lat1	replace
cato--cato.agri	2	7	1548	fabrarium	fabarium	perseus--stoa0079.stoa001.perseus-lat1	replace
cato--cato.agri	3	5	434	bipedis	bipedalis	perseus--stoa0079.stoa001.perseus-lat1	replace
cato--cato.agri	4	6	242	praeligneum	praeliganeum	perseus--stoa0079.stoa001.perseus-lat1	replace
cato--cato.agri	5	3	279	dacinata	deacinata	perseus--stoa0079.stoa001.perseus-lat1	replace
cato--cato.agri	5	10	1305	Viminae	Vimina	perseus--stoa0079.stoa001.perseus-lat1	replace
cato--cato.agri	5	10	293	sementiam	sementim	perseus--stoa0079.stoa001.perseus-lat1	replace
cato--cato.agri	5	10	71	fluxuosa	flexuosa	perseus--stoa0079.stoa001.perseus-lat1	replace
cato--cato.agri	5	11	187	rubicosus	rubricosus	perseus--stoa0079.stoa001.perseus-lat1	replace
cato--cato.agri	5	14	188	vellentur	velluntur	perseus--stoa0079.stoa001.perseus-lat1	replace
cato--cato.agri	6	3	141	ustioni	usioni	perseus--stoa0079.stoa001.perseus-lat1	replace
cato--cato.agri	6	3	92	carboreas	carbones	perseus--stoa0079.stoa001.perseus-lat1	replace
cato--cato.agri	6	6	70	vitariis	vitiariis	perseus--stoa0079.stoa001.perseus-lat1	replace
cato--cato.agri	6	7	558	suculos	surculos	perseus--stoa0079.stoa001.perseus-lat1	replace
cato--cato.agri	6	8	88	scalptro	scalpro	perseus--stoa0079.stoa001.perseus-lat1	replace
cato--cato.agri	6	10	283	stripesque	stirpesque	perseus--stoa0079.stoa001.perseus-lat1	replace
cato--cato.agri	7	12	360	gongios	congios	perseus--stoa0079.stoa001.perseus-lat1	replace
cato--cato.agri	7	13	266	unicuique	uni cuique	perseus--stoa0079.stoa001.perseus-lat1	split
cato--cato.agri	7	13	244	unicuique	uni cuique	perseus--stoa0079.stoa001.perseus-lat1	split
cato--cato.agri	10	10	494	etero	cetero	perseus--stoa0079.stoa001.perseus-lat1	replace
cato--cato.agri	10	11	468	pepurgabit	perpurgabit	perseus--stoa0079.stoa001.perseus-lat1	replace
cato--cato.agri	10	15	197	orcuam	orculam	perseus--stoa0079.stoa001.perseus-lat1	replace
cato--cato.agri	11	8	617	trasserito	transserito	perseus--stoa0079.stoa001.perseus-lat1	replace
cato--cato.agri	11	9	583	meaemactus	meae mactus	perseus--stoa0079.stoa001.perseus-lat1	split
cato--cato.agri	11	13	112	divicat	dividat	perseus--stoa0079.stoa001.perseus-lat1	replace
cato--cato.agri	12	13	9	dueneque	beneque	perseus--stoa0079.stoa001.perseus-lat1	replace
cato--cato.agri	12	36	638	oledum	oleum	perseus--stoa0079.stoa001.perseus-lat1	replace
cato--cato.agri	13	1	693	deligarit	delegarit	perseus--stoa0079.stoa001.perseus-lat1	replace
cato--cato.agri	13	7	483	sonstat	constat	perseus--stoa0079.stoa001.perseus-lat1	replace
catullus	5	39	1770	conuolsus	conuulsus	perseus--phi0472.phi001.perseus-lat2	replace
catullus	6	1	2675	gyminasiis	gymnasiis	perseus--phi0472.phi001.perseus-lat2	replace
catullus	6	1	175	deuolsit	deuoluit	perseus--phi0472.phi001.perseus-lat2	replace
catullus	8	1	1116	iniacta	iniecta	perseus--phi0472.phi001.perseus-lat2	replace
catullus	8	1	620	aereii	aerii	perseus--phi0472.phi001.perseus-lat2	replace
catullus	11	8	110	uestrem	uestrum	perseus--phi0472.phi001.perseus-lat2	replace
catullus	12	18	150	palladior	pallidior	perseus--phi0472.phi001.perseus-lat2	replace
catullus	12	36	70	aruspicium	haruspicium	perseus--phi0472.phi001.perseus-lat2	replace
cicero--acad	1	4	430	manihus	manibus	perseus--phi0474.phi045.perseus-lat2	replace
cicero--acad	1	6	1074	qune	quae	perseus--phi0474.phi045.perseus-lat2	replace
cicero--acad	1	6	205	philosophium	philosophiam	perseus--phi0474.phi045.perseus-lat2	replace
cicero--acad	1	9	665	antiquatatum	antiquitatum	perseus--phi0474.phi045.perseus-lat2	replace
cicero--acad	1	10	624	edocendorum	edocendum	perseus--phi0474.phi045.perseus-lat2	replace
cicero--acad	1	10	602	impellandum	impellendum	perseus--phi0474.phi045.perseus-lat2	replace
cicero--acad	1	11	600	nilil	nihil	perseus--phi0474.phi045.perseus-lat2	replace
cicero--acad	1	11	426	honestissmam	honestissimam	perseus--phi0474.phi045.perseus-lat2	replace
cicero--acad	2	4	244	fillum	filium	perseus--phi0474.phi045.perseus-lat2	replace
cicero--acad	2	5	149	prnestabat	praestabat	perseus--phi0474.phi045.perseus-lat2	replace
cicero--acad	2	6	870	expetentiarum	expetendarum	perseus--phi0474.phi045.perseus-lat2	replace
cicero--acad	2	6	728	dicibant	dicebant	perseus--phi0474.phi045.perseus-lat2	replace
cicero--acad	2	10	473	vitue	vitae	perseus--phi0474.phi045.perseus-lat2	replace
cicero--acad	2	11	335	potilisse	potuisse	perseus--phi0474.phi045.perseus-lat2	replace
cicero--acad	3	2	684	qasi	quasi	perseus--phi0474.phi045.perseus-lat2	replace
cicero--acad	3	2	565	Gracco	Graeco	perseus--phi0474.phi045.perseus-lat2	replace
cicero--acad	3	6	105	Quamqunm	Quamquam	perseus--phi0474.phi045.perseus-lat2	replace
cicero--acad	3	6	37	qune	quae	perseus--phi0474.phi045.perseus-lat2	replace
cicero--acad	3	7	60	percipcre	percipere	perseus--phi0474.phi045.perseus-lat2	replace
cicero--acad	3	8	598	persuadendam	persuadendum	perseus--phi0474.phi045.perseus-lat2	replace
cicero--acad	3	9	206	pracclare	praeclare	perseus--phi0474.phi045.perseus-lat2	replace
cicero--acad	3	10	191	snavis	suavis	perseus--phi0474.phi045.perseus-lat2	replace
cicero--acad	3	11	349	auctoritatemquc	auctoritatemque	perseus--phi0474.phi045.perseus-lat2	replace
cicero--acad	3	12	60	clissereret	dissereret	perseus--phi0474.phi045.perseus-lat2	replace
cicero--acad	3	15	251	officim	officium	perseus--phi0474.phi045.perseus-lat2	replace
cicero--acad	4	1	129	rollocarent	collocarent	perseus--phi0474.phi045.perseus-lat2	replace
cicero--acad	4	1	26	antiquti	antiqui	perseus--phi0474.phi045.perseus-lat2	replace
cicero--acad	4	3	379	animomorum	animorum	perseus--phi0474.phi045.perseus-lat2	replace
cicero--acad	4	5	661	susppcionem	suspicionem	perseus--phi0474.phi045.perseus-lat2	replace
cicero--acad	4	7	255	diciplinam	disciplinam	perseus--phi0474.phi045.perseus-lat2	replace
cicero--acad	4	9	559	tellebris	tenebris	perseus--phi0474.phi045.perseus-lat2	replace
cicero--acad	4	10	786	sustinerctur	sustineretur	perseus--phi0474.phi045.perseus-lat2	replace
cicero--acad	4	31	227	aapientis	sapientis	perseus--phi0474.phi045.perseus-lat2	replace
cicero--acad	4	31	137	asseneus	assensus	perseus--phi0474.phi045.perseus-lat2	replace
cicero--acad	5	1	1009	temulenlorum	temulentorum	perseus--phi0474.phi045.perseus-lat2	replace
cicero--acad	5	1	58	sapinentis	sapientes	perseus--phi0474.phi045.perseus-lat2	replace
cicero--amic	6	4	232	calamitatuam	calamitatum	perseus--phi0474.phi052.perseus-lat2	replace
cicero--arch	1	6	254	Neopolitani	Neapolitani	perseus--phi0474.phi016.perseus-lat2	replace
cicero--arch	2	1	844	retardit	retardarit	perseus--phi0474.phi016.perseus-lat2	replace
cicero--arch	2	3	775	cognitatione	cogitatione	perseus--phi0474.phi016.perseus-lat2	replace
cicero--arch	2	8	624	repudiabimus	repudiamus	perseus--phi0474.phi016.perseus-lat2	replace
cicero--arch	2	8	148	repondent	respondent	perseus--phi0474.phi016.perseus-lat2	replace
cicero--att1	1	4	1387	eandidatus	candidatus	perseus--phi0474.phi057.perseus-lat1	replace
cicero--att1	2	17	299	oftensum	offensum	perseus--phi0474.phi057.perseus-lat1	replace
cicero--att1	2	18	399	des pondeas	despondeas	perseus--phi0474.phi057.perseus-lat1	join
cicero--att1	6	1	283	histrionii	histrionis	perseus--phi0474.phi057.perseus-lat1	replace
cicero--att1	6	4	2438	mitigabulltur	mitigabuntur	perseus--phi0474.phi057.perseus-lat1	replace
cicero--att1	6	5	530	antcpono	antepono	perseus--phi0474.phi057.perseus-lat1	replace
cicero--att1	6	6	622	suarm	suam	perseus--phi0474.phi057.perseus-lat1	replace
cicero--att1	8	1	461	Faccus	Flaccus	perseus--phi0474.phi057.perseus-lat1	replace
cicero--att1	8	4	147	auctioritate	auctoritate	perseus--phi0474.phi057.perseus-lat1	replace
cicero--att1	8	4	62	possmus	possumus	perseus--phi0474.phi057.perseus-lat1	replace
cicero--att1	8	6	318	litterne	litterae	perseus--phi0474.phi057.perseus-lat1	replace
cicero--att12	5	16	41	Jocutus	Locutus	perseus--phi0474.phi057.perseus-lat1	replace
cicero--att14	6	19	874	utivis	ubivis	perseus--phi0474.phi057.perseus-lat1	replace
cicero--att15	4	2	319	Servflia	Servilia	perseus--phi0474.phi057.perseus-lat1	replace
cicero--att15	4	12	96	obsignabitun	obsignabitur	perseus--phi0474.phi057.perseus-lat1	replace
cicero--att2	5	12	388	argitionem	largitionem	perseus--phi0474.phi057.perseus-lat1	replace
cicero--att3	3	7	318	commembrare	commemorare	perseus--phi0474.phi057.perseus-lat1	replace
cicero--att4	3	4	1367	Usinum	Asinum	perseus--phi0474.phi057.perseus-lat1	replace
cicero--att5	1	18	503	qutd	quid	perseus--phi0474.phi057.perseus-lat1	replace
cicero--att7	4	11	1103	interdudendus	intercludendus	perseus--phi0474.phi057.perseus-lat1	replace
cicero--att8	5	3	14	Formano	Formiano	perseus--phi0474.phi057.perseus-lat1	replace
cicero--balbo	7	3	839	acrimis	lacrimis	perseus--phi0474.phi026.perseus-lat2	replace
cicero--brut	2	7	328	difficillumam	difficillimam	perseus--phi0474.phi039.perseus-lat2	replace
cicero--brut	2	13	122	uberrumis	uberrimis	perseus--phi0474.phi039.perseus-lat2	replace
cicero--brut	4	3	98	divi dundo	dividundo	perseus--phi0474.phi039.perseus-lat2	join
cicero--brut	10	12	759	fuiss et	fuisset	perseus--phi0474.phi039.perseus-lat2	join
cicero--brut	10	16	254	popul ariter	populariter	perseus--phi0474.phi039.perseus-lat2	join
cicero--brut	10	18	249	fuiss e	fuisse	perseus--phi0474.phi039.perseus-lat2	join
cicero--brut	11	3	256	pra efectus	praefectus	perseus--phi0474.phi039.perseus-lat2	join
cicero--brut	11	12	255	nume raverim	numeraverim	perseus--phi0474.phi039.perseus-lat2	join
cicero--brut	12	8	254	dicer et	diceret	perseus--phi0474.phi039.perseus-lat2	join
cicero--brut	12	9	255	inte llegam	intellegam	perseus--phi0474.phi039.perseus-lat2	join
cicero--brut	12	10	256	pig endum	pigendum	perseus--phi0474.phi039.perseus-lat2	join
cicero--brut	12	20	258	m odum	modum	perseus--phi0474.phi039.perseus-lat2	join
cicero--brut	12	22	514	c aptionis	captionis	perseus--phi0474.phi039.perseus-lat2	join
cicero--brut	13	1	450	videreur	videretur	perseus--phi0474.phi039.perseus-lat2	replace
cicero--brut	13	3	512	al iquo	aliquo	perseus--phi0474.phi039.perseus-lat2	join
cicero--brut	13	5	257	im becillitatem	imbecillitatem	perseus--phi0474.phi039.perseus-lat2	join
cicero--brut	13	11	511	fast idiosior	fastidiosior	perseus--phi0474.phi039.perseus-lat2	join
cicero--brut	13	11	255	adnu merabatur	adnumerabatur	perseus--phi0474.phi039.perseus-lat2	join
cicero--brut	14	8	257	Su lpicio	Sulpicio	perseus--phi0474.phi039.perseus-lat2	join
cicero--brut	14	10	511	pero ravissem	peroravissem	perseus--phi0474.phi039.perseus-lat2	join
cicero--brut	14	14	258	c eleritatem	celeritatem	perseus--phi0474.phi039.perseus-lat2	join
cicero--brut	14	16	128	avonculum	avunculum	perseus--phi0474.phi039.perseus-lat2	replace
cicero--brut	15	2	507	occider at	occiderat	perseus--phi0474.phi039.perseus-lat2	join
cicero--brut	15	16	507	ve rborum	verborum	perseus--phi0474.phi039.perseus-lat2	join
cicero--brut	15	17	246	exclamationib us	exclamationibus	perseus--phi0474.phi039.perseus-lat2	join
cicero--brut	15	20	257	in ers	iners	perseus--phi0474.phi039.perseus-lat2	join
cicero--brut	16	2	258	i psius	ipsius	perseus--phi0474.phi039.perseus-lat2	join
cicero--brut	16	10	512	co gnoscendis	cognoscendis	perseus--phi0474.phi039.perseus-lat2	join
cicero--brut	16	11	512	imm inuit	imminuit	perseus--phi0474.phi039.perseus-lat2	join
cicero--brut	18	2	49	Pu blius	Publius	perseus--phi0474.phi039.perseus-lat2	join
cicero--brut	18	6	258	r espondi	respondi	perseus--phi0474.phi039.perseus-lat2	join
cicero--brut	19	8	548	dissimillumi	dissimillimi	perseus--phi0474.phi039.perseus-lat2	replace
cicero--brut	21	7	509	conte ntione	contentione	perseus--phi0474.phi039.perseus-lat2	join
cicero--brut	22	3	214	simillumas	simillimas	perseus--phi0474.phi039.perseus-lat2	replace
cicero--brut	22	13	370	uberrumis	uberrimis	perseus--phi0474.phi039.perseus-lat2	replace
cicero--cael	1	7	117	dimanavit	demanavit	perseus--phi0474.phi024.perseus-lat2	replace
cicero--cael	2	1	588	contrarus	contrariis	perseus--phi0474.phi024.perseus-lat2	replace
cicero--cael	3	1	103	Nea politanis	Neapolitanis	perseus--phi0474.phi024.perseus-lat2	join
cicero--cael	5	6	396	nihihne	nihilne	perseus--phi0474.phi024.perseus-lat2	replace
cicero--cael	8	1	251	instituimur	instruimur	perseus--phi0474.phi024.perseus-lat2	replace
cicero--cat1	1	3	18	amplissumus	amplissimus	perseus--phi0474.phi013.perseus-lat2	replace
cicero--cat3	1	4	594	timuenda	timenda	perseus--phi0474.phi013.perseus-lat2	replace
cicero--cat3	2	3	224	ob stupuerant	obstupuerant	perseus--phi0474.phi013.perseus-lat2	join
cicero--cat4	2	3	543	acerbissumum	acerbissimum	perseus--phi0474.phi013.perseus-lat2	replace
cicero--cat4	2	3	117	Glabinium	Gabinium	perseus--phi0474.phi013.perseus-lat2	replace
cicero--cat4	2	5	217	transigunda	transigenda	perseus--phi0474.phi013.perseus-lat2	replace
cicero--cat4	2	6	724	defendundae	defendendae	perseus--phi0474.phi013.perseus-lat2	replace
cicero--cluentio	1	2	1211	crimibus	criminibus	perseus--phi0474.phi010.perseus-lat2	replace
cicero--cluentio	1	2	1171	oporter	oportere	perseus--phi0474.phi010.perseus-lat2	replace
cicero--cluentio	2	3	928	reticeri	reticere	perseus--phi0474.phi010.perseus-lat2	replace
cicero--cluentio	3	3	1688	delinitam	delenitam	perseus--phi0474.phi010.perseus-lat2	replace
cicero--cluentio	3	6	1201	pulicae	publicae	perseus--phi0474.phi010.perseus-lat2	replace
cicero--cluentio	5	1	1499	ventua	ventura	perseus--phi0474.phi010.perseus-lat2	replace
cicero--cluentio	6	1	193	puganvi	pugnavi	perseus--phi0474.phi010.perseus-lat2	replace
cicero--cluentio	6	3	645	defensioribus	defensoribus	perseus--phi0474.phi010.perseus-lat2	replace
cicero--cluentio	7	5	1466	reddundam	reddendam	perseus--phi0474.phi010.perseus-lat2	replace
cicero--cluentio	7	5	544	iudicales	iudicialis	perseus--phi0474.phi010.perseus-lat2	replace
cicero--cluentio	14	3	659	praetereundem	praetereundum	perseus--phi0474.phi010.perseus-lat2	replace
cicero--cluentio	15	3	1456	reptundis	repetundis	perseus--phi0474.phi010.perseus-lat2	replace
cicero--cluentio	16	2	1396	prosciptionis	proscriptionis	perseus--phi0474.phi010.perseus-lat2	replace
cicero--cluentio	20	1	15	triennum	triennium	perseus--phi0474.phi010.perseus-lat2	replace
cicero--cluentio	21	1	995	labefactere	labefactare	perseus--phi0474.phi010.perseus-lat2	replace
cicero--deio	1	9	597	proelus	proeliis	perseus--phi0474.phi034.perseus-lat2	replace
cicero--deio	2	3	49	suspitiose	suspiciose	perseus--phi0474.phi034.perseus-lat2	replace
cicero--deio	2	6	227	homiuis	hominis	perseus--phi0474.phi034.perseus-lat2	replace
cicero--deio	3	1	167	suppliciu	supplici	perseus--phi0474.phi034.perseus-lat2	replace
cicero--deio	3	4	119	deponendorum	ponendorum	perseus--phi0474.phi034.perseus-lat2	replace
cicero--deio	3	5	850	aulla	nulla	perseus--phi0474.phi034.perseus-lat2	replace
cicero--deio	3	9	630	praeterrnissus	praetermissus	perseus--phi0474.phi034.perseus-lat2	replace
cicero--deio	4	1	466	monimentisque	monumentisque	perseus--phi0474.phi034.perseus-lat2	replace
cicero--deio	4	3	28	Deiotnri	Deiotari	perseus--phi0474.phi034.perseus-lat2	replace
cicero--deio	4	4	345	denegavisti	denegasti	perseus--phi0474.phi034.perseus-lat2	replace
cicero--divinatione1	1	4	700	plurumisque	plurimisque	perseus--phi0474.phi053.perseus-lat2	replace
cicero--divinatione1	2	5	119	guttere	gutture	perseus--phi0474.phi053.perseus-lat2	replace
cicero--divinatione1	2	6	38	ementientia	mentientia	perseus--phi0474.phi053.perseus-lat2	replace
cicero--divinatione1	2	9	74	aÎre	are	perseus--phi0474.phi053.perseus-lat2	replace
cicero--divinatione1	2	12	48	fioreat	floreat	perseus--phi0474.phi053.perseus-lat2	replace
cicero--divinatione1	2	19	455	fiammis	flammis	perseus--phi0474.phi053.perseus-lat2	replace
cicero--divinatione1	4	1	356	defiagravisset	deflagravisset	perseus--phi0474.phi053.perseus-lat2	replace
cicero--divinatione1	4	3	1055	oraclorum	oraculorum	perseus--phi0474.phi053.perseus-lat2	replace
cicero--divinatione1	4	3	669	Atheniensibu	Atheniensibus	perseus--phi0474.phi053.perseus-lat2	replace
cicero--divinatione1	4	4	107	configendis	colligendis	perseus--phi0474.phi053.perseus-lat2	replace
cicero--divinatione1	5	9	455	esso	esse	perseus--phi0474.phi053.perseus-lat2	replace
cicero--divinatione1	6	3	34	creberrume	creberrime	perseus--phi0474.phi053.perseus-lat2	replace
cicero--divinatione1	6	5	1024	eneeta	enecta	perseus--phi0474.phi053.perseus-lat2	replace
cicero--divinatione1	7	1	504	infiationem	inflationem	perseus--phi0474.phi053.perseus-lat2	replace
cicero--divinatione1	7	5	26	praesagatio	praesagitio	perseus--phi0474.phi053.perseus-lat2	replace
cicero--divinatione1	7	13	1352	babuit	habuit	perseus--phi0474.phi053.perseus-lat2	replace
cicero--divinatione1	7	13	291	posata	posita	perseus--phi0474.phi053.perseus-lat2	replace
cicero--divinatione1	8	1	590	siliere	silere	perseus--phi0474.phi053.perseus-lat2	replace
cicero--divinatione1	8	2	1245	desiderint	desederint	perseus--phi0474.phi053.perseus-lat2	replace
cicero--divinatione1	9	1	322	sapientissumi	sapientissimi	perseus--phi0474.phi053.perseus-lat2	replace
cicero--divinatione1	9	1	297	phdosophi	philosophi	perseus--phi0474.phi053.perseus-lat2	replace
cicero--divinatione1	9	4	191	bonoravit	honoravit	perseus--phi0474.phi053.perseus-lat2	replace
cicero--divinatione1	9	5	803	lamidarum	iamidarum	perseus--phi0474.phi053.perseus-lat2	replace
cicero--divinatione1	9	6	1249	fecundidatem	fecunditatem	perseus--phi0474.phi053.perseus-lat2	replace
cicero--divinatione1	9	6	653	exercitatissumi	exercitatissimi	perseus--phi0474.phi053.perseus-lat2	replace
cicero--divinatione1	10	6	876	disertare	disertam	perseus--phi0474.phi053.perseus-lat2	replace
cicero--divinatione1	10	6	80	atrocinium	patrocinium	perseus--phi0474.phi053.perseus-lat2	replace
cicero--divinatione1	11	2	326	veduti	veluti	perseus--phi0474.phi053.perseus-lat2	replace
cicero--divinatione1	11	3	1427	esercitati	exercitati	perseus--phi0474.phi053.perseus-lat2	replace
cicero--divinatione1	11	4	996	somniisl	somniis	perseus--phi0474.phi053.perseus-lat2	replace
cicero--divinatione1	11	5	93	infiammati	inflammati	perseus--phi0474.phi053.perseus-lat2	replace
cicero--divinatione1	11	11	492	confectionis	consectionis	perseus--phi0474.phi053.perseus-lat2	replace
cicero--divinatione1	11	11	417	hearum	earum	perseus--phi0474.phi053.perseus-lat2	replace
cicero--divinatione1	11	11	395	bumano	humano	perseus--phi0474.phi053.perseus-lat2	replace
cicero--divinatione1	11	11	190	poÎtarum	poetarum	perseus--phi0474.phi053.perseus-lat2	replace
cicero--divinatione1	11	12	110	esplorata	explorata	perseus--phi0474.phi053.perseus-lat2	replace
cicero--divinatione1	12	1	1533	irnmortalibus	immortalibus	perseus--phi0474.phi053.perseus-lat2	replace
cicero--divinatione1	12	2	320	contrabit	contrahit	perseus--phi0474.phi053.perseus-lat2	replace
cicero--divinatione1	13	2	802	accepirnus	accepimus	perseus--phi0474.phi053.perseus-lat2	replace
cicero--divinatione1	13	6	208	babui	habui	perseus--phi0474.phi053.perseus-lat2	replace
cicero--divinatione2	1	4	835	previsione	provisione	perseus--phi0474.phi053.perseus-lat2	replace
cicero--divinatione2	2	5	1595	stelliarum	stellarum	perseus--phi0474.phi053.perseus-lat2	replace
cicero--divinatione2	2	7	646	solistumum	solistimum	perseus--phi0474.phi053.perseus-lat2	replace
cicero--divinatione2	3	1	928	sirnulacrum	simulacrum	perseus--phi0474.phi053.perseus-lat2	replace
cicero--divinatione2	3	2	58	procuratisi	procuratis	perseus--phi0474.phi053.perseus-lat2	replace
cicero--divinatione2	4	1	936	conchylus	conchyliis	perseus--phi0474.phi053.perseus-lat2	replace
cicero--divinatione2	4	4	1419	constata	constat	perseus--phi0474.phi053.perseus-lat2	replace
cicero--divinatione2	4	5	481	significai	significat	perseus--phi0474.phi053.perseus-lat2	replace
cicero--divinatione2	4	5	351	babemus	habemus	perseus--phi0474.phi053.perseus-lat2	replace
cicero--divinatione2	5	4	433	difendere	defendere	perseus--phi0474.phi053.perseus-lat2	replace
cicero--divinatione2	5	4	64	attrice	altrice	perseus--phi0474.phi053.perseus-lat2	replace
cicero--divinatione2	6	2	1296	silientio	silentio	perseus--phi0474.phi053.perseus-lat2	replace
cicero--divinatione2	7	4	344	facillumus	facillimus	perseus--phi0474.phi053.perseus-lat2	replace
cicero--divinatione2	7	6	133	argomento	argumento	perseus--phi0474.phi053.perseus-lat2	replace
cicero--divinatione2	8	2	402	difendere	defendere	perseus--phi0474.phi053.perseus-lat2	replace
cicero--divinatione2	9	1	1546	aŒr	aer	perseus--phi0474.phi053.perseus-lat2	replace
cicero--divinatione2	9	3	734	dissirnilitudo	dissimilitudo	perseus--phi0474.phi053.perseus-lat2	replace
cicero--divinatione2	12	2	1165	esplicare	explicare	perseus--phi0474.phi053.perseus-lat2	replace
cicero--divinatione2	13	5	97	sviscerata	eviscerata	perseus--phi0474.phi053.perseus-lat2	replace
cicero--fam1	4	3	2535	negligetur	neglegetur	perseus--phi0474.phi056.perseus-lat1	replace
cicero--fam1	6	1	5134	recuperassent	reciperassent	perseus--phi0474.phi056.perseus-lat1	replace
cicero--fam1	8	2	133	erupt	erunt	perseus--phi0474.phi056.perseus-lat1	replace
cicero--fam10	1	10	422	erge	erga	perseus--phi0474.phi056.perseus-lat1	replace
cicero--fam10	3	1	1540	alliciendae	eliciendae	perseus--phi0474.phi056.perseus-lat1	replace
cicero--fam10	4	3	2268	intercessorum	intercessorem	perseus--phi0474.phi056.perseus-lat1	replace
cicero--fam10	5	1	227	reconcilataque	reconciliataque	perseus--phi0474.phi056.perseus-lat1	replace
cicero--fam10	6	5	442	reconcilaremque	reconciliaremque	perseus--phi0474.phi056.perseus-lat1	replace
cicero--fam10	7	3	3924	propieque	proprieque	perseus--phi0474.phi056.perseus-lat1	replace
cicero--fam10	7	3	434	eitiam	etiam	perseus--phi0474.phi056.perseus-lat1	replace
cicero--fam10	8	1	1213	splendiorem	splendidiorem	perseus--phi0474.phi056.perseus-lat1	replace
cicero--fam10	8	3	363	iucudissimis	iucundissimis	perseus--phi0474.phi056.perseus-lat1	replace
cicero--fam10	10	1	2194	upote	utpote	perseus--phi0474.phi056.perseus-lat1	replace
cicero--fam10	10	1	1187	auctorari	auctorare	perseus--phi0474.phi056.perseus-lat1	replace
cicero--fam10	10	3	2061	Pansiam	Pansam	perseus--phi0474.phi056.perseus-lat1	replace
cicero--fam10	11	4	747	reationem	rationem	perseus--phi0474.phi056.perseus-lat1	replace
cicero--fam11	1	6	496	fecermius	fecerimus	perseus--phi0474.phi056.perseus-lat1	replace
cicero--fam11	1	8	392	delectibus	dilectibus	perseus--phi0474.phi056.perseus-lat1	replace
cicero--fam11	1	10	56	peterm	peterem	perseus--phi0474.phi056.perseus-lat1	replace
cicero--fam11	2	5	454	condomnes	condemnes	perseus--phi0474.phi056.perseus-lat1	replace
cicero--fam11	3	1	897	arripiendo	abripiendo	perseus--phi0474.phi056.perseus-lat1	replace
cicero--fam11	4	5	1365	enturias	centurias	perseus--phi0474.phi056.perseus-lat1	replace
cicero--fam11	4	6	17	tempopre	tempore	perseus--phi0474.phi056.perseus-lat1	replace
cicero--fam11	5	1	2115	turoumque	tuorumque	perseus--phi0474.phi056.perseus-lat1	replace
cicero--fam11	5	7	429	loquumtur	loquuntur	perseus--phi0474.phi056.perseus-lat1	replace
cicero--fam11	6	3	4159	familari	familiari	perseus--phi0474.phi056.perseus-lat1	replace
cicero--fam12	5	1	4702	pecurrero	percurrero	perseus--phi0474.phi056.perseus-lat1	replace
cicero--fam12	5	1	1624	navigolis	navigiolis	perseus--phi0474.phi056.perseus-lat1	replace
cicero--fam12	7	3	1417	civisate	civitate	perseus--phi0474.phi056.perseus-lat1	replace
cicero--fam12	7	5	542	nutio	nuntio	perseus--phi0474.phi056.perseus-lat1	replace
cicero--fam12	9	1	2910	cognendos	cogendos	perseus--phi0474.phi056.perseus-lat1	replace
cicero--fam12	9	1	2864	euosque	eosque	perseus--phi0474.phi056.perseus-lat1	replace
cicero--fam13	2	7	1177	municpii	municipi	perseus--phi0474.phi056.perseus-lat1	replace
cicero--fam13	3	3	482	eiud	eius	perseus--phi0474.phi056.perseus-lat1	replace
cicero--fam13	7	3	147	municipiam	municipium	perseus--phi0474.phi056.perseus-lat1	replace
cicero--fam13	7	9	277	scipsi	scripsi	perseus--phi0474.phi056.perseus-lat1	replace
cicero--fam13	7	13	257	abitror	arbitror	perseus--phi0474.phi056.perseus-lat1	replace
cicero--fam13	8	4	166	aliento	alieno	perseus--phi0474.phi056.perseus-lat1	replace
cicero--fam13	8	6	429	rerepi	recepi	perseus--phi0474.phi056.perseus-lat1	replace
cicero--fam13	11	3	542	scipsi	scripsi	perseus--phi0474.phi056.perseus-lat1	replace
cicero--fam14	3	27	177	Valetudinam	Valetudinem	perseus--phi0474.phi056.perseus-lat1	replace
cicero--fam15	2	1	5024	intelligeretis	intellegeretis	perseus--phi0474.phi056.perseus-lat1	replace
cicero--fam15	3	1	234	administarem	administrarem	perseus--phi0474.phi056.perseus-lat1	replace
cicero--fam15	4	2	998	benenvolentia	benevolentia	perseus--phi0474.phi056.perseus-lat1	replace
cicero--fam15	7	1	822	accurrat	occurrat	perseus--phi0474.phi056.perseus-lat1	replace
cicero--fam16	1	9	1037	urbanan	urbana	perseus--phi0474.phi056.perseus-lat1	replace
cicero--fam16	3	1	61	unversae	universae	perseus--phi0474.phi056.perseus-lat1	replace
cicero--fam16	3	7	213	opertuerat	oportuerat	perseus--phi0474.phi056.perseus-lat1	replace
cicero--fam16	3	7	66	felbri	febri	perseus--phi0474.phi056.perseus-lat1	replace
cicero--fam16	4	1	654	olitorem	holitorem	perseus--phi0474.phi056.perseus-lat1	replace
cicero--fam16	4	5	220	olitore	holitore	perseus--phi0474.phi056.perseus-lat1	replace
cicero--fam16	4	7	159	optatissimus	exoptatissimus	perseus--phi0474.phi056.perseus-lat1	replace
cicero--fam16	5	7	312	guvernaculis	gubernaculis	perseus--phi0474.phi056.perseus-lat1	replace
cicero--fam3	1	4	388	videnter	videntur	perseus--phi0474.phi056.perseus-lat1	replace
cicero--fam3	1	10	584	iudicarum	iudicaram	perseus--phi0474.phi056.perseus-lat1	replace
cicero--fam3	6	1	2283	satisfecerimus	satis fecerimus	perseus--phi0474.phi056.perseus-lat1	split
cicero--fam3	8	1	1154	rosequeris	prosequeris	perseus--phi0474.phi056.perseus-lat1	replace
cicero--fam4	2	3	2474	fusisse	fuisse	perseus--phi0474.phi056.perseus-lat1	replace
cicero--fam4	4	2	1224	sapientam	sapientem	perseus--phi0474.phi056.perseus-lat1	replace
cicero--fam4	4	2	191	anicitiae	amicitiae	perseus--phi0474.phi056.perseus-lat1	replace
cicero--fam4	6	1	113	usitatem	usitatum	perseus--phi0474.phi056.perseus-lat1	replace
cicero--fam5	1	6	3736	concionis	contionis	perseus--phi0474.phi056.perseus-lat1	replace
cicero--fam5	1	6	1096	iuiucunda	iniucunda	perseus--phi0474.phi056.perseus-lat1	replace
cicero--fam5	5	3	2469	tranferamque	transferamque	perseus--phi0474.phi056.perseus-lat1	replace
cicero--fam5	5	5	527	requirem	requiem	perseus--phi0474.phi056.perseus-lat1	replace
cicero--fam6	1	6	1412	intererint	interierint	perseus--phi0474.phi056.perseus-lat1	replace
cicero--fam6	3	1	3185	angurii	auguri	perseus--phi0474.phi056.perseus-lat1	replace
cicero--fam6	3	2	1580	amplecitur	amplectitur	perseus--phi0474.phi056.perseus-lat1	replace
cicero--fam6	3	2	234	reverbantur	revertantur	perseus--phi0474.phi056.perseus-lat1	replace
cicero--fam6	5	5	665	acquisisti	adquisisti	perseus--phi0474.phi056.perseus-lat1	replace
cicero--fam6	6	5	1439	cognavi	cognovi	perseus--phi0474.phi056.perseus-lat1	replace
cicero--fam6	6	5	549	sermperque	semperque	perseus--phi0474.phi056.perseus-lat1	replace
cicero--fam6	6	9	72	repeterm	repeterem	perseus--phi0474.phi056.perseus-lat1	replace
cicero--fam6	7	5	489	sapientus	sapientius	perseus--phi0474.phi056.perseus-lat1	replace
cicero--fam7	3	5	628	essed	esse	perseus--phi0474.phi056.perseus-lat1	replace
cicero--fam7	3	5	353	potious	potius	perseus--phi0474.phi056.perseus-lat1	replace
cicero--fam7	4	11	1422	eran	eram	perseus--phi0474.phi056.perseus-lat1	replace
cicero--fam7	4	11	939	parismoniam	parsimoniam	perseus--phi0474.phi056.perseus-lat1	replace
cicero--fam7	5	9	695	coŒmisse	coemisse	perseus--phi0474.phi056.perseus-lat1	replace
cicero--fam7	6	9	776	Itaqua	Itaque	perseus--phi0474.phi056.perseus-lat1	replace
cicero--fam8	1	4	187	vidatur	videatur	perseus--phi0474.phi056.perseus-lat1	replace
cicero--fam8	3	3	285	recit	fecit	perseus--phi0474.phi056.perseus-lat1	replace
cicero--fam8	3	7	698	coniicerentur	coicerentur	perseus--phi0474.phi056.perseus-lat1	replace
cicero--fam8	4	1	511	fustum	fustem	perseus--phi0474.phi056.perseus-lat1	replace
cicero--fam8	4	3	961	intercessorum	intercessorem	perseus--phi0474.phi056.perseus-lat1	replace
cicero--fam8	5	1	705	prehendimus	prendimus	perseus--phi0474.phi056.perseus-lat1	replace
cicero--fam8	5	3	1830	nesio	nescio	perseus--phi0474.phi056.perseus-lat1	replace
cicero--fam8	5	3	1350	Circensibusludis	Circensibus ludis	perseus--phi0474.phi056.perseus-lat1	split
cicero--fam8	5	3	1280	volerunt	voluerunt	perseus--phi0474.phi056.perseus-lat1	replace
cicero--fam8	5	3	808	collegiae	conlegae	perseus--phi0474.phi056.perseus-lat1	replace
cicero--fam8	5	5	453	porvinciis	provinciis	perseus--phi0474.phi056.perseus-lat1	replace
cicero--fam8	5	5	188	auctoriate	auctoritate	perseus--phi0474.phi056.perseus-lat1	replace
cicero--fam9	1	8	236	istia	istis	perseus--phi0474.phi056.perseus-lat1	replace
cicero--fam9	2	11	1614	consilum	consilium	perseus--phi0474.phi056.perseus-lat1	replace
cicero--fam9	3	9	33	familaris	familiaris	perseus--phi0474.phi056.perseus-lat1	replace
cicero--fam9	4	1	1180	Nepolim	Neapolim	perseus--phi0474.phi056.perseus-lat1	replace
cicero--fam9	5	1	4686	estplaga	est plaga	perseus--phi0474.phi056.perseus-lat1	split
cicero--fam9	5	1	3786	servientigbus	servientibus	perseus--phi0474.phi056.perseus-lat1	replace
cicero--fam9	5	3	466	vivmus	vivimus	perseus--phi0474.phi056.perseus-lat1	replace
cicero--fin2	3	4	434	so lebat	solebat	perseus--phi0474.phi048.perseus-lat2	join
cicero--fin4	1	13	120	iustituiam	iustitiam	perseus--phi0474.phi048.perseus-lat2	replace
cicero--fin4	1	20	767	poÎtarum	poetarum	perseus--phi0474.phi048.perseus-lat2	replace
cicero--fin4	2	2	332	quarerentur	quaereretur	perseus--phi0474.phi048.perseus-lat2	replace
cicero--fin4	2	7	993	iniurasque	iniuriasque	perseus--phi0474.phi048.perseus-lat2	replace
cicero--fin4	2	8	364	animadvertentesque	animadvertensque	perseus--phi0474.phi048.perseus-lat2	replace
cicero--fin4	2	8	328	coniunctiorum	coniunctionum	perseus--phi0474.phi048.perseus-lat2	replace
cicero--fin4	4	6	663	hulus	huius	perseus--phi0474.phi048.perseus-lat2	replace
cicero--fin4	4	6	469	mellus	melius	perseus--phi0474.phi048.perseus-lat2	replace
cicero--fin4	4	9	70	potesti	potest	perseus--phi0474.phi048.perseus-lat2	replace
cicero--fin4	5	5	882	principlum	principium	perseus--phi0474.phi048.perseus-lat2	replace
cicero--fin4	6	5	465	bonesta	honesta	perseus--phi0474.phi048.perseus-lat2	replace
cicero--fin4	6	9	849	reetionis	rectionis	perseus--phi0474.phi048.perseus-lat2	replace
cicero--fin4	7	3	573	fillum	filium	perseus--phi0474.phi048.perseus-lat2	replace
cicero--fin4	7	5	123	argomento	argumento	perseus--phi0474.phi048.perseus-lat2	replace
cicero--fin4	7	7	408	Chryippo	Chrysippo	perseus--phi0474.phi048.perseus-lat2	replace
cicero--fin4	7	7	212	adininistratio	administratio	perseus--phi0474.phi048.perseus-lat2	replace
cicero--fin4	8	6	71	acerbitatern	acerbitatem	perseus--phi0474.phi048.perseus-lat2	replace
cicero--fin5	1	8	818	poÎtae	poetae	perseus--phi0474.phi048.perseus-lat2	replace
cicero--fin5	1	10	334	poÎtice	poetice	perseus--phi0474.phi048.perseus-lat2	replace
cicero--fin5	2	3	350	ielunior	ieiunior	perseus--phi0474.phi048.perseus-lat2	replace
cicero--fin5	3	10	72	effetuntur	efferuntur	perseus--phi0474.phi048.perseus-lat2	replace
cicero--fin5	4	1	257	dicitura	dicitur	perseus--phi0474.phi048.perseus-lat2	replace
cicero--fin5	4	6	639	exuena	exuens	perseus--phi0474.phi048.perseus-lat2	replace
cicero--fin5	5	4	95	commoventi	commovent	perseus--phi0474.phi048.perseus-lat2	replace
cicero--fin5	5	7	608	proposta	proposita	perseus--phi0474.phi048.perseus-lat2	replace
cicero--fin5	6	9	482	exillo	exilio	perseus--phi0474.phi048.perseus-lat2	replace
cicero--fin5	6	9	161	paraturn	paratum	perseus--phi0474.phi048.perseus-lat2	replace
cicero--fin5	6	10	865	vÌgillas	uÌgilias	perseus--phi0474.phi048.perseus-lat2	replace
cicero--fin5	7	2	1132	dietum	dictum	perseus--phi0474.phi048.perseus-lat2	replace
cicero--fin5	7	8	422	volontaria	voluntaria	perseus--phi0474.phi048.perseus-lat2	replace
cicero--fin5	8	1	742	extrerno	extremo	perseus--phi0474.phi048.perseus-lat2	replace
cicero--fin5	8	1	308	praeterrnittendis	praetermittendis	perseus--phi0474.phi048.perseus-lat2	replace
cicero--fin5	8	2	100	completar	completur	perseus--phi0474.phi048.perseus-lat2	replace
cicero--fin5	8	3	672	pertectam	perfectam	perseus--phi0474.phi048.perseus-lat2	replace
cicero--fin5	8	9	438	solitumi	solitum	perseus--phi0474.phi048.perseus-lat2	replace
cicero--fin5	8	10	424	perceptfum	perceptum	perseus--phi0474.phi048.perseus-lat2	replace
cicero--fin5	8	10	254	merninisti	meministi	perseus--phi0474.phi048.perseus-lat2	replace
cicero--fin5	8	10	184	perdidiceriti	perdidicerit	perseus--phi0474.phi048.perseus-lat2	replace
cicero--fin5	9	5	133	practorem	praetorem	perseus--phi0474.phi048.perseus-lat2	replace
cicero--fin5	9	6	936	bonestum	honestum	perseus--phi0474.phi048.perseus-lat2	replace
cicero--fin5	9	10	1091	investigazione	investigatione	perseus--phi0474.phi048.perseus-lat2	replace
cicero--fin5	9	11	346	aetionibus	actionibus	perseus--phi0474.phi048.perseus-lat2	replace
cicero--fin5	10	1	259	secundurn	secundum	perseus--phi0474.phi048.perseus-lat2	replace
cicero--fin5	10	4	523	fellx	felix	perseus--phi0474.phi048.perseus-lat2	replace
cicero--fratrem1	2	3	1434	quotidianisque	cotidianisque	perseus--phi0474.phi058.perseus-lat1	replace
cicero--fratrem1	3	1	688	antiqissimum	antiquissimum	perseus--phi0474.phi058.perseus-lat1	replace
cicero--fratrem1	4	3	293	quotidianaque	cotidianaque	perseus--phi0474.phi058.perseus-lat1	replace
cicero--fratrem1	6	1	1100	ermoni	sermoni	perseus--phi0474.phi058.perseus-lat1	replace
cicero--fratrem1	7	2	1115	alienores	alieniores	perseus--phi0474.phi058.perseus-lat1	replace
cicero--fratrem1	8	1	3706	partime	partim	perseus--phi0474.phi058.perseus-lat1	replace
cicero--fratrem1	9	1	1933	pertenta	pertempta	perseus--phi0474.phi058.perseus-lat1	replace
cicero--fratrem1	9	1	1124	imtercessor	intercessor	perseus--phi0474.phi058.perseus-lat1	replace
cicero--fratrem2	1	4	2631	navies	naviges	perseus--phi0474.phi058.perseus-lat1	replace
cicero--fratrem2	1	6	394	Cincip	Cincio	perseus--phi0474.phi058.perseus-lat1	replace
cicero--fratrem2	2	1	3020	concionario	contionario	perseus--phi0474.phi058.perseus-lat1	replace
cicero--fratrem2	2	1	2523	malevorum	malevolorum	perseus--phi0474.phi058.perseus-lat1	replace
cicero--fratrem2	3	3	338	concionali	contionali	perseus--phi0474.phi058.perseus-lat1	replace
cicero--fratrem2	4	7	1194	satisfaciemus	satis faciemus	perseus--phi0474.phi058.perseus-lat1	split
cicero--fratrem2	4	7	92	argumentem	argumentum	perseus--phi0474.phi058.perseus-lat1	replace
cicero--fratrem3	1	4	5238	mitter	mittere	perseus--phi0474.phi058.perseus-lat1	replace
cicero--fratrem3	2	1	2279	Valbum	Balbum	perseus--phi0474.phi058.perseus-lat1	replace
cicero--fratrem3	5	1	276	consulibis	consulibus	perseus--phi0474.phi058.perseus-lat1	replace
cicero--fratrem3	5	3	1375	arrogantium	adrogantiam	perseus--phi0474.phi058.perseus-lat1	replace
cicero--fratrem3	5	3	1023	negligam	neglegam	perseus--phi0474.phi058.perseus-lat1	replace
cicero--fratrem3	6	5	2427	Rescipsi	Rescripsi	perseus--phi0474.phi058.perseus-lat1	replace
cicero--imp	1	7	511	certissma	certissima	perseus--phi0474.phi009.perseus-lat2	replace
cicero--imp	1	10	290	similaret	simularet	perseus--phi0474.phi009.perseus-lat2	replace
cicero--imp	2	4	468	conservaritis	conservaueritis	perseus--phi0474.phi009.perseus-lat2	replace
cicero--imp	2	5	187	vestrßa	vestra	perseus--phi0474.phi009.perseus-lat2	replace
cicero--imp	2	9	246	legionibs	legionibus	perseus--phi0474.phi009.perseus-lat2	replace
cicero--imp	3	4	157	delingendo	deligendo	perseus--phi0474.phi009.perseus-lat2	replace
cicero--imp	3	6	340	providiendo	providendo	perseus--phi0474.phi009.perseus-lat2	replace
cicero--imp	4	1	799	susceptit	suscepit	perseus--phi0474.phi009.perseus-lat2	replace
cicero--imp	4	1	659	diuturunum	diuturnum	perseus--phi0474.phi009.perseus-lat2	replace
cicero--imp	5	12	720	sentenia	sententia	perseus--phi0474.phi009.perseus-lat2	replace
cicero--imp	6	2	199	novorom	novorum	perseus--phi0474.phi009.perseus-lat2	replace
cicero--imp	6	3	84	temporare	tempore	perseus--phi0474.phi009.perseus-lat2	replace
cicero--imp	6	6	793	cupidiorum	cupidorum	perseus--phi0474.phi009.perseus-lat2	replace
cicero--inventione1	3	13	622	obrectatione	obtrectatione	perseus--phi0474.phi036.perseus-lat2	replace
cicero--inventione1	5	18	361	dipergere	dispergere	perseus--phi0474.phi036.perseus-lat2	replace
cicero--inventione1	7	4	89	diffile	difficile	perseus--phi0474.phi036.perseus-lat2	replace
cicero--inventione1	9	1	198	opinior	opinor	perseus--phi0474.phi036.perseus-lat2	replace
cicero--inventione1	10	3	1084	profisci	proficisci	perseus--phi0474.phi036.perseus-lat2	replace
cicero--inventione1	10	3	682	administari	administrari	perseus--phi0474.phi036.perseus-lat2	replace
cicero--inventione2	1	7	321	illorun	illorum	perseus--phi0474.phi036.perseus-lat2	replace
cicero--inventione2	1	11	53	quarentes	quaerentes	perseus--phi0474.phi036.perseus-lat2	replace
cicero--inventione2	4	10	25	vedentur	videntur	perseus--phi0474.phi036.perseus-lat2	replace
cicero--inventione2	6	1	121	consequtur	consequatur	perseus--phi0474.phi036.perseus-lat2	replace
cicero--inventione2	9	2	820	partibius	partibus	perseus--phi0474.phi036.perseus-lat2	replace
cicero--inventione2	10	4	120	nonnumquamest	nonnumquam est	perseus--phi0474.phi036.perseus-lat2	split
cicero--inventione2	16	4	69	elimus	uelimus	perseus--phi0474.phi036.perseus-lat2	replace
cicero--lig	2	6	207	consuisset	censuisset	perseus--phi0474.phi033.perseus-lat2	replace
cicero--marc	1	12	419	ventustas	vetustas	perseus--phi0474.phi032.perseus-lat2	replace
cicero--marc	2	11	303	prodentiam	prudentiam	perseus--phi0474.phi032.perseus-lat2	replace
cicero--milo	2	5	1075	muniverit	munierit	perseus--phi0474.phi031.perseus-lat2	replace
cicero--milo	2	5	733	summorurn	summorum	perseus--phi0474.phi031.perseus-lat2	replace
cicero--milo	4	2	969	dignitatern	dignitatem	perseus--phi0474.phi031.perseus-lat2	replace
cicero--milo	4	6	1581	curavisset	curasset	perseus--phi0474.phi031.perseus-lat2	replace
cicero--milo	8	1	1552	summorurn	summorum	perseus--phi0474.phi031.perseus-lat2	replace
cicero--milo	8	2	532	videmusfingite	videmus fingite	perseus--phi0474.phi031.perseus-lat2	split
cicero--milo	9	5	1127	volitarunt	volitauerunt	perseus--phi0474.phi031.perseus-lat2	replace
cicero--milo	10	4	125	pieutinam	pie utinam	perseus--phi0474.phi031.perseus-lat2	split
cicero--murena	1	5	832	designatiis	designati is	perseus--phi0474.phi014.perseus-lat2	split
cicero--murena	1	8	281	seve ritatisque	severitatisque	perseus--phi0474.phi014.perseus-lat2	join
cicero--murena	2	5	418	consti tuto	constituto	perseus--phi0474.phi014.perseus-lat2	join
cicero--nd1	5	1	3376	necessinatem	necessitatem	perseus--phi0474.phi050.perseus-lat1	replace
cicero--nd1	5	1	1957	diceretilla	diceret illa	perseus--phi0474.phi050.perseus-lat1	split
cicero--nd1	9	8	248	tantunn	tantum	perseus--phi0474.phi050.perseus-lat1	replace
cicero--nd2	3	1	1168	diviam	divinam	perseus--phi0474.phi050.perseus-lat1	replace
cicero--nd2	3	1	549	tempestatibusn	tempestatibus	perseus--phi0474.phi050.perseus-lat1	replace
cicero--nd2	6	2	133	infleclat	inflectat	perseus--phi0474.phi050.perseus-lat1	replace
cicero--nd2	7	4	503	hlnc	hinc	perseus--phi0474.phi050.perseus-lat1	replace
cicero--nd2	8	1	1772	Graecun	Graecum	perseus--phi0474.phi050.perseus-lat1	replace
cicero--nd2	9	1	2474	Iunam	Lunam	perseus--phi0474.phi050.perseus-lat1	replace
cicero--nd2	9	1	1824	Fldes	Fides	perseus--phi0474.phi050.perseus-lat1	replace
cicero--nd2	10	5	947	rebusquc	rebusque	perseus--phi0474.phi050.perseus-lat1	replace
cicero--nd2	11	1	507	infinitimamque	infinitamque	perseus--phi0474.phi050.perseus-lat1	replace
cicero--nd2	11	3	337	sustentar	sustentat	perseus--phi0474.phi050.perseus-lat1	replace
cicero--nd2	11	4	290	superarur	superatur	perseus--phi0474.phi050.perseus-lat1	replace
cicero--nd2	14	3	3883	contlnentur	continentur	perseus--phi0474.phi050.perseus-lat1	replace
cicero--nd2	15	1	1211	lnterlectus	interiectus	perseus--phi0474.phi050.perseus-lat1	replace
cicero--nd3	1	4	479	naruram	naturam	perseus--phi0474.phi050.perseus-lat1	replace
cicero--nd3	3	2	187	Iuna	Luna	perseus--phi0474.phi050.perseus-lat1	replace
cicero--nd3	4	11	10	Amphiataus	Amphiaraus	perseus--phi0474.phi050.perseus-lat1	replace
cicero--nd3	5	11	25	suptiliore	subtiliore	perseus--phi0474.phi050.perseus-lat1	replace
cicero--nd3	6	7	173	uniuscuiusque	unius cuiusque	perseus--phi0474.phi050.perseus-lat1	split
cicero--nd3	6	8	86	Iargita	Largita	perseus--phi0474.phi050.perseus-lat1	replace
cicero--nd3	7	8	206	crudelissumus	crudelissimus	perseus--phi0474.phi050.perseus-lat1	replace
cicero--off2	7	3	477	unumquemque	unum quemque	perseus--phi0474.phi055.perseus-lat1	split
cicero--off3	2	1	454	unaquaque	una quaque	perseus--phi0474.phi055.perseus-lat1	split
cicero--off3	2	12	611	uniuscuiusque	unius cuiusque	perseus--phi0474.phi055.perseus-lat1	split
cicero--off3	6	1	326	quicdquid	quicquid	perseus--phi0474.phi055.perseus-lat1	replace
cicero--off3	10	2	420	impertrata	impetrata	perseus--phi0474.phi055.perseus-lat1	replace
cicero--orator	11	37	331	insatius	insanus	perseus--phi0474.phi040.perseus-lat2	replace
cicero--oratore1	10	2	1882	conimentatio	commentatio	perseus--phi0474.phi037.perseus-lat2	replace
cicero--oratore2	16	3	2037	excelleris	excellens	perseus--phi0474.phi037.perseus-lat2	replace
cicero--oratore3	13	3	488	sustinen	sustinent	perseus--phi0474.phi037.perseus-lat2	replace
cicero--oratore3	16	3	988	adtrectatum	adtractatum	perseus--phi0474.phi037.perseus-lat2	replace
cicero--partitione	1	16	262	degressionibus	digressionibus	perseus--phi0474.phi038.perseus-lat2	replace
cicero--partitione	3	5	284	ulsciscendi	ulciscendi	perseus--phi0474.phi038.perseus-lat2	replace
cicero--partitione	9	1	130	coniiciantur	coiciantur	perseus--phi0474.phi038.perseus-lat2	replace
cicero--phil1	2	10	496	sediotiosi	seditiosi	perseus--phi0474.phi035.perseus-lat2	replace
cicero--phil1	2	11	393	puterem	putarem	perseus--phi0474.phi035.perseus-lat2	replace
cicero--phil1	3	10	402	firmatatem	firmitatem	perseus--phi0474.phi035.perseus-lat2	replace
cicero--phil10	1	8	713	apsens	absens	perseus--phi0474.phi035.perseus-lat2	replace
cicero--phil10	1	8	171	convervandos	conservandos	perseus--phi0474.phi035.perseus-lat2	replace
cicero--phil11	1	8	407	carneficemque	carnificemque	perseus--phi0474.phi035.perseus-lat2	replace
cicero--phil13	4	4	37	Menedenum	Menedemum	perseus--phi0474.phi035.perseus-lat2	replace
cicero--phil2	1	8	745	divulganda	divolganda	perseus--phi0474.phi035.perseus-lat2	replace
cicero--phil2	3	11	111	sustilissem	sustulissem	perseus--phi0474.phi035.perseus-lat2	replace
cicero--phil2	6	9	434	suggerabantur	suggerebantur	perseus--phi0474.phi035.perseus-lat2	replace
cicero--phil2	6	10	658	vinulentus	violentus	perseus--phi0474.phi035.perseus-lat2	replace
cicero--phil2	8	10	205	Capitolo	Capitolio	perseus--phi0474.phi035.perseus-lat2	replace
cicero--phil3	1	4	592	ecfudit	effudit	perseus--phi0474.phi035.perseus-lat2	replace
cicero--phil3	1	4	531	ecfudit	effudit	perseus--phi0474.phi035.perseus-lat2	replace
cicero--phil3	3	10	411	urguendus	urgendus	perseus--phi0474.phi035.perseus-lat2	replace
cicero--phil4	1	8	287	odierno	hodierno	perseus--phi0474.phi035.perseus-lat2	replace
cicero--phil5	2	9	117	apsentem	absentem	perseus--phi0474.phi035.perseus-lat2	replace
cicero--phil5	4	3	694	difficillumo	difficillimo	perseus--phi0474.phi035.perseus-lat2	replace
cicero--phil5	4	11	186	gratissuma	gratissima	perseus--phi0474.phi035.perseus-lat2	replace
cicero--phil6	2	1	111	Numquisnam	Num quisnam	perseus--phi0474.phi035.perseus-lat2	split
cicero--phil7	2	1	980	urguebamur	urgebamur	perseus--phi0474.phi035.perseus-lat2	replace
cicero--phil7	2	2	603	opsederit	obsederit	perseus--phi0474.phi035.perseus-lat2	replace
cicero--phil7	2	2	408	opsedit	obsedit	perseus--phi0474.phi035.perseus-lat2	replace
cicero--phil7	2	10	379	supterfugissent	subterfugissent	perseus--phi0474.phi035.perseus-lat2	replace
cicero--phil8	1	8	383	poeniretur	puniretur	perseus--phi0474.phi035.perseus-lat2	replace
cicero--phil8	2	1	252	PIBLICAM	PuBLICAM	perseus--phi0474.phi035.perseus-lat2	replace
cicero--phil8	2	11	164	opsideret	obsideret	perseus--phi0474.phi035.perseus-lat2	replace
cicero--phil8	3	4	241	debebanus	debebamus	perseus--phi0474.phi035.perseus-lat2	replace
cicero--phil9	1	5	750	prohibiret	prohiberet	perseus--phi0474.phi035.perseus-lat2	replace
cicero--phil9	1	5	279	Ottavi	Octavi	perseus--phi0474.phi035.perseus-lat2	replace
cicero--phil9	2	4	474	periculosque	periculosoque	perseus--phi0474.phi035.perseus-lat2	replace
cicero--postreditum	2	12	111	cumvideret	cum videret	perseus--phi0474.phi019.perseus-lat2	split
cicero--postreditum	3	4	125	defuetunt	defuerunt	perseus--phi0474.phi019.perseus-lat2	replace
cicero--postreditum	4	7	457	sanetitates	sanctitates	perseus--phi0474.phi019.perseus-lat2	replace
cicero--postreditum2	1	6	510	ineredibili	incredibili	perseus--phi0474.phi018.perseus-lat2	replace
cicero--prov	1	2	432	tribueritis	tribueretis	perseus--phi0474.phi025.perseus-lat2	replace
cicero--prov	1	3	504	iradundiae	iracundiae	perseus--phi0474.phi025.perseus-lat2	replace
cicero--prov	1	3	123	portenda	portenta	perseus--phi0474.phi025.perseus-lat2	replace
cicero--prov	1	4	462	attingerint	attigerint	perseus--phi0474.phi025.perseus-lat2	replace
cicero--prov	1	4	249	properversae	pro perversae	perseus--phi0474.phi025.perseus-lat2	split
cicero--prov	1	8	358	ornanemta	ornamenta	perseus--phi0474.phi025.perseus-lat2	replace
cicero--prov	1	8	199	affervescentem	effervescentem	perseus--phi0474.phi025.perseus-lat2	replace
cicero--prov	1	10	516	summitetis	submittetis	perseus--phi0474.phi025.perseus-lat2	replace
cicero--prov	2	5	180	paenitat	paeniteat	perseus--phi0474.phi025.perseus-lat2	replace
cicero--prov	3	2	465	perciciosum	perniciosum	perseus--phi0474.phi025.perseus-lat2	replace
cicero--prov	3	6	90	decerneritis	decerneretis	perseus--phi0474.phi025.perseus-lat2	replace
cicero--prov	3	11	298	subvenir	subvenit	perseus--phi0474.phi025.perseus-lat2	replace
cicero--prov	4	1	857	lacessati	lacessiti	perseus--phi0474.phi025.perseus-lat2	replace
cicero--prov	5	1	706	minicipiis	municipiis	perseus--phi0474.phi025.perseus-lat2	replace
cicero--prov	5	1	480	voluitn	voluit	perseus--phi0474.phi025.perseus-lat2	replace
cicero--rabirio	4	7	603	cohor tandos	cohortandos	perseus--phi0474.phi012.perseus-lat2	join
cicero--repub1	8	1	2565	decedendam	decedendum	perseus--phi0474.phi043.perseus-lat2	replace
cicero--repub1	8	1	2096	neclegat	neglegat	perseus--phi0474.phi043.perseus-lat2	replace
cicero--repub2	4	6	1397	omnina	omnino	perseus--phi0474.phi043.perseus-lat2	replace
cicero--senectute	3	13	407	mirium	mirum	perseus--phi0474.phi051.perseus-lat1	replace
cicero--senectute	4	3	488	ecfrenate	effrenate	perseus--phi0474.phi051.perseus-lat1	replace
cicero--senectute	4	6	180	operteret	oporteret	perseus--phi0474.phi051.perseus-lat1	replace
cicero--senectute	4	8	524	coviviis	conviviis	perseus--phi0474.phi051.perseus-lat1	replace
cicero--senectute	4	8	405	voluptatam	voluptatem	perseus--phi0474.phi051.perseus-lat1	replace
cicero--senectute	5	5	814	fcontra	contra	perseus--phi0474.phi051.perseus-lat1	replace
cicero--senectute	5	8	174	Honerus	Homerus	perseus--phi0474.phi051.perseus-lat1	replace
cicero--senectute	5	10	51	senctutem	senectutem	perseus--phi0474.phi051.perseus-lat1	replace
cicero--senectute	7	9	271	aminorum	animorum	perseus--phi0474.phi051.perseus-lat1	replace
cicero--sestio	14	1	1232	dubiahaut	dubia haut	perseus--phi0474.phi022.perseus-lat2	split
cicero--sex.rosc	4	4	613	reperiro	reperiri	perseus--phi0474.phi002.perseus-lat2	replace
cicero--sex.rosc	6	5	508	adquem	ad quem	perseus--phi0474.phi002.perseus-lat2	split
cicero--sex.rosc	7	4	285	alierius	alterius	perseus--phi0474.phi002.perseus-lat2	replace
cicero--sex.rosc	7	5	2662	fillus	filius	perseus--phi0474.phi002.perseus-lat2	replace
cicero--sex.rosc	9	1	43	Armeriam	Ameriam	perseus--phi0474.phi002.perseus-lat2	replace
cicero--sex.rosc	11	1	1001	deheam	debeam	perseus--phi0474.phi002.perseus-lat2	replace
cicero--sulla	8	3	56	Cati linae	Catilinae	perseus--phi0474.phi015.perseus-lat2	join
cicero--tusc1	9	1	874	partiae	patriae	perseus--phi0474.phi049.perseus-lat2	replace
cicero--tusc1	9	1	613	civilie	civile	perseus--phi0474.phi049.perseus-lat2	replace
cicero--tusc1	9	1	272	constracto	contractio	perseus--phi0474.phi049.perseus-lat2	replace
cicero--tusc1	9	3	574	sansus	sensus	perseus--phi0474.phi049.perseus-lat2	replace
cicero--tusc1	9	3	158	saxaginta	sexaginta	perseus--phi0474.phi049.perseus-lat2	replace
cicero--tusc1	9	4	159	nalla	nulla	perseus--phi0474.phi049.perseus-lat2	replace
cicero--tusc1	9	10	743	extemum	extremum	perseus--phi0474.phi049.perseus-lat2	replace
cicero--tusc1	10	5	321	Anaxagras	Anaxagoras	perseus--phi0474.phi049.perseus-lat2	replace
cicero--tusc1	11	1	149	vidsset	vidisset	perseus--phi0474.phi049.perseus-lat2	replace
cicero--tusc1	11	5	41	Euripedes	Euripides	perseus--phi0474.phi049.perseus-lat2	replace
cicero--tusc1	11	6	856	elicatur	eliciatur	perseus--phi0474.phi049.perseus-lat2	replace
cicero--tusc1	11	9	515	philosohpiae	philosophiae	perseus--phi0474.phi049.perseus-lat2	replace
cicero--tusc1	11	9	213	preatermissum	praetermissum	perseus--phi0474.phi049.perseus-lat2	replace
cicero--tusc2	3	1	1855	spolla	spolia	perseus--phi0474.phi049.perseus-lat2	replace
cicero--tusc2	3	1	1561	adiflixit	adflixit	perseus--phi0474.phi049.perseus-lat2	replace
cicero--tusc2	5	9	63	febiliter	flebiliter	perseus--phi0474.phi049.perseus-lat2	replace
cicero--tusc2	6	6	1990	contentior	contentius	perseus--phi0474.phi049.perseus-lat2	replace
cicero--tusc3	1	4	854	eccellenti	excellenti	perseus--phi0474.phi049.perseus-lat2	replace
cicero--tusc3	1	6	480	corporurn	corporum	perseus--phi0474.phi049.perseus-lat2	replace
cicero--tusc3	3	3	134	poŒta	poeta	perseus--phi0474.phi049.perseus-lat2	replace
cicero--tusc3	6	17	97	offœcium	officium	perseus--phi0474.phi049.perseus-lat2	replace
cicero--tusc3	7	2	156	lacrinus	lacrimis	perseus--phi0474.phi049.perseus-lat2	replace
cicero--tusc3	7	10	293	fœliis	filiis	perseus--phi0474.phi049.perseus-lat2	replace
cicero--tusc3	7	21	692	sopprimere	supprimere	perseus--phi0474.phi049.perseus-lat2	replace
cicero--tusc3	8	1	730	dœctum	dictum	perseus--phi0474.phi049.perseus-lat2	replace
cicero--tusc3	8	8	352	confœci	confici	perseus--phi0474.phi049.perseus-lat2	replace
cicero--tusc3	8	13	348	praeclarurn	praeclarum	perseus--phi0474.phi049.perseus-lat2	replace
cicero--tusc4	2	9	207	œnteritu	interitu	perseus--phi0474.phi049.perseus-lat2	replace
cicero--tusc4	2	15	408	infiammat	inflammat	perseus--phi0474.phi049.perseus-lat2	replace
cicero--tusc4	4	1	1048	moderation	moderatione	perseus--phi0474.phi049.perseus-lat2	replace
cicero--tusc4	4	3	248	poŒtae	poetae	perseus--phi0474.phi049.perseus-lat2	replace
cicero--tusc4	5	5	109	horninum	hominum	perseus--phi0474.phi049.perseus-lat2	replace
cicero--tusc4	5	6	89	verecondia	verecundia	perseus--phi0474.phi049.perseus-lat2	replace
cicero--tusc4	5	14	627	vehementœus	vehementius	perseus--phi0474.phi049.perseus-lat2	replace
cicero--tusc4	6	9	222	utea	ut ea	perseus--phi0474.phi049.perseus-lat2	split
cicero--tusc4	6	12	308	recentœs	recentis	perseus--phi0474.phi049.perseus-lat2	replace
cicero--tusc4	7	2	420	effœcienda	efficienda	perseus--phi0474.phi049.perseus-lat2	replace
cicero--tusc4	7	3	443	laetitita	laetitia	perseus--phi0474.phi049.perseus-lat2	replace
cicero--tusc4	7	12	39	poŒticam	poeticam	perseus--phi0474.phi049.perseus-lat2	replace
cicero--tusc4	7	14	91	poŒtam	poetam	perseus--phi0474.phi049.perseus-lat2	replace
cicero--tusc4	7	16	20	poŒtas	poetas	perseus--phi0474.phi049.perseus-lat2	replace
cicero--tusc4	7	19	404	poŒsis	poesis	perseus--phi0474.phi049.perseus-lat2	replace
cicero--tusc4	7	21	373	insanœa	insania	perseus--phi0474.phi049.perseus-lat2	replace
cicero--tusc4	8	15	246	philosohia	philosophia	perseus--phi0474.phi049.perseus-lat2	replace
cicero--tusc5	2	4	736	homininibus	hominibus	perseus--phi0474.phi049.perseus-lat2	replace
cicero--tusc5	2	5	468	lactitia	laetitia	perseus--phi0474.phi049.perseus-lat2	replace
cicero--tusc5	3	11	196	displacet	dis placet	perseus--phi0474.phi049.perseus-lat2	split
cicero--tusc5	5	2	266	placidissimarn	placidissimam	perseus--phi0474.phi049.perseus-lat2	replace
cicero--tusc5	5	16	844	concediltur	conceditur	perseus--phi0474.phi049.perseus-lat2	replace
cicero--tusc5	6	4	635	poŒtam	poetam	perseus--phi0474.phi049.perseus-lat2	replace
cicero--tusc5	6	4	483	poŒtam	poetam	perseus--phi0474.phi049.perseus-lat2	replace
cicero--tusc5	6	6	319	lnmissi	inmissi	perseus--phi0474.phi049.perseus-lat2	replace
cicero--tusc5	7	3	338	esclamare	exclamare	perseus--phi0474.phi049.perseus-lat2	replace
cicero--tusc5	8	4	60	dicitura	dicitur	perseus--phi0474.phi049.perseus-lat2	replace
cicero--tusc5	9	5	29	rnirabiliter	mirabiliter	perseus--phi0474.phi049.perseus-lat2	replace
cicero--tusc5	10	4	523	poŒsin	poesin	perseus--phi0474.phi049.perseus-lat2	replace
cicero--tusc5	10	5	230	poŒtae	poetae	perseus--phi0474.phi049.perseus-lat2	replace
cicero--tusc5	10	6	54	sòrdaster	surdaster	perseus--phi0474.phi049.perseus-lat2	replace
cicero--ver1	1	5	448	proviciam	provinciam	perseus--phi0474.phi005.perseus-lat2	replace
cicero--verres.2.1	1	6	33	magnamet	magnam et	perseus--phi0474.phi005.perseus-lat2	split
cicero--verres.2.1	1	7	495	deoset	deos et	perseus--phi0474.phi005.perseus-lat2	split
cicero--verres.2.1	1	7	485	enimet	enim et	perseus--phi0474.phi005.perseus-lat2	split
cicero--verres.2.1	1	14	237	Iaqueis	Laqueis	perseus--phi0474.phi005.perseus-lat2	replace
cicero--verres.2.1	6	4	611	lanitorem	ianitorem	perseus--phi0474.phi005.perseus-lat2	replace
cicero--verres.2.1	6	5	605	lanitor	ianitor	perseus--phi0474.phi005.perseus-lat2	replace
cicero--verres.2.1	7	10	557	coeperime	coeperitne	perseus--phi0474.phi005.perseus-lat2	replace
cicero--verres.2.1	8	1	390	tertoris	terroris	perseus--phi0474.phi005.perseus-lat2	replace
cicero--verres.2.1	11	9	347	perfacite	perfacete	perseus--phi0474.phi005.perseus-lat2	replace
cicero--verres.2.1	12	1	496	accepetat	acceperat	perseus--phi0474.phi005.perseus-lat2	replace
cicero--verres.2.1	12	12	399	lunium	iunium	perseus--phi0474.phi005.perseus-lat2	replace
cicero--verres.2.1	14	3	605	ftiisse	fuisse	perseus--phi0474.phi005.perseus-lat2	replace
cicero--verres.2.1	14	7	295	fegerit	fecerit	perseus--phi0474.phi005.perseus-lat2	replace
cicero--verres.2.1	14	10	226	luniana	iuniana	perseus--phi0474.phi005.perseus-lat2	replace
cicero--verres.2.1	15	1	496	restitissein	restitissem	perseus--phi0474.phi005.perseus-lat2	replace
cicero--verres.2.2	1	7	495	ftuctuosisque	fructuosisque	perseus--phi0474.phi005.perseus-lat2	replace
cicero--verres.2.2	1	8	536	diugentia	diligentia	perseus--phi0474.phi005.perseus-lat2	replace
cicero--verres.2.2	1	12	512	provineiae	provinciae	perseus--phi0474.phi005.perseus-lat2	replace
cicero--verres.2.2	1	12	69	privatirnque	privatimque	perseus--phi0474.phi005.perseus-lat2	replace
cicero--verres.2.2	1	13	498	rninari	minari	perseus--phi0474.phi005.perseus-lat2	replace
cicero--verres.2.2	2	5	440	proficiseeretur	proficisceretur	perseus--phi0474.phi005.perseus-lat2	replace
cicero--verres.2.2	2	11	105	in terfuit	interfuit	perseus--phi0474.phi005.perseus-lat2	join
cicero--verres.2.2	3	3	591	pe riculo	periculo	perseus--phi0474.phi005.perseus-lat2	join
cicero--verres.2.2	3	4	65	im petraret	impetraret	perseus--phi0474.phi005.perseus-lat2	join
cicero--verres.2.2	3	7	440	civirate	civitate	perseus--phi0474.phi005.perseus-lat2	replace
cicero--verres.2.2	3	7	242	practor	praetor	perseus--phi0474.phi005.perseus-lat2	replace
cicero--verres.2.2	5	3	532	abstuiisse	abstulisse	perseus--phi0474.phi005.perseus-lat2	replace
cicero--verres.2.2	6	2	375	practoris	praetoris	perseus--phi0474.phi005.perseus-lat2	replace
cicero--verres.2.2	6	2	221	reverrisse	revertisse	perseus--phi0474.phi005.perseus-lat2	replace
cicero--verres.2.2	6	3	619	soium	solum	perseus--phi0474.phi005.perseus-lat2	replace
cicero--verres.2.2	7	2	521	praetotem	praetorem	perseus--phi0474.phi005.perseus-lat2	replace
cicero--verres.2.2	8	8	311	nuilo	nullo	perseus--phi0474.phi005.perseus-lat2	replace
cicero--verres.2.2	9	2	259	potuetat	potuerat	perseus--phi0474.phi005.perseus-lat2	replace
cicero--verres.2.2	9	4	43	praetote	praetore	perseus--phi0474.phi005.perseus-lat2	replace
cicero--verres.2.2	9	5	47	iniquita te	iniquitate	perseus--phi0474.phi005.perseus-lat2	join
cicero--verres.2.2	9	6	526	Aderar	Aderat	perseus--phi0474.phi005.perseus-lat2	replace
cicero--verres.2.2	10	6	477	spiendorem	splendorem	perseus--phi0474.phi005.perseus-lat2	replace
cicero--verres.2.2	11	5	463	cognossein	cognossem	perseus--phi0474.phi005.perseus-lat2	replace
cicero--verres.2.2	11	8	708	senateribus	senatoribus	perseus--phi0474.phi005.perseus-lat2	replace
cicero--verres.2.2	12	1	207	practor	praetor	perseus--phi0474.phi005.perseus-lat2	replace
cicero--verres.2.2	15	7	100	videatut	videatur	perseus--phi0474.phi005.perseus-lat2	replace
cicero--verres.2.2	16	1	521	libeto	libero	perseus--phi0474.phi005.perseus-lat2	replace
cicero--verres.2.2	17	11	844	consursus	concursus	perseus--phi0474.phi005.perseus-lat2	replace
cicero--verres.2.3	3	4	559	octu plum	octuplum	perseus--phi0474.phi005.perseus-lat2	join
cicero--verres.2.3	3	9	842	con demnare	condemnare	perseus--phi0474.phi005.perseus-lat2	join
cicero--verres.2.3	4	5	1377	profite rentur	profiterentur	perseus--phi0474.phi005.perseus-lat2	join
cicero--verres.2.3	5	7	712	redem pturum	redempturum	perseus--phi0474.phi005.perseus-lat2	join
cicero--verres.2.3	6	10	9	meher cule	mehercule	perseus--phi0474.phi005.perseus-lat2	join
cicero--verres.2.3	7	1	260	le ctissimus	lectissimus	perseus--phi0474.phi005.perseus-lat2	join
cicero--verres.2.3	7	6	43	Agyri nenses	Agyrinenses	perseus--phi0474.phi005.perseus-lat2	join
cicero--verres.2.3	7	8	1084	arbi tretur	arbitretur	perseus--phi0474.phi005.perseus-lat2	join
cicero--verres.2.3	9	4	499	in terpres	interpres	perseus--phi0474.phi005.perseus-lat2	join
cicero--verres.2.3	10	4	31	de spexisti	despexisti	perseus--phi0474.phi005.perseus-lat2	join
claudian--claudian.cons6	1	7	1829	Attoliens	Attollens	perseus--stoa0089.stoa012.perseus-lat2	replace
claudian--claudian.cons6	2	1	2706	flaremea	flammea	perseus--stoa0089.stoa012.perseus-lat2	replace
claudian--claudian.cons6	2	1	272	freeis	fretis	perseus--stoa0089.stoa012.perseus-lat2	replace
claudian--claudian.cons6	2	1	234	pitatica	piratica	perseus--stoa0089.stoa012.perseus-lat2	replace
claudian--claudian.cons6	2	2	906	flangebat	frangebat	perseus--stoa0089.stoa012.perseus-lat2	replace
claudian--claudian.cons6	3	1	4916	dolls	dolis	perseus--stoa0089.stoa012.perseus-lat2	replace
claudian--claudian.cons6	3	1	3022	Exult	Exuit	perseus--stoa0089.stoa012.perseus-lat2	replace
claudian--claudian.cons6	3	1	401	Sots	Sors	perseus--stoa0089.stoa012.perseus-lat2	replace
claudian--claudian.cons6	3	1	350	tanrum	tantum	perseus--stoa0089.stoa012.perseus-lat2	replace
claudian--claudian.cons6	4	1	4386	poller	pollet	perseus--stoa0089.stoa012.perseus-lat2	replace
claudian--claudian.cons6	4	1	3415	pateracta	patefacta	perseus--stoa0089.stoa012.perseus-lat2	replace
claudian--claudian.cons6	4	1	2593	stellarurn	stellarum	perseus--stoa0089.stoa012.perseus-lat2	replace
claudian--claudian.cons6	4	1	1881	mundoqne	mundoque	perseus--stoa0089.stoa012.perseus-lat2	replace
claudian--claudian.cons6	5	1	3912	latibus	laribus	perseus--stoa0089.stoa012.perseus-lat2	replace
claudian--claudian.cons6	5	1	1630	Cume	Cum	perseus--stoa0089.stoa012.perseus-lat2	replace
claudian--claudian.cons6	5	1	1571	peetore	pectore	perseus--stoa0089.stoa012.perseus-lat2	replace
claudian--claudian.cons6	5	1	1049	Prineipis	Principis	perseus--stoa0089.stoa012.perseus-lat2	replace
claudian--claudian.cons6	5	1	902	cunetosque	cunctosque	perseus--stoa0089.stoa012.perseus-lat2	replace
claudian--claudian.cons6	5	1	757	perrecta	perfecta	perseus--stoa0089.stoa012.perseus-lat2	replace
claudian--claudian.olyb	1	2	5407	tremulisqe	tremulisque	perseus--stoa0089.stoa014.perseus-lat2	replace
claudian--claudian.olyb	2	1	3389	superminet	supereminet	perseus--stoa0089.stoa014.perseus-lat2	replace
claudian--claudian.proserp3	3	1	2500	repetarn	repetam	perseus--stoa0089.stoa005.perseus-lat2	replace
claudian--claudian.ruf1	2	1	2718	contexture	contextum	perseus--stoa0089.stoa009.perseus-lat2	replace
columella--columella.rr1	1	3	2510	heberet	haberet	perseus--phi0845.phi002.perseus-lat3	replace
columella--columella.rr1	3	1	700	concupiverint	concupierint	perseus--phi0845.phi002.perseus-lat3	replace
columella--columella.rr1	6	1	1570	tentaverimus	temptaverimus	perseus--phi0845.phi002.perseus-lat3	replace
columella--columella.rr1	7	1	1547	caligent	caligant	perseus--phi0845.phi002.perseus-lat3	replace
columella--columella.rr1	7	1	1529	frigendis	frigidis	perseus--phi0845.phi002.perseus-lat3	replace
columella--columella.rr1	7	1	1511	vaporantis	vaporatis	perseus--phi0845.phi002.perseus-lat3	replace
columella--columella.rr1	8	1	5481	fracescet	fracescit	perseus--phi0845.phi002.perseus-lat3	replace
columella--columella.rr1	8	1	2910	vineariae	vinariae	perseus--phi0845.phi002.perseus-lat3	replace
columella--columella.rr1	8	1	2528	humidarum	umidarum	perseus--phi0845.phi002.perseus-lat3	replace
columella--columella.rr2	2	1	4011	frutetosique	frutectosique	perseus--phi0845.phi002.perseus-lat3	replace
columella--columella.rr2	2	1	3641	coarctatamque	coartatamque	perseus--phi0845.phi002.perseus-lat3	replace
columella--columella.rr2	2	1	3327	solcis	sulcis	perseus--phi0845.phi002.perseus-lat3	replace
columella--columella.rr2	2	1	3140	coarctatas	coartatas	perseus--phi0845.phi002.perseus-lat3	replace
columella--columella.rr2	2	1	3012	obcaecantur	occaecantur	perseus--phi0845.phi002.perseus-lat3	replace
columella--columella.rr2	2	1	2761	fruteis	frutectis	perseus--phi0845.phi002.perseus-lat3	replace
columella--columella.rr2	3	1	5264	centumviginti	centum viginti	perseus--phi0845.phi002.perseus-lat3	split
columella--columella.rr2	3	1	1664	pullula	pulla	perseus--phi0845.phi002.perseus-lat3	replace
columella--columella.rr2	4	1	463	veterea	veteres	perseus--phi0845.phi002.perseus-lat3	replace
columella--columella.rr2	4	1	444	seminaverimus	seminavimus	perseus--phi0845.phi002.perseus-lat3	replace
columella--columella.rr2	4	3	533	seliginis	siliginis	perseus--phi0845.phi002.perseus-lat3	replace
columella--columella.rr2	5	1	1399	pereinde	proinde	perseus--phi0845.phi002.perseus-lat3	replace
columella--columella.rr2	5	2	2423	celeritur	celeriter	perseus--phi0845.phi002.perseus-lat3	replace
columella--columella.rr2	7	1	4824	alitere	aliter	perseus--phi0845.phi002.perseus-lat3	replace
columella--columella.rr2	8	1	5448	laterius	alterius	perseus--phi0845.phi002.perseus-lat3	replace
columella--columella.rr2	8	1	4632	veresaturus	vere saturus	perseus--phi0845.phi002.perseus-lat3	split
columella--columella.rr2	8	1	4024	ordeaceam	hordeaceam	perseus--phi0845.phi002.perseus-lat3	replace
columella--columella.rr2	9	2	3663	sarrita	sarta	perseus--phi0845.phi002.perseus-lat3	replace
columella--columella.rr2	10	1	1604	obbantur	occantur	perseus--phi0845.phi002.perseus-lat3	replace
columella--columella.rr2	10	1	178	sarritoris	sartoris	perseus--phi0845.phi002.perseus-lat3	replace
columella--columella.rr2	10	2	270	desecatam	desectam	perseus--phi0845.phi002.perseus-lat3	replace
columella--columella.rr2	11	2	330	araturus	saturus	perseus--phi0845.phi002.perseus-lat3	replace
columella--columella.rr2	12	3	394	obiacentem	subiacentem	perseus--phi0845.phi002.perseus-lat3	replace
columella--columella.rr2	12	4	1705	esxpectatur	expectatur	perseus--phi0845.phi002.perseus-lat3	replace
columella--columella.rr2	13	4	761	conditui	conditu	perseus--phi0845.phi002.perseus-lat3	replace
columella--columella.rr3	1	3	2139	easdam	easdem	perseus--phi0845.phi002.perseus-lat3	replace
columella--columella.rr3	1	3	1761	sicccam	siccam	perseus--phi0845.phi002.perseus-lat3	replace
columella--columella.rr3	3	1	2376	emarcum	marcum	perseus--phi0845.phi002.perseus-lat3	replace
columella--columella.rr3	4	1	3814	vinesque	vineasque	perseus--phi0845.phi002.perseus-lat3	replace
columella--columella.rr3	4	1	1482	octogenae	octingenae	perseus--phi0845.phi002.perseus-lat3	replace
columella--columella.rr3	4	1	901	sexcenas	sescenas	perseus--phi0845.phi002.perseus-lat3	replace
columella--columella.rr3	4	3	1155	unumquodque	unum quodque	perseus--phi0845.phi002.perseus-lat3	split
columella--columella.rr3	5	4	1137	vestitate	vastitate	perseus--phi0845.phi002.perseus-lat3	replace
columella--columella.rr3	6	1	652	tumetiam	tum etiam	perseus--phi0845.phi002.perseus-lat3	split
columella--columella.rr3	7	1	2057	lagatur	legatur	perseus--phi0845.phi002.perseus-lat3	replace
columella--columella.rr3	7	2	1774	submittentem	summittentem	perseus--phi0845.phi002.perseus-lat3	replace
columella--columella.rr3	8	1	1143	prodentissime	prudentissime	perseus--phi0845.phi002.perseus-lat3	replace
columella--columella.rr3	8	2	4054	humentem	umentem	perseus--phi0845.phi002.perseus-lat3	replace
columella--columella.rr3	8	2	2631	regesti	regestus	perseus--phi0845.phi002.perseus-lat3	replace
columella--columella.rr3	9	1	895	coarctata	coartata	perseus--phi0845.phi002.perseus-lat3	replace
columella--columella.rr3	10	1	4201	obtegantur	obtegatur	perseus--phi0845.phi002.perseus-lat3	replace
columella--columella.rr3	10	1	1719	solcorum	sulcorum	perseus--phi0845.phi002.perseus-lat3	replace
columella--columella.rr3	10	1	1532	culcum	sulcum	perseus--phi0845.phi002.perseus-lat3	replace
columella--columella.rr3	12	1	2701	recisumest	recisum est	perseus--phi0845.phi002.perseus-lat3	split
columella--columella.rr3	12	1	2679	racides	radices	perseus--phi0845.phi002.perseus-lat3	replace
columella--columella.rr3	13	3	1791	rursusfrigido	rursus frigido	perseus--phi0845.phi002.perseus-lat3	split
columella--columella.rr4	2	3	171	meteriam	materiam	perseus--phi0845.phi002.perseus-lat3	replace
columella--columella.rr4	2	5	1775	vitiuim	vitium	perseus--phi0845.phi002.perseus-lat3	replace
columella--columella.rr4	2	5	1528	sestarior	sextarios	perseus--phi0845.phi002.perseus-lat3	replace
columella--columella.rr4	2	5	922	congelationis	congelationibus	perseus--phi0845.phi002.perseus-lat3	replace
columella--columella.rr4	2	6	470	delacrumet	delacrimet	perseus--phi0845.phi002.perseus-lat3	replace
columella--columella.rr4	3	3	384	sengulae	singulae	perseus--phi0845.phi002.perseus-lat3	replace
columella--columella.rr4	3	6	297	mova	nova	perseus--phi0845.phi002.perseus-lat3	replace
columella--columella.rr4	3	6	230	alterumi	alterum	perseus--phi0845.phi002.perseus-lat3	replace
columella--columella.rr4	4	1	1511	submittendae	summittendae	perseus--phi0845.phi002.perseus-lat3	replace
columella--columella.rr4	4	2	1242	egerminaverint	egerminaverunt	perseus--phi0845.phi002.perseus-lat3	replace
columella--columella.rr4	4	2	584	adlaqueatio	ablaqueatio	perseus--phi0845.phi002.perseus-lat3	replace
columella--columella.rr4	4	3	913	frctus	fructus	perseus--phi0845.phi002.perseus-lat3	replace
columella--columella.rr4	4	4	596	deflirescendum	deflorescendum	perseus--phi0845.phi002.perseus-lat3	replace
columella--columella.rr4	4	4	111	delsissimam	celsissimam	perseus--phi0845.phi002.perseus-lat3	replace
columella--columella.rr4	5	1	983	uidam	quidam	perseus--phi0845.phi002.perseus-lat3	replace
columella--columella.rr4	5	3	1428	annodatus	adnodatus	perseus--phi0845.phi002.perseus-lat3	replace
columella--columella.rr4	5	3	1149	pongius	longius	perseus--phi0845.phi002.perseus-lat3	replace
columella--columella.rr4	6	1	5018	submittentur	summittentur	perseus--phi0845.phi002.perseus-lat3	replace
columella--columella.rr4	6	1	2447	deliberandus	delibrandus	perseus--phi0845.phi002.perseus-lat3	replace
columella--columella.rr4	7	1	2844	longipalmites	longi palmites	perseus--phi0845.phi002.perseus-lat3	split
columella--columella.rr4	7	1	2440	submittemus	summittimus	perseus--phi0845.phi002.perseus-lat3	replace
columella--columella.rr4	7	2	928	vilnerat	vulnerat	perseus--phi0845.phi002.perseus-lat3	replace
columella--columella.rr4	8	1	1378	profunderit	profuderit	perseus--phi0845.phi002.perseus-lat3	replace
columella--columella.rr4	9	1	360	stirpiuim	stirpium	perseus--phi0845.phi002.perseus-lat3	replace
columella--columella.rr4	10	2	47	nonrecipiunt	non recipiunt	perseus--phi0845.phi002.perseus-lat3	split
columella--columella.rr4	10	3	678	arundinetis	harundineti	perseus--phi0845.phi002.perseus-lat3	replace
columella--columella.rr5	1	2	4268	semiuncia	semuncia	perseus--phi0845.phi002.perseus-lat3	replace
columella--columella.rr5	9	2	5085	acrorem	acorem	perseus--phi0845.phi002.perseus-lat3	replace
columella--columella.rr6	1	4	1014	capulabuntur	capulantur	perseus--phi0845.phi002.perseus-lat3	replace
columella--columella.rr6	2	3	563	mistos	mixtos	perseus--phi0845.phi002.perseus-lat3	replace
columella--columella.rr6	3	2	207	immistum	immixtum	perseus--phi0845.phi002.perseus-lat3	replace
columella--columella.rr6	4	2	41	ordeaceae	hordeaceae	perseus--phi0845.phi002.perseus-lat3	replace
columella--columella.rr6	4	5	259	admistaque	admixtaque	perseus--phi0845.phi002.perseus-lat3	replace
columella--columella.rr6	5	4	2689	circumliniendus	circumlinendus	perseus--phi0845.phi002.perseus-lat3	replace
columella--columella.rr6	5	4	654	commistae	commixtae	perseus--phi0845.phi002.perseus-lat3	replace
columella--columella.rr6	7	4	214	essse	esse	perseus--phi0845.phi002.perseus-lat3	replace
columella--columella.rr6	8	1	1281	immistum	immixtum	perseus--phi0845.phi002.perseus-lat3	replace
columella--columella.rr7	4	2	1746	canobruma	cano bruma	perseus--phi0845.phi002.perseus-lat3	split
columella--columella.rr7	10	3	148	linendae	finiendae	perseus--phi0845.phi002.perseus-lat3	replace
columella--columella.rr8	8	1	3818	vigenos	vicenos	perseus--phi0845.phi002.perseus-lat3	replace
columella--columella.rr8	9	1	1680	vigenos	vicenos	perseus--phi0845.phi002.perseus-lat3	replace
columella--columella.rr8	9	1	98	quercedulae	querquedulae	perseus--phi0845.phi002.perseus-lat3	replace
columella--columella.rr8	9	2	2117	obcalluere	occalluere	perseus--phi0845.phi002.perseus-lat3	replace
curtius--curtius10	4	4	696	Dareius	Dareus	perseus--phi0860.phi001.perseus-lat2	replace
curtius--curtius10	5	4	150	desitione	seditione	perseus--phi0860.phi001.perseus-lat2	replace
curtius--curtius3	2	2	1217	forman	formam	perseus--phi0860.phi001.perseus-lat2	replace
curtius--curtius3	4	2	645	audius	auidius	perseus--phi0860.phi001.perseus-lat2	replace
curtius--curtius4	2	2	349	Sparanorum	Spartanorum	perseus--phi0860.phi001.perseus-lat2	replace
curtius--curtius4	3	1	930	semetipsi	semet ipsi	perseus--phi0860.phi001.perseus-lat2	split
curtius--curtius4	3	2	3351	romento	tormento	perseus--phi0860.phi001.perseus-lat2	replace
curtius--curtius4	4	4	204	quidcumque	quodcumque	perseus--phi0860.phi001.perseus-lat2	replace
curtius--curtius4	4	5	1061	obventi	obeunti	perseus--phi0860.phi001.perseus-lat2	replace
curtius--curtius4	5	1	1020	Athanagora	Athenagora	perseus--phi0860.phi001.perseus-lat2	replace
curtius--curtius4	6	5	663	traheat	trahebat	perseus--phi0860.phi001.perseus-lat2	replace
curtius--curtius4	7	4	663	heberent	haberent	perseus--phi0860.phi001.perseus-lat2	replace
curtius--curtius4	8	3	2084	malium	malum	perseus--phi0860.phi001.perseus-lat2	replace
curtius--curtius4	10	4	229	cudibus	ducibus	perseus--phi0860.phi001.perseus-lat2	replace
curtius--curtius4	14	4	1186	contiaverunt	concitaverunt	perseus--phi0860.phi001.perseus-lat2	replace
curtius--curtius5	5	1	959	Pesae	Persae	perseus--phi0860.phi001.perseus-lat2	replace
curtius--curtius5	8	5	517	adveti	adsveti	perseus--phi0860.phi001.perseus-lat2	replace
curtius--curtius6	2	2	361	exeminus	exemimus	perseus--phi0860.phi001.perseus-lat2	replace
curtius--curtius6	2	4	658	angastiae	angustiae	perseus--phi0860.phi001.perseus-lat2	replace
curtius--curtius6	4	1	1320	invebatur	intvebatur	perseus--phi0860.phi001.perseus-lat2	replace
curtius--curtius6	4	2	1222	adveti	adsveti	perseus--phi0860.phi001.perseus-lat2	replace
curtius--curtius6	8	1	1671	morturo	morituro	perseus--phi0860.phi001.perseus-lat2	replace
curtius--curtius6	9	5	309	reperito	repetito	perseus--phi0860.phi001.perseus-lat2	replace
curtius--curtius7	2	1	2766	obversaremur	aversaremur	perseus--phi0860.phi001.perseus-lat2	replace
curtius--curtius7	3	3	552	aentium	agentium	perseus--phi0860.phi001.perseus-lat2	replace
curtius--curtius7	6	1	913	praepararunt	praepararant	perseus--phi0860.phi001.perseus-lat2	replace
curtius--curtius7	8	1	5193	adrimans	adfirmans	perseus--phi0860.phi001.perseus-lat2	replace
curtius--curtius7	9	2	1774	haeras	haereas	perseus--phi0860.phi001.perseus-lat2	replace
curtius--curtius7	9	4	454	romenta	tormenta	perseus--phi0860.phi001.perseus-lat2	replace
curtius--curtius7	11	2	296	invenes	iuvenes	perseus--phi0860.phi001.perseus-lat2	replace
curtius--curtius8	3	1	5197	Philippu	Philippum	perseus--phi0860.phi001.perseus-lat2	replace
curtius--curtius8	3	1	2779	superegressus	supergressus	perseus--phi0860.phi001.perseus-lat2	replace
curtius--curtius8	5	1	1752	diditis	deditis	perseus--phi0860.phi001.perseus-lat2	replace
curtius--curtius8	5	2	1546	piissimorum	pessimorum	perseus--phi0860.phi001.perseus-lat2	replace
curtius--curtius8	12	1	2036	omitteat	omittebat	perseus--phi0860.phi001.perseus-lat2	replace
curtius--curtius9	3	2	286	Quotocuique	Quoto cuique	perseus--phi0860.phi001.perseus-lat2	split
curtius--curtius9	8	1	1832	Ptolamaei	Ptolomaei	perseus--phi0860.phi001.perseus-lat2	replace
curtius--curtius9	8	4	1442	naufragiam	naufragia	perseus--phi0860.phi001.perseus-lat2	replace
curtius--curtius9	9	4	3695	cobrii	sobrii	perseus--phi0860.phi001.perseus-lat2	replace
florus1	2	1	2206	civiutas	civitas	perseus--phi1242.phi001.perseus-lat1	replace
florus1	2	3	304	salutarat	salutaret	perseus--phi1242.phi001.perseus-lat1	replace
florus1	6	12	847	ubia	ubi a	perseus--phi1242.phi001.perseus-lat1	split
florus1	7	7	329	percutiut	percutiunt	perseus--phi1242.phi001.perseus-lat1	replace
florus1	8	7	444	adfictisque	adflictisque	perseus--phi1242.phi001.perseus-lat1	replace
florus1	9	2	936	certium	certum	perseus--phi1242.phi001.perseus-lat1	replace
florus1	10	1	2995	utriumque	utrimque	perseus--phi1242.phi001.perseus-lat1	replace
florus1	11	3	2140	concusserant	concusserat	perseus--phi1242.phi001.perseus-lat1	replace
florus1	14	6	1101	dispulisset	depulisset	perseus--phi1242.phi001.perseus-lat1	replace
florus1	16	1	412	unientem	uenientem	perseus--phi1242.phi001.perseus-lat1	replace
florus1	16	5	893	trangreditur	transgreditur	perseus--phi1242.phi001.perseus-lat1	replace
florus1	17	2	2164	convivorum	conviviorum	perseus--phi1242.phi001.perseus-lat1	replace
florus2	7	4	558	consalutabat	consalutant	perseus--phi1242.phi001.perseus-lat1	replace
florus2	7	7	533	ultrimque	utrimque	perseus--phi1242.phi001.perseus-lat1	replace
florus2	8	5	887	quadrigentae	quadringentae	perseus--phi1242.phi001.perseus-lat1	replace
florus2	9	4	634	flamman	flammam	perseus--phi1242.phi001.perseus-lat1	replace
florus2	9	9	481	elegarant	elegerant	perseus--phi1242.phi001.perseus-lat1	replace
gellius--gellius1	3	2	446	enthymemati	enthymemate	perseus--phi1254.phi001.perseus-lat2	replace
gellius--gellius1	7	1	2275	iurisconsultissimus	iuris consultissimus	perseus--phi1254.phi001.perseus-lat2	split
gellius--gellius10	7	2	39	diequarti	die quarti	perseus--phi1254.phi001.perseus-lat2	split
gellius--gellius11	5	1	2431	Sabrini	Sabini	perseus--phi1254.phi001.perseus-lat2	replace
gellius--gellius2	6	2	614	fibulatus	fabulatus	perseus--phi1254.phi001.perseus-lat2	replace
gellius--gellius2	9	1	2624	liabere	habere	perseus--phi1254.phi001.perseus-lat2	replace
gellius--gellius20	5	3	2608	legitumis	legitimis	perseus--phi1254.phi001.perseus-lat2	replace
gellius--gellius3	4	2	1392	letae	ietae	perseus--phi1254.phi001.perseus-lat2	replace
gellius--gellius5	1	4	1667	cuma	cum a	perseus--phi1254.phi001.perseus-lat2	split
gellius--gellius5	2	3	15	erroe	error	perseus--phi1254.phi001.perseus-lat2	replace
gellius--gellius5	3	2	1363	diiviictivo	diiunctivo	perseus--phi1254.phi001.perseus-lat2	replace
gellius--gellius6	6	2	1033	chirodyta	chiridota	perseus--phi1254.phi001.perseus-lat2	replace
gellius--gellius6	6	2	250	chirodytas	chiridotas	perseus--phi1254.phi001.perseus-lat2	replace
gellius--gelliuscapitula	3	1	2240	malign	maligni	perseus--phi1254.phi001.perseus-lat2	replace
gellius--gelliuscapitula	5	3	2952	diequarti	die quarti	perseus--phi1254.phi001.perseus-lat2	split
horace--carm1	4	1	81	pascust	pascunt	perseus--phi0893.phi001.perseus-lat2	replace
horace--carm1	4	9	66	descantes	decantes	perseus--phi0893.phi001.perseus-lat2	replace
horace--carm2	1	29	100	Anchillem	Achillem	perseus--phi0893.phi001.perseus-lat2	replace
horace--carm3	1	7	104	citharaequecantus	citharaeque cantus	perseus--phi0893.phi001.perseus-lat2	split
horace--carm3	1	29	30	Ionone	Iunone	perseus--phi0893.phi001.perseus-lat2	replace
horace--carm3	1	34	73	regnato	regnanto	perseus--phi0893.phi001.perseus-lat2	replace
horace--carm3	1	69	29	captius	captiua	perseus--phi0893.phi001.perseus-lat2	replace
horace--carm3	3	42	90	prosuisse	posuisse	perseus--phi0893.phi001.perseus-lat2	replace
horace--carm3	3	50	75	procucent	producent	perseus--phi0893.phi001.perseus-lat2	replace
horace--carm3	4	1	1850	haredi	heredi	perseus--phi0893.phi001.perseus-lat2	replace
horace--carm3	4	1	813	suscribi	subscribi	perseus--phi0893.phi001.perseus-lat2	replace
horace--carm3	4	10	0	umpat	rumpat	perseus--phi0893.phi001.perseus-lat2	replace
horace--carm3	4	11	53	inminentum	imminentium	perseus--phi0893.phi001.perseus-lat2	replace
horace--carm3	4	32	0	amdudum	iamdudum	perseus--phi0893.phi001.perseus-lat2	replace
horace--carm4	1	46	90	fedelibus	fidelibus	perseus--phi0893.phi001.perseus-lat2	replace
horace--carm4	1	57	97	falletet	falleret	perseus--phi0893.phi001.perseus-lat2	replace
horace--ep	2	5	552	povoces	provoces	perseus--phi0893.phi003.perseus-lat2	replace
horace--epist1	2	7	866	parpertate	paupertate	perseus--phi0893.phi005.perseus-lat2	replace
horace--epist1	3	1	2258	parestat	praestat	perseus--phi0893.phi005.perseus-lat2	replace
horace--epist1	4	1	190	contunderit	contuderit	perseus--phi0893.phi005.perseus-lat2	replace
horace--epist1	5	3	1173	tebus	rebus	perseus--phi0893.phi005.perseus-lat2	replace
horace--epist1	6	1	1388	chlanidem	chlamydem	perseus--phi0893.phi005.perseus-lat2	replace
horace--epist1	7	1	4601	tanquillet	tranquillet	perseus--phi0893.phi005.perseus-lat2	replace
horace--epist1	7	3	414	cessuere	cessauere	perseus--phi0893.phi005.perseus-lat2	replace
horace--epist2	4	1	2033	opturem	obturem	perseus--phi0893.phi005.perseus-lat2	replace
horace--serm1	3	1	1906	Hagnae	Agnae	perseus--phi0893.phi004.perseus-lat2	replace
horace--serm1	4	1	3203	Sulgi	Sulci	perseus--phi0893.phi004.perseus-lat2	replace
horace--serm1	7	1	1731	ÄIulius	Iulius	perseus--phi0893.phi004.perseus-lat2	replace
jerome--epistulae	2	2	53	focilatur	fodiatur	perseus--stoa0162.stoa004.perseus-lat2	replace
jerome--epistulae	4	8	471	miseretis	miseritis	perseus--stoa0162.stoa004.perseus-lat2	replace
jerome--epistulae	4	10	373	contigat	contingat	perseus--stoa0162.stoa004.perseus-lat2	replace
juvenal--1	1	2	4619	dubitemur	dubitemue	perseus--phi1276.phi001.perseus-lat2	replace
juvenal--1	1	2	3398	extrapocula	extra pocula	perseus--phi1276.phi001.perseus-lat2	split
juvenal--10	3	1	4139	formonsissimus	formosissimus	perseus--phi1276.phi001.perseus-lat2	replace
juvenal--6	4	1	4490	exortata	exorata	perseus--phi1276.phi001.perseus-lat2	replace
livy--liv.31	2	1	1087	Sapunto	Sagunto	perseus--phi0914.phi001.perseus-lat5	replace
livy--liv.33	10	7	652	traicisse	traiecisse	perseus--phi0914.phi001.perseus-lat5	replace
livy--liv.34	5	2	1337	detractator	detrectator	perseus--phi0914.phi001.perseus-lat5	replace
livy--liv.34	16	1	426	Lepcis	Leptis	perseus--phi0914.phi001.perseus-lat5	replace
livy--liv.35	9	2	1121	accierunt	adierunt	perseus--phi0914.phi001.perseus-lat5	replace
livy--liv.38	2	4	457	decurrererunt	decurrerunt	perseus--phi0914.phi001.perseus-lat5	replace
livy--liv.39	8	1	479	continedos	continendos	perseus--phi0914.phi001.perseus-lat5	replace
livy--liv.39	12	1	318	Nobilio	Nobilior	perseus--phi0914.phi001.perseus-lat5	replace
livy--liv.42	4	5	478	facinerum	facinorum	perseus--phi0914.phi001.perseus-lat5	replace
livy--liv.42	5	3	315	uageretur	uagaretur	perseus--phi0914.phi001.perseus-lat5	replace
livy--liv.42	7	2	473	exciuibus	ex ciuibus	perseus--phi0914.phi001.perseus-lat5	split
livy--liv.42	11	1	977	facinerum	facinorum	perseus--phi0914.phi001.perseus-lat5	replace
livy--liv.42	11	2	407	unusquilibet	unus quilibet	perseus--phi0914.phi001.perseus-lat5	split
livy--liv.42	14	4	553	ignoruntium	ignorantium	perseus--phi0914.phi001.perseus-lat5	replace
livy--liv.43	2	1	523	monstarent	monstrarent	perseus--phi0914.phi001.perseus-lat5	replace
livy--liv.44	9	1	1679	consultandium	consultandum	perseus--phi0914.phi001.perseus-lat5	replace
livy--liv.45	3	3	1165	amoenibus	a moenibus	perseus--phi0914.phi001.perseus-lat5	split
livy--liv.45	10	1	1244	iuuenisset	inuenisset	perseus--phi0914.phi001.perseus-lat5	replace
livy--liv.45	12	2	166	plaustorum	plaustrorum	perseus--phi0914.phi001.perseus-lat5	replace
lucan--lucan10	2	1	2885	neclecte	neglecte	perseus--phi0917.phi001.perseus-lat2	replace
lucan--lucan2	2	1	550	neclectum	neglectum	perseus--phi0917.phi001.perseus-lat2	replace
lucan--lucan2	3	1	3032	complossas	compressas	perseus--phi0917.phi001.perseus-lat2	replace
lucan--lucan2	5	1	3740	ecfunditur	effunditur	perseus--phi0917.phi001.perseus-lat2	replace
lucan--lucan9	6	1	4869	Gorgonos	Gorgonis	perseus--phi0917.phi001.perseus-lat2	replace
lucan--lucan9	6	1	4189	Gorgonos	Gorgonis	perseus--phi0917.phi001.perseus-lat2	replace
martial--mart1	2	15	59	quareret	quaereret	perseus--phi1294.phi002.perseus-lat2	replace
martial--mart1	2	22	701	inligatatas	inligatas	perseus--phi1294.phi002.perseus-lat2	replace
martial--mart1	2	22	194	dilicati	delicati	perseus--phi1294.phi002.perseus-lat2	replace
martial--mart1	4	3	362	perneuerit	peruenerit	perseus--phi1294.phi002.perseus-lat2	replace
martial--mart1	4	14	357	sumptusiora	sumptuosiora	perseus--phi1294.phi002.perseus-lat2	replace
martial--mart1	5	4	52	mitatur	miratur	perseus--phi1294.phi002.perseus-lat2	replace
martial--mart11	1	5	242	Iectores	Lectores	perseus--phi1294.phi002.perseus-lat2	replace
martial--mart11	1	17	127	arbole	arbore	perseus--phi1294.phi002.perseus-lat2	replace
martial--mart11	1	17	11	nesterni	hesterni	perseus--phi1294.phi002.perseus-lat2	replace
martial--mart11	2	17	566	paropsidasque	paropsidesque	perseus--phi1294.phi002.perseus-lat2	replace
martial--mart11	2	17	463	bellarius	cellarius	perseus--phi1294.phi002.perseus-lat2	replace
martial--mart11	3	10	183	Deccare	Peccare	perseus--phi1294.phi002.perseus-lat2	replace
martial--mart11	4	51	44	acertos	lacertos	perseus--phi1294.phi002.perseus-lat2	replace
martial--mart13	1	20	10	simulae	similae	perseus--phi1294.phi002.perseus-lat2	replace
martial--mart13	2	91	62	commodia	commodiora	perseus--phi1294.phi002.perseus-lat2	replace
martial--mart2	1	17	201	petundur	petuntur	perseus--phi1294.phi002.perseus-lat2	replace
martial--mart2	2	4	141	agelllum	agellum	perseus--phi1294.phi002.perseus-lat2	replace
martial--mart2	2	25	182	chrydendeta	chrysendeta	perseus--phi1294.phi002.perseus-lat2	replace
martial--mart3	1	20	231	dereriore	deteriore	perseus--phi1294.phi002.perseus-lat2	replace
martial--mart3	4	3	954	tustorque	ustorque	perseus--phi1294.phi002.perseus-lat2	replace
martial--mart4	3	1	223	plaestras	palaestras	perseus--phi1294.phi002.perseus-lat2	replace
martial--mart4	3	5	132	reguit	riguit	perseus--phi1294.phi002.perseus-lat2	replace
martial--mart5	1	8	118	senctam	senectam	perseus--phi1294.phi002.perseus-lat2	replace
martial--mart5	1	20	508	uxuria	luxuria	perseus--phi1294.phi002.perseus-lat2	replace
martial--mart5	1	20	470	flammatisue	flammarisue	perseus--phi1294.phi002.perseus-lat2	replace
martial--mart5	2	16	831	lucupletem	locupletem	perseus--phi1294.phi002.perseus-lat2	replace
martial--mart5	3	11	138	fictibus	fictilibus	perseus--phi1294.phi002.perseus-lat2	replace
martial--mart6	3	11	81	tonsit	tonsis	perseus--phi1294.phi002.perseus-lat2	replace
martial--mart7	2	22	283	reganator	regnator	perseus--phi1294.phi002.perseus-lat2	replace
martial--mart7	3	8	107	mandidoque	madidoque	perseus--phi1294.phi002.perseus-lat2	replace
martial--mart7	4	10	131	similen	similem	perseus--phi1294.phi002.perseus-lat2	replace
martial--mart7	4	18	193	uerbaratus	uerberatus	perseus--phi1294.phi002.perseus-lat2	replace
martial--mart8	1	9	605	torcumata	toreumata	perseus--phi1294.phi002.perseus-lat2	replace
martial--mart8	1	13	58	Lucrifecit	Lucri fecit	perseus--phi1294.phi002.perseus-lat2	split
martial--mart8	1	26	87	lcuis	leuis	perseus--phi1294.phi002.perseus-lat2	replace
martial--mart8	2	3	298	sacuior	saeuior	perseus--phi1294.phi002.perseus-lat2	replace
martial--mart8	2	6	373	lcuiter	leuiter	perseus--phi1294.phi002.perseus-lat2	replace
martial--mart8	2	9	362	Phocbi	Phoebi	perseus--phi1294.phi002.perseus-lat2	replace
martial--mart8	2	17	489	plutcum	pluteum	perseus--phi1294.phi002.perseus-lat2	replace
martial--mart8	3	1	212	niucum	niueum	perseus--phi1294.phi002.perseus-lat2	replace
martial--mart9	1	3	297	Iocuto	Locuto	perseus--phi1294.phi002.perseus-lat2	replace
martial--mart9	2	7	293	intenus	interius	perseus--phi1294.phi002.perseus-lat2	replace
martial--mart9	2	27	174	Iubrica	Lubrica	perseus--phi1294.phi002.perseus-lat2	replace
martial--mart9	2	35	104	Deiphis	Delphis	perseus--phi1294.phi002.perseus-lat2	replace
martial--mart9	3	21	332	FIacce	Flacce	perseus--phi1294.phi002.perseus-lat2	replace
martial--mart9	3	25	434	lacemis	lacernis	perseus--phi1294.phi002.perseus-lat2	replace
martial--mart9	4	23	290	apsentemque	absentemque	perseus--phi1294.phi002.perseus-lat2	replace
martial--mart9	4	23	24	cemitis	cernitis	perseus--phi1294.phi002.perseus-lat2	replace
martial--mart9	5	19	54	Iateri	Lateri	perseus--phi1294.phi002.perseus-lat2	replace
minucius	12	5	1283	innnocentiam	innocentiam	perseus--stoa0203.stoa001.perseus-lat2	replace
nepos--nepos.att	4	1	797	ultumis	ultimis	perseus--phi0588.abo025.perseus-lat2	replace
nepos--nepos.epam	2	2	646	imperatoren	imperatorem	perseus--phi0588.abo015.perseus-lat2	replace
nepos--nepos.epam	2	4	1039	feisse	fuisse	perseus--phi0588.abo015.perseus-lat2	replace
nepos--nepos.lys	1	2	1031	unaquaque	una quaque	perseus--phi0588.abo006.perseus-lat2	split
nepos--nepos.phoc	1	5	799	feit	fuit	perseus--phi0588.abo019.perseus-lat2	replace
ovid--ovid.fasti5	1	4	1883	adclivi	acclini	perseus--phi0959.phi007.perseus-lat2	replace
ovid--ovid.her11	1	5	3432	rapidarum	rabidarum	perseus--phi0959.phi002.perseus-lat2	replace
ovid--ovid.her12	1	3	11	comtempta	contempta	perseus--phi0959.phi002.perseus-lat2	replace
ovid--ovid.her19	2	1	826	etn	en	perseus--phi0959.phi002.perseus-lat2	replace
ovid--ovid.her20	1	3	26	namen	nomen	perseus--phi0959.phi002.perseus-lat2	replace
ovid--ovid.her7	1	5	5401	Didon	Dido	perseus--phi0959.phi002.perseus-lat2	replace
ovid--ovid.her7	1	5	42	Didon	Dido	perseus--phi0959.phi002.perseus-lat2	replace
ovid--ovid.her9	1	4	820	sturpi	turpi	perseus--phi0959.phi002.perseus-lat2	replace
ovid--ovid.met14	4	1	3292	vincinaque	vicinaque	perseus--phi0959.phi006.perseus-lat2	replace
ovid--ovid.met7	3	1	5217	crurorem	cruorem	perseus--phi0959.phi006.perseus-lat2	replace
ovid--ovid.tristia2	3	1	4597	uirunique	uirumque	perseus--phi0959.phi008.perseus-lat2	replace
ovid--ovid.tristia5	4	1	1744	annuerimque	adnuerimque	perseus--phi0959.phi008.perseus-lat2	replace
petronius1	3	1	1117	saenit	saeuit	perseus--phi0972.phi001.perseus-lat2	replace
petronius1	6	6	611	caryatis	caryotis	perseus--phi0972.phi001.perseus-lat2	replace
petronius1	6	7	563	caryatas	caryotas	perseus--phi0972.phi001.perseus-lat2	replace
petronius1	7	2	882	oracularios	oricularios	perseus--phi0972.phi001.perseus-lat2	replace
petronius1	7	3	2045	exrabant	exorabant	perseus--phi0972.phi001.perseus-lat2	replace
petronius1	7	4	2042	licuius	alicuius	perseus--phi0972.phi001.perseus-lat2	replace
petronius1	8	2	251	maleicorium	malicorium	perseus--phi0972.phi001.perseus-lat2	replace
petronius1	9	6	387	acroemata	acroamata	perseus--phi0972.phi001.perseus-lat2	replace
petronius1	9	13	33	deiciehat	deiciebat	perseus--phi0972.phi001.perseus-lat2	replace
petronius1	12	1	483	sciribilita	scriblita	perseus--phi0972.phi001.perseus-lat2	replace
petronius1	12	1	404	sciribilita	scriblita	perseus--phi0972.phi001.perseus-lat2	replace
petronius1	12	3	503	circulatum	circumlatum	perseus--phi0972.phi001.perseus-lat2	replace
petronius1	12	11	201	palumbam	palumbum	perseus--phi0972.phi001.perseus-lat2	replace
petronius1	15	4	191	abscindam	abscidam	perseus--phi0972.phi001.perseus-lat2	replace
petronius1	15	5	148	certitis	uertitis	perseus--phi0972.phi001.perseus-lat2	replace
petronius1	17	2	672	lmmo	immo	perseus--phi0972.phi001.perseus-lat2	replace
petronius1	18	7	136	tumosam	fumosam	perseus--phi0972.phi001.perseus-lat2	replace
petronius1	19	3	430	anhelilu	anhelitu	perseus--phi0972.phi001.perseus-lat2	replace
petronius1	19	5	2028	circuiturum	circumiturum	perseus--phi0972.phi001.perseus-lat2	replace
petronius1	20	7	239	concuxi	concoxi	perseus--phi0972.phi001.perseus-lat2	replace
petronius1	21	3	1683	adbscissurum	abscisurum	perseus--phi0972.phi001.perseus-lat2	replace
petronius1	22	2	521	insipitum	insignitum	perseus--phi0972.phi001.perseus-lat2	replace
petronius1	24	1	662	negotatio	negotiatio	perseus--phi0972.phi001.perseus-lat2	replace
petronius1	24	1	71	divitationis	divinationis	perseus--phi0972.phi001.perseus-lat2	replace
petronius1	24	2	151	detractator	detrectator	perseus--phi0972.phi001.perseus-lat2	replace
petronius1	24	3	510	intrenti	ingenti	perseus--phi0972.phi001.perseus-lat2	replace
petronius1	26	1	2286	regumen	regimen	perseus--phi0972.phi001.perseus-lat2	replace
petronius1	26	1	1733	miserable	miserabile	perseus--phi0972.phi001.perseus-lat2	replace
petronius1	27	3	344	Eoden	Eodem	perseus--phi0972.phi001.perseus-lat2	replace
petronius1	27	14	411	prolulit	protulit	perseus--phi0972.phi001.perseus-lat2	replace
petronius1	29	5	785	calcumentorum	calceamentorum	perseus--phi0972.phi001.perseus-lat2	replace
petronius1	30	4	794	dislulit	distulit	perseus--phi0972.phi001.perseus-lat2	replace
petroniusfrag	1	46	252	didiunctus	disiunctus	perseus--phi0972.phi001p.perseus-lat1	replace
petroniusfrag	1	58	254	referare	reserare	perseus--phi0972.phi001p.perseus-lat1	replace
petroniusfrag	1	58	166	simulatius	cumulatius	perseus--phi0972.phi001p.perseus-lat1	replace
plautus--cas	1	14	1164	fenestramfirmiter	fenestram firmiter	perseus--phi0119.phi006.perseus-lat2	split
plautus--cas	1	14	903	taceruom	aceruom	perseus--phi0119.phi006.perseus-lat2	replace
plautus--cas	2	1	167	querellls	querellas	perseus--phi0119.phi006.perseus-lat2	replace
plautus--cas	2	5	179	lituntur	utuntur	perseus--phi0119.phi006.perseus-lat2	replace
plautus--cas	3	4	87	mlhi	mihi	perseus--phi0119.phi006.perseus-lat2	replace
plautus--cas	3	9	485	ameici	amici	perseus--phi0119.phi006.perseus-lat2	replace
plautus--cas	4	1	391	eenses	censes	perseus--phi0119.phi006.perseus-lat2	replace
plautus--cas	4	2	912	nuna	nunc	perseus--phi0119.phi006.perseus-lat2	replace
plautus--cas	4	5	332	facitodum	facito dum	perseus--phi0119.phi006.perseus-lat2	split
plautus--cas	4	13	983	offLciumst	officiumst	perseus--phi0119.phi006.perseus-lat2	replace
plautus--cas	4	15	893	missurun	missurusne	perseus--phi0119.phi006.perseus-lat2	replace
plautus--cas	5	1	158	espetam	expetam	perseus--phi0119.phi006.perseus-lat2	replace
plautus--cas	5	2	862	discipinam	disciplinam	perseus--phi0119.phi006.perseus-lat2	replace
plautus--cas	5	11	223	hortatar	hortatur	perseus--phi0119.phi006.perseus-lat2	replace
plautus--cas	5	15	252	eccem	eccum	perseus--phi0119.phi006.perseus-lat2	replace
plautus--cas	5	15	144	possuma	pessuma	perseus--phi0119.phi006.perseus-lat2	replace
plautus--cas	6	10	59	hiuc	hinc	perseus--phi0119.phi006.perseus-lat2	replace
plautus--cas	6	14	157	llico	ilico	perseus--phi0119.phi006.perseus-lat2	replace
plautus--cas	6	16	49	pereutit	percutit	perseus--phi0119.phi006.perseus-lat2	replace
plautus--cas	6	16	29	peetus	pectus	perseus--phi0119.phi006.perseus-lat2	replace
plautus--cas	7	1	767	seiens	sciens	perseus--phi0119.phi006.perseus-lat2	replace
plautus--cas	7	2	684	dlcitis	dicitis	perseus--phi0119.phi006.perseus-lat2	replace
plautus--cas	7	2	493	tdicta	dicta	perseus--phi0119.phi006.perseus-lat2	replace
plautus--menaechmi	6	7	1559	siam	iam	perseus--phi0119.phi010.perseus-lat2	replace
pliny.ep2	6	1	332	abdicitque	abditique	perseus--phi1318.phi001.perseus-lat1	replace
pliny.ep9	2	7	1715	ÎOmnia	Omnia	perseus--phi1318.phi001.perseus-lat1	replace
pliny.nh1	1	3	1291	tonitiribus	tonitribus	perseus--phi0978.phi001.perseus-lat2	replace
pliny.nh1	1	3	897	caelestibusde	caelestibus de	perseus--phi0978.phi001.perseus-lat2	split
pliny.nh1	1	3	738	caelstibus	caelestibus	perseus--phi0978.phi001.perseus-lat2	replace
pliny.nh1	2	11	107	Asionio	Asinio	perseus--phi0978.phi001.perseus-lat2	replace
pliny.nh1	3	6	162	Seeca	Seneca	perseus--phi0978.phi001.perseus-lat2	replace
pliny.nh1	4	1	541	notitita	notitia	perseus--phi0978.phi001.perseus-lat2	replace
pliny.nh1	5	1	652	iminica	inimica	perseus--phi0978.phi001.perseus-lat2	replace
pliny.nh1	6	3	496	Diagor	Diagora	perseus--phi0978.phi001.perseus-lat2	replace
pliny.nh1	6	6	677	charatae	chartae	perseus--phi0978.phi001.perseus-lat2	replace
pliny.nh1	6	11	582	labursca	labrusca	perseus--phi0978.phi001.perseus-lat2	replace
pliny.nh1	7	6	3167	Agamemenone	Agamemnone	perseus--phi0978.phi001.perseus-lat2	replace
pliny.nh1	10	1	3949	canthemis	anthemis	perseus--phi0978.phi001.perseus-lat2	replace
pliny.nh1	11	1	1310	fruex	frutex	perseus--phi0978.phi001.perseus-lat2	replace
pliny.nh1	16	1	808	salubirtate	salubritate	perseus--phi0978.phi001.perseus-lat2	replace
pliny.nh1	16	6	1046	observatones	observationes	perseus--phi0978.phi001.perseus-lat2	replace
pliny.nh1	17	1	407	postiae	positae	perseus--phi0978.phi001.perseus-lat2	replace
pliny.nh1	17	1	307	santiquas	antiquas	perseus--phi0978.phi001.perseus-lat2	replace
pliny.nh1	17	3	193	marabilia	mirabilia	perseus--phi0978.phi001.perseus-lat2	replace
pliny.nh1	18	2	17	Vcarrone	Varrone	perseus--phi0978.phi001.perseus-lat2	replace
pliny.nh1	19	1	3523	sideropeocilos	sideropoecilos	perseus--phi0978.phi001.perseus-lat2	replace
pliny.nh1	19	1	1731	apisatis	aspisatis	perseus--phi0978.phi001.perseus-lat2	replace
pliny.nh1	19	1	78	scaptores	scalptores	perseus--phi0978.phi001.perseus-lat2	replace
pliny.nh2	1	6	456	convexu	convexus	perseus--phi0978.phi001.perseus-lat2	replace
pliny.nh2	1	13	16	caleumque	caelumque	perseus--phi0978.phi001.perseus-lat2	replace
pliny.nh2	2	6	192	mortalies	mortales	perseus--phi0978.phi001.perseus-lat2	replace
pliny.nh2	2	8	167	deicdere	decidere	perseus--phi0978.phi001.perseus-lat2	replace
pliny.nh2	2	9	393	obliquiatem	obliquitatem	perseus--phi0978.phi001.perseus-lat2	replace
pliny.nh2	2	11	152	crtum	certum	perseus--phi0978.phi001.perseus-lat2	replace
pliny.nh2	2	15	85	congominibus	cognominibus	perseus--phi0978.phi001.perseus-lat2	replace
pliny.nh2	2	20	94	remdium	remedium	perseus--phi0978.phi001.perseus-lat2	replace
pliny.nh2	3	9	478	dconditae	conditae	perseus--phi0978.phi001.perseus-lat2	replace
pliny.nh2	3	12	98	primare	primaue	perseus--phi0978.phi001.perseus-lat2	replace
pliny.nh2	3	13	286	heetari	hebetari	perseus--phi0978.phi001.perseus-lat2	replace
pliny.nh2	3	14	127	semunicas	semuncias	perseus--phi0978.phi001.perseus-lat2	replace
pliny.nh2	4	1	432	verspertinamque	vespertinamque	perseus--phi0978.phi001.perseus-lat2	replace
pliny.nh2	4	1	186	inequuntur	insequuntur	perseus--phi0978.phi001.perseus-lat2	replace
pliny.nh2	5	1	115	sidre	sidere	perseus--phi0978.phi001.perseus-lat2	replace
pliny.nh2	5	2	45	aigno	signo	perseus--phi0978.phi001.perseus-lat2	replace
pliny.nh2	5	4	48	dimidos	dimidios	perseus--phi0978.phi001.perseus-lat2	replace
pliny.nh2	5	9	711	donstet	constet	perseus--phi0978.phi001.perseus-lat2	replace
pliny.nh2	5	13	193	hsipidas	hispidas	perseus--phi0978.phi001.perseus-lat2	replace
pliny.nh2	6	5	712	caperete	caperet	perseus--phi0978.phi001.perseus-lat2	replace
pliny.nh2	6	8	84	speiceae	spiceae	perseus--phi0978.phi001.perseus-lat2	replace
pliny.nh2	7	3	233	coneiectu	coniectu	perseus--phi0978.phi001.perseus-lat2	replace
pliny.nh2	7	14	411	indifgenarum	indigenarum	perseus--phi0978.phi001.perseus-lat2	replace
pliny.nh2	8	1	655	quilo	aquilo	perseus--phi0978.phi001.perseus-lat2	replace
pliny.nh2	8	2	393	nomie	nomine	perseus--phi0978.phi001.perseus-lat2	replace
pliny.nh2	8	8	253	praeterqueam	praeterquam	perseus--phi0978.phi001.perseus-lat2	replace
pliny.nh2	8	11	580	adperuvere	adaperuere	perseus--phi0978.phi001.perseus-lat2	replace
pliny.nh2	8	14	147	vertiigne	vertigine	perseus--phi0978.phi001.perseus-lat2	replace
pliny.nh2	8	14	47	gelidia	gelida	perseus--phi0978.phi001.perseus-lat2	replace
pliny.nh2	9	6	409	sdacra	sacra	perseus--phi0978.phi001.perseus-lat2	replace
pliny.nh2	9	9	91	aequinocatialem	aequinoctialem	perseus--phi0978.phi001.perseus-lat2	replace
pliny.nh2	9	10	113	dictori	dictatori	perseus--phi0978.phi001.perseus-lat2	replace
pliny.nh2	10	6	421	havente	habente	perseus--phi0978.phi001.perseus-lat2	replace
pliny.nh2	10	10	327	exprobato	exprobrato	perseus--phi0978.phi001.perseus-lat2	replace
pliny.nh2	11	5	108	ermeigatus	eremigatus	perseus--phi0978.phi001.perseus-lat2	replace
pliny.nh2	11	6	129	exterea	extera	perseus--phi0978.phi001.perseus-lat2	replace
pliny.nh2	11	8	321	bastae	uastae	perseus--phi0978.phi001.perseus-lat2	replace
pliny.nh2	11	8	248	aplitudinis	amplitudinis	perseus--phi0978.phi001.perseus-lat2	replace
pliny.nh2	11	10	212	viciono	vicino	perseus--phi0978.phi001.perseus-lat2	replace
pliny.nh2	11	11	411	exercimus	exercemus	perseus--phi0978.phi001.perseus-lat2	replace
pliny.nh2	11	13	377	hisi	nisi	perseus--phi0978.phi001.perseus-lat2	replace
pliny.nh2	12	4	967	solstitum	solstitium	perseus--phi0978.phi001.perseus-lat2	replace
pliny.nh2	12	4	105	utantibus	mutantibus	perseus--phi0978.phi001.perseus-lat2	replace
pliny.nh2	12	5	50	Aethipum	Aethiopum	perseus--phi0978.phi001.perseus-lat2	replace
pliny.nh2	12	6	87	Onesiciritus	Onesicritus	perseus--phi0978.phi001.perseus-lat2	replace
pliny.nh2	12	6	42	adnotantum	adnotatum	perseus--phi0978.phi001.perseus-lat2	replace
pliny.nh2	13	1	525	ferevente	fervente	perseus--phi0978.phi001.perseus-lat2	replace
pliny.nh2	13	1	243	comitaturqe	comitaturque	perseus--phi0978.phi001.perseus-lat2	replace
pliny.nh2	13	1	222	curu	cursu	perseus--phi0978.phi001.perseus-lat2	replace
pliny.nh2	13	8	50	mareis	maris	perseus--phi0978.phi001.perseus-lat2	replace
pliny.nh2	13	13	19	Oridum	Oricum	perseus--phi0978.phi001.perseus-lat2	replace
pliny.nh2	14	3	632	nomora	nemora	perseus--phi0978.phi001.perseus-lat2	replace
pliny.nh2	14	5	410	incalciamento	in calciamento	perseus--phi0978.phi001.perseus-lat2	split
pliny.nh2	14	9	306	oongius	longius	perseus--phi0978.phi001.perseus-lat2	replace
pliny.nh2	14	11	425	cluaduntur	clauduntur	perseus--phi0978.phi001.perseus-lat2	replace
pliny.nh2	15	3	320	culces	dulces	perseus--phi0978.phi001.perseus-lat2	replace
pliny.nh2	15	5	606	Rtubro	Rubro	perseus--phi0978.phi001.perseus-lat2	replace
pliny.nh2	16	5	314	repertiur	reperitur	perseus--phi0978.phi001.perseus-lat2	replace
pliny.nh2	16	6	294	alerius	ualerius	perseus--phi0978.phi001.perseus-lat2	replace
pliny.nh2	16	12	141	subtitlitate	subtilitate	perseus--phi0978.phi001.perseus-lat2	replace
pliny.nh3	1	4	357	veco	vico	perseus--phi0978.phi001.perseus-lat2	replace
pliny.nh3	1	4	200	dexterea	dextera	perseus--phi0978.phi001.perseus-lat2	replace
pliny.nh3	1	11	693	destra	dextra	perseus--phi0978.phi001.perseus-lat2	replace
pliny.nh3	2	2	347	fluminem	fluminum	perseus--phi0978.phi001.perseus-lat2	replace
pliny.nh3	2	3	54	Gadix	Gadis	perseus--phi0978.phi001.perseus-lat2	replace
pliny.nh3	3	7	170	deumelecta	deum electa	perseus--phi0978.phi001.perseus-lat2	split
pliny.nh3	5	3	540	insiginis	insignis	perseus--phi0978.phi001.perseus-lat2	replace
pliny.nh3	5	6	257	Columnia	Columna	perseus--phi0978.phi001.perseus-lat2	replace
pliny.nh3	5	9	17	hanec	haec	perseus--phi0978.phi001.perseus-lat2	replace
pliny.nh3	5	20	420	Pachymum	Pachynum	perseus--phi0978.phi001.perseus-lat2	replace
pliny.nh3	6	14	343	prmis	primis	perseus--phi0978.phi001.perseus-lat2	replace
pliny.nh3	7	4	106	Vacunaenemora	Vacunae nemora	perseus--phi0978.phi001.perseus-lat2	split
pliny.nh3	7	5	49	mutitudinis	multitudinis	perseus--phi0978.phi001.perseus-lat2	replace
pliny.nh3	8	2	371	originiem	originem	perseus--phi0978.phi001.perseus-lat2	replace
pliny.nh3	8	12	109	muicipis	municipis	perseus--phi0978.phi001.perseus-lat2	replace
pliny.nh3	9	3	377	cognomins	cognominis	perseus--phi0978.phi001.perseus-lat2	replace
pliny.nh4	1	2	257	ealio	alio	perseus--phi0978.phi001.perseus-lat2	replace
pliny.nh4	1	4	156	praetendentur	praetenduntur	perseus--phi0978.phi001.perseus-lat2	replace
pliny.nh4	1	7	482	ainu	sinu	perseus--phi0978.phi001.perseus-lat2	replace
pliny.nh4	1	11	255	Demeterius	Demetrius	perseus--phi0978.phi001.perseus-lat2	replace
pliny.nh4	2	5	14	citiates	ciuitates	perseus--phi0978.phi001.perseus-lat2	replace
pliny.nh4	2	6	25	Hella	Hellas	perseus--phi0978.phi001.perseus-lat2	replace
pliny.nh4	3	5	213	pssesso	possesso	perseus--phi0978.phi001.perseus-lat2	replace
pliny.nh4	3	13	267	Aprox	Apros	perseus--phi0978.phi001.perseus-lat2	replace
pliny.nh4	3	14	22	Isthmios	Isthmos	perseus--phi0978.phi001.perseus-lat2	replace
pliny.nh4	4	11	225	distants	distans	perseus--phi0978.phi001.perseus-lat2	replace
pliny.nh4	4	13	132	Chalcie	Chalcide	perseus--phi0978.phi001.perseus-lat2	replace
pliny.nh4	5	1	277	unguneto	unguento	perseus--phi0978.phi001.perseus-lat2	replace
pliny.nh4	5	13	446	ignotic	ignoti	perseus--phi0978.phi001.perseus-lat2	replace
pliny.nh4	5	13	114	grippa	agrippa	perseus--phi0978.phi001.perseus-lat2	replace
pliny.nh4	6	5	157	careuleo	caeruleo	perseus--phi0978.phi001.perseus-lat2	replace
pliny.nh4	6	6	298	autmnum	autumnum	perseus--phi0978.phi001.perseus-lat2	replace
pliny.nh4	6	7	318	serer	serere	perseus--phi0978.phi001.perseus-lat2	replace
pliny.nh4	6	8	27	genete	gente	perseus--phi0978.phi001.perseus-lat2	replace
pliny.nh4	6	15	90	mesnura	mensura	perseus--phi0978.phi001.perseus-lat2	replace
pliny.nh4	7	6	98	dinstincta	distincta	perseus--phi0978.phi001.perseus-lat2	replace
pliny.nh4	7	11	110	inmesnum	inmensum	perseus--phi0978.phi001.perseus-lat2	replace
pliny.nh5	1	3	332	facerete	faceret	perseus--phi0978.phi001.perseus-lat2	replace
pliny.nh5	1	7	108	conomen	cognomen	perseus--phi0978.phi001.perseus-lat2	replace
pliny.nh5	1	12	316	preafuere	praefuere	perseus--phi0978.phi001.perseus-lat2	replace
pliny.nh5	1	19	274	Rhysaddiroppidum	Rhysaddir oppidum	perseus--phi0978.phi001.perseus-lat2	split
pliny.nh5	4	4	147	celbrantur	celebrantur	perseus--phi0978.phi001.perseus-lat2	replace
pliny.nh5	4	11	222	parts	pars	perseus--phi0978.phi001.perseus-lat2	replace
pliny.nh5	5	4	380	optimet	optinet	perseus--phi0978.phi001.perseus-lat2	replace
pliny.nh5	5	16	86	haernis	harenis	perseus--phi0978.phi001.perseus-lat2	replace
pliny.nh5	6	2	142	Lycs	Lycus	perseus--phi0978.phi001.perseus-lat2	replace
pliny.nh5	7	8	47	aliqunado	aliquando	perseus--phi0978.phi001.perseus-lat2	replace
pliny.nh5	7	10	225	contineti	continenti	perseus--phi0978.phi001.perseus-lat2	replace
pliny.nh5	8	3	574	culcis	dulcis	perseus--phi0978.phi001.perseus-lat2	replace
pliny.nh5	9	1	99	cixit	dixit	perseus--phi0978.phi001.perseus-lat2	replace
pliny.nh5	9	7	558	disterminunt	disterminat	perseus--phi0978.phi001.perseus-lat2	replace
pliny.nhpr	2	7	474	vitiligent	vitilitigent	perseus--phi0978.phi001.perseus-lat2	replace
prudentius--prud.psycho	3	1	5679	aÎra	aera	perseus--stoa0238.stoa002.perseus-lat2	replace
prudentius--prud.psycho	5	1	1354	aÎnos	aenos	perseus--stoa0238.stoa002.perseus-lat2	replace
prudentius--prud.psycho	6	1	2547	intressurus	ingressurus	perseus--stoa0238.stoa002.perseus-lat2	replace
prudentius--prud.psycho	6	2	3713	aÎrius	aerius	perseus--stoa0238.stoa002.perseus-lat2	replace
prudentius--prud.psycho	7	1	361	aÎre	aere	perseus--stoa0238.stoa002.perseus-lat2	replace
prudentius--prud1	1	20	48	uerberunt	uerberum	perseus--stoa0238.stoa001.perseus-lat2	replace
prudentius--prud10	1	10	35	Aselepiades	Asclepiades	perseus--stoa0238.stoa001.perseus-lat2	replace
prudentius--prud10	1	18	0	Populate	Populare	perseus--stoa0238.stoa001.perseus-lat2	replace
prudentius--prud10	1	19	53	denecandis	de necandis	perseus--stoa0238.stoa001.perseus-lat2	split
prudentius--prud10	1	22	36	sanetam	sanctam	perseus--stoa0238.stoa001.perseus-lat2	replace
prudentius--prud10	1	31	92	eburn	eburna	perseus--stoa0238.stoa001.perseus-lat2	replace
prudentius--prud10	1	39	124	ephybi	ephebi	perseus--stoa0238.stoa001.perseus-lat2	replace
prudentius--prud10	2	13	118	ephybum	ephebum	perseus--stoa0238.stoa001.perseus-lat2	replace
prudentius--prud10	2	28	76	inncxa	innexa	perseus--stoa0238.stoa001.perseus-lat2	replace
prudentius--prud10	3	23	101	distruet	destruet	perseus--stoa0238.stoa001.perseus-lat2	replace
prudentius--prud10	4	28	42	ephybis	ephebis	perseus--stoa0238.stoa001.perseus-lat2	replace
prudentius--prud10	5	35	31	pracsto	praesto	perseus--stoa0238.stoa001.perseus-lat2	replace
prudentius--prud10	5	42	56	fiamines	flamines	perseus--stoa0238.stoa001.perseus-lat2	replace
prudentius--prud10	6	15	77	scnectus	senectus	perseus--stoa0238.stoa001.perseus-lat2	replace
prudentius--prud11	1	2	284	oquuntur	loquuntur	perseus--stoa0238.stoa001.perseus-lat2	replace
prudentius--prud12	1	2	193	pieno	pleno	perseus--stoa0238.stoa001.perseus-lat2	replace
prudentius--prud13	1	2	2438	caleraeta	calefacta	perseus--stoa0238.stoa001.perseus-lat2	replace
prudentius--prud13	1	2	1536	oqui	loqui	perseus--stoa0238.stoa001.perseus-lat2	replace
prudentius--prud13	1	2	798	sriptis	scriptis	perseus--stoa0238.stoa001.perseus-lat2	replace
prudentius--prud14	1	2	581	robure	robore	perseus--stoa0238.stoa001.perseus-lat2	replace
prudentius--prud2	1	33	49	fungat	fungar	perseus--stoa0238.stoa001.perseus-lat2	replace
prudentius--prud2	1	72	79	palfebra	palpebra	perseus--stoa0238.stoa001.perseus-lat2	replace
prudentius--prud2	2	53	49	acdemque	aedemque	perseus--stoa0238.stoa001.perseus-lat2	replace
prudentius--prud3	1	5	18	indiciun	indicium	perseus--stoa0238.stoa001.perseus-lat2	replace
prudentius--prud3	1	17	116	friuula	friuola	perseus--stoa0238.stoa001.perseus-lat2	replace
prudentius--prud3	1	38	62	fliebile	flebile	perseus--stoa0238.stoa001.perseus-lat2	replace
prudentius--prud4	1	11	73	raplens	rapiens	perseus--stoa0238.stoa001.perseus-lat2	replace
prudentius--prud4	1	26	110	Sagynti	Sagunti	perseus--stoa0238.stoa001.perseus-lat2	replace
prudentius--prud4	1	41	20	bells	bella	perseus--stoa0238.stoa001.perseus-lat2	replace
prudentius--prud4	1	42	89	uocalos	uocatos	perseus--stoa0238.stoa001.perseus-lat2	replace
prudentius--prud5	1	1	14	VENCENTI	ViNCENTI	perseus--stoa0238.stoa001.perseus-lat2	replace
prudentius--prud5	1	21	78	aucipes	aucupes	perseus--stoa0238.stoa001.perseus-lat2	replace
prudentius--prud5	1	22	33	conpellumt	conpellunt	perseus--stoa0238.stoa001.perseus-lat2	replace
prudentius--prud5	2	48	13	litotis	litoris	perseus--stoa0238.stoa001.perseus-lat2	replace
prudentius--prud5	2	52	83	Eseiae	Esaiae	perseus--stoa0238.stoa001.perseus-lat2	replace
prudentius--prud6	1	4	55	supermum	supernum	perseus--stoa0238.stoa001.perseus-lat2	replace
prudentius--prud6	1	13	81	eoli	coli	perseus--stoa0238.stoa001.perseus-lat2	replace
prudentius--prud6	1	49	10	hdnor	honor	perseus--stoa0238.stoa001.perseus-lat2	replace
prudentius--prud6	1	55	75	hencecasyllabos	hendecasyllabos	perseus--stoa0238.stoa001.perseus-lat2	replace
prudentius--prud7	1	3	31	lllyricos	illyricos	perseus--stoa0238.stoa001.perseus-lat2	replace
prudentius--prud7	1	13	51	haee	haec	perseus--stoa0238.stoa001.perseus-lat2	replace
prudentius--prud9	1	2	4243	petebarn	petebam	perseus--stoa0238.stoa001.perseus-lat2	replace
prudentius--prud9	1	2	2473	profuuda	profunda	perseus--stoa0238.stoa001.perseus-lat2	replace
prudentius--prud9	1	2	2031	rubetquc	rubetque	perseus--stoa0238.stoa001.perseus-lat2	replace
prudentius--prud9	1	2	564	ligebant	figebant	perseus--stoa0238.stoa001.perseus-lat2	replace
quintilian--quintilian.institutio1	9	1	1612	tractionem	tractationem	perseus--phi1002.phi001.perseus-lat2	replace
quintilian--quintilian.institutio1	12	1	4057	comprensionis	comprehensionis	perseus--phi1002.phi001.perseus-lat2	replace
quintilian--quintilian.institutio1	15	1	1732	gragulos	graculos	perseus--phi1002.phi001.perseus-lat2	replace
quintilian--quintilian.institutio1	19	1	2053	cannina	carmina	perseus--phi1002.phi001.perseus-lat2	replace
quintilian--quintilian.institutio1	21	2	1133	partiamurcum	partiamur cum	perseus--phi1002.phi001.perseus-lat2	split
quintilian--quintilian.institutio10	4	1	542	grandilocus	grandiloquus	perseus--phi1002.phi001.perseus-lat2	replace
quintilian--quintilian.institutio10	8	1	896	adsecuntur	adsequuntur	perseus--phi1002.phi001.perseus-lat2	replace
quintilian--quintilian.institutio11	4	1	711	comprendisse	comprehendisse	perseus--phi1002.phi001.perseus-lat2	replace
quintilian--quintilian.institutio11	11	1	690	optusae	obtusae	perseus--phi1002.phi001.perseus-lat2	replace
quintilian--quintilian.institutio11	12	1	1558	aâra	aera	perseus--phi1002.phi001.perseus-lat2	replace
quintilian--quintilian.institutio12	1	3	4626	reprenderunt	reprehenderunt	perseus--phi1002.phi001.perseus-lat2	replace
quintilian--quintilian.institutio12	1	3	3458	opstinatus	obstinatus	perseus--phi1002.phi001.perseus-lat2	replace
quintilian--quintilian.institutio2	4	5	460	taminquam	tanquam	perseus--phi1002.phi001.perseus-lat2	replace
quintilian--quintilian.institutio2	7	1	2351	lubidrii	ludibrii	perseus--phi1002.phi001.perseus-lat2	replace
quintilian--quintilian.institutio2	11	1	1229	ualetudedinis	ualetudinis	perseus--phi1002.phi001.perseus-lat2	replace
quintilian--quintilian.institutio3	7	1	947	tralativam	translativam	perseus--phi1002.phi001.perseus-lat2	replace
quintilian--quintilian.institutio3	7	3	370	tralativas	translativas	perseus--phi1002.phi001.perseus-lat2	replace
quintilian--quintilian.institutio3	8	1	5303	tralativum	translativum	perseus--phi1002.phi001.perseus-lat2	replace
quintilian--quintilian.institutio3	8	1	2731	covectivum	collectivum	perseus--phi1002.phi001.perseus-lat2	replace
quintilian--quintilian.institutio3	12	1	1532	iuctindum	iucundum	perseus--phi1002.phi001.perseus-lat2	replace
quintilian--quintilian.institutio3	13	2	575	partitun	partium	perseus--phi1002.phi001.perseus-lat2	replace
quintilian--quintilian.institutio4	1	2	186	eimererer	emererer	perseus--phi1002.phi001.perseus-lat2	replace
quintilian--quintilian.institutio4	11	1	616	conectio	collectio	perseus--phi1002.phi001.perseus-lat2	replace
quintilian--quintilian.institutio5	2	4	1311	reprensio	reprehensio	perseus--phi1002.phi001.perseus-lat2	replace
quintilian--quintilian.institutio5	3	2	1306	parvolorum	parvulorum	perseus--phi1002.phi001.perseus-lat2	replace
quintilian--quintilian.institutio6	4	1	854	tarba	turba	perseus--phi1002.phi001.perseus-lat2	replace
quintilian--quintilian.institutio6	4	1	841	tagendumt	agendum	perseus--phi1002.phi001.perseus-lat2	replace
quintilian--quintilian.institutio6	4	1	412	nimica	mimica	perseus--phi1002.phi001.perseus-lat2	replace
quintilian--quintilian.institutio6	5	2	1451	altisiussa	altis iussa	perseus--phi1002.phi001.perseus-lat2	split
quintilian--quintilian.institutio6	6	1	2400	concidenten	concidentem	perseus--phi1002.phi001.perseus-lat2	replace
quintilian--quintilian.institutio6	6	1	1879	otie	otia	perseus--phi1002.phi001.perseus-lat2	replace
quintilian--quintilian.institutio7	9	1	857	reprensio	reprehensio	perseus--phi1002.phi001.perseus-lat2	replace
quintilian--quintilian.institutio8	2	3	3238	elocuntur	eloquuntur	perseus--phi1002.phi001.perseus-lat2	replace
quintilian--quintilian.institutio8	11	2	1239	aâra	aera	perseus--phi1002.phi001.perseus-lat2	replace
quintilian--quintilian.institutio8	12	2	659	etvio	et vio	perseus--phi1002.phi001.perseus-lat2	split
quintilian--quintilian.institutio8	12	4	48	metalempsis	metalepsis	perseus--phi1002.phi001.perseus-lat2	replace
quintilian--quintilian.institutio9	17	1	576	paeanicus	paeonicus	perseus--phi1002.phi001.perseus-lat2	replace
quintilian--quintilian.institutio9	17	2	626	rhythmoe	rhythmi	perseus--phi1002.phi001.perseus-lat2	replace
quintilian--quintilian.institutio9	19	1	4600	spondii	spondei	perseus--phi1002.phi001.perseus-lat2	replace
quintilian--quintilian.institutio9	19	1	2611	cludentem	claudentem	perseus--phi1002.phi001.perseus-lat2	replace
quintilian--quintilian.institutio9	21	1	153	comprensiones	comprehensiones	perseus--phi1002.phi001.perseus-lat2	replace
sall.1	6	2	622	certebant	certabant	perseus--phi0631.phi001.perseus-lat4	replace
sall.frag	5	26	591	hostibas	hostibus	perseus--phi0631.phi003.perseus-lat2	replace
sall.macer	1	3	550	ltaque	itaque	perseus--phi0631.phi003.perseus-lat2	replace
sall.mithr	1	6	106	iucessit	incessit	perseus--phi0631.phi003.perseus-lat2	replace
sall.phil	1	2	216	probibere	prohibere	perseus--phi0631.phi003.perseus-lat2	replace
sall.phil	1	5	590	Mitbridates	Mithridates	perseus--phi0631.phi003.perseus-lat2	replace
sall.pomp	1	2	314	excercitu	exercitu	perseus--phi0631.phi003.perseus-lat2	replace
sen--sen.agamemnon	5	1	2639	uultos	uultus	perseus--phi1017.phi007.perseus-lat2	replace
sen--sen.apoc	1	10	1061	fugientiaLucifer	fugientia Lucifer	perseus--phi1017.phi011.perseus-lat2	split
sen--sen.brevita	1	3	1426	effocantur	offocantur	perseus--stoa0255.stoa004.perseus-lat2	replace
sen--sen.consolatione1	6	3	2373	finantur	finiantur	perseus--stoa0255.stoa008.perseus-lat2	replace
sen--sen.constantia	1	9	277	solereilli	solere illi	perseus--stoa0255.stoa009.perseus-lat2	split
sen--sen.constantia	2	5	739	autembono	autem bono	perseus--stoa0255.stoa009.perseus-lat2	split
sen--sen.constantia	3	1	1513	fortunaeiniurias	fortunae iniurias	perseus--stoa0255.stoa009.perseus-lat2	split
sen--sen.constantia	3	5	44	alteramtranseamus	alteram transeamus	perseus--stoa0255.stoa009.perseus-lat2	split
sen--sen.constantia	5	3	1346	eripereei	eripere ei	perseus--stoa0255.stoa009.perseus-lat2	split
sen--sen.ira2	6	1	1194	priorfeceris	prior feceris	perseus--stoa0255.stoa010.perseus-lat2	split
sen--sen.ira3	8	1	187	dilibuta	delibuta	perseus--stoa0255.stoa010.perseus-lat2	replace
sen--sen.phoen	1	6	2896	feront	ferunt	perseus--phi1017.phi003.perseus-lat2	replace
sen--sen.phoen	1	6	154	benenoui	bene noui	perseus--phi1017.phi003.perseus-lat2	split
sen--sen.phoen	2	1	517	abcidit	abscidit	perseus--phi1017.phi003.perseus-lat2	replace
sen--sen.phoen	2	5	707	patricidam	parricidam	perseus--phi1017.phi003.perseus-lat2	replace
sen--sen.phoen	2	5	578	toge	coge	perseus--phi1017.phi003.perseus-lat2	replace
sen--sen.phoen	2	8	777	tranabit	transnabit	perseus--phi1017.phi003.perseus-lat2	replace
sen--sen.phoen	3	5	24	mitant	micant	perseus--phi1017.phi003.perseus-lat2	replace
sen--sen.phoen	3	8	458	fletugenas	fletu genas	perseus--phi1017.phi003.perseus-lat2	split
sen--sen.prov	1	5	582	uelocita tem	uelocitatem	perseus--stoa0255.stoa012.perseus-lat2	join
sen--sen.prov	2	2	445	conlideret	confideret	perseus--stoa0255.stoa012.perseus-lat2	replace
sen--sen.prov	3	1	1019	rebusaduersis	rebus aduersis	perseus--stoa0255.stoa012.perseus-lat2	split
sen--sen.prov	3	1	105	mittereproprium	mittere proprium	perseus--stoa0255.stoa012.perseus-lat2	split
sen--sen.prov	4	1	1754	uobisillos	uobis illos	perseus--stoa0255.stoa012.perseus-lat2	split
sen--sen.thyestes	8	1	27	fatrem	fratrem	perseus--phi1017.phi008.perseus-lat2	replace
sen--sen.tranq	1	5	1146	superbiain	superbiam	perseus--stoa0255.stoa013.perseus-lat2	replace
sen--sen.tranq	1	5	1120	aliculus	alicuius	perseus--stoa0255.stoa013.perseus-lat2	replace
sen--sen.tranq	1	6	529	altiasque	altiusque	perseus--stoa0255.stoa013.perseus-lat2	replace
sen--sen.tranq	1	7	965	quicquld	quicquid	perseus--stoa0255.stoa013.perseus-lat2	replace
sen--sen.tranq	1	7	908	cxprimam	exprimam	perseus--stoa0255.stoa013.perseus-lat2	replace
sen--sen.tranq	2	3	332	locorun	locorum	perseus--stoa0255.stoa013.perseus-lat2	replace
sen--sen.tranq	2	6	1843	offlciis	officiis	perseus--stoa0255.stoa013.perseus-lat2	replace
sen--sen.tranq	2	6	32	auxillo	auxilio	perseus--stoa0255.stoa013.perseus-lat2	replace
sen--sen.tranq	3	4	629	partern	partem	perseus--stoa0255.stoa013.perseus-lat2	replace
sen--sen.tranq	3	4	79	tentaturi	temptaturi	perseus--stoa0255.stoa013.perseus-lat2	replace
sen--sen.tranq	4	1	1084	actatis	aetatis	perseus--stoa0255.stoa013.perseus-lat2	replace
sen--sen.tranq	4	1	25	oblectaucrit	oblectauerit	perseus--stoa0255.stoa013.perseus-lat2	replace
sen--sen.tranq	5	6	905	hopes	hospes	perseus--stoa0255.stoa013.perseus-lat2	replace
sen--sen.tranq	8	1	618	eredunt	credunt	perseus--stoa0255.stoa013.perseus-lat2	replace
sen--sen.vita	4	11	56	nomenmagnorum	nomen magnorum	perseus--stoa0255.stoa014.perseus-lat2	split
sen--seneca.ep1	1	7	2008	acquirenda	adquirenda	perseus--phi1017.phi015.perseus-lat2	replace
sen--seneca.ep10	3	1	2101	saexitia	saeuitia	perseus--phi1017.phi015.perseus-lat2	replace
sen--seneca.ep11-13	1	7	52	quoquehas	quoque has	perseus--phi1017.phi015.perseus-lat2	split
sen--seneca.ep11-13	2	2	106	modiceaegrotandum	modice aegrotandum	perseus--phi1017.phi015.perseus-lat2	split
sen--seneca.ep11-13	5	9	424	atrimonium	patrimonium	perseus--phi1017.phi015.perseus-lat2	replace
sen--seneca.ep11-13	6	2	682	utriusquerei	utriusque rei	perseus--phi1017.phi015.perseus-lat2	split
sen--seneca.ep11-13	6	6	281	commodumet	commodum et	perseus--phi1017.phi015.perseus-lat2	split
sen--seneca.ep11-13	7	3	940	maioraetate	maior aetate	perseus--phi1017.phi015.perseus-lat2	split
sen--seneca.ep11-13	8	2	849	obversationes	obseruationes	perseus--phi1017.phi015.perseus-lat2	replace
sen--seneca.ep14-15	8	4	721	aitarens	apparens	perseus--phi1017.phi015.perseus-lat2	replace
sen--seneca.ep14-15	15	1	1719	puxidibus	pyxidibus	perseus--phi1017.phi015.perseus-lat2	replace
sen--seneca.ep17-18	1	4	1268	impeturaptus	impetu raptus	perseus--phi1017.phi015.perseus-lat2	split
sen--seneca.ep17-18	1	4	822	iacentiusque	iacenti usque	perseus--phi1017.phi015.perseus-lat2	split
sen--seneca.ep17-18	1	4	294	seipse	se ipse	perseus--phi1017.phi015.perseus-lat2	split
sen--seneca.ep17-18	1	6	2163	inspem	in spem	perseus--phi1017.phi015.perseus-lat2	split
sen--seneca.ep17-18	1	6	1108	extremaventum	extrema ventum	perseus--phi1017.phi015.perseus-lat2	split
sen--seneca.ep17-18	1	6	1032	nostrumquam	nostrum quam	perseus--phi1017.phi015.perseus-lat2	split
sen--seneca.ep17-18	1	6	955	terminusnobis	terminus nobis	perseus--phi1017.phi015.perseus-lat2	split
sen--seneca.ep17-18	1	6	498	incertumest	incertum est	perseus--phi1017.phi015.perseus-lat2	split
sen--seneca.ep17-18	1	10	361	pravuset	pravus et	perseus--phi1017.phi015.perseus-lat2	split
sen--seneca.ep17-18	1	12	585	cumsubito	cum subito	perseus--phi1017.phi015.perseus-lat2	split
sen--seneca.ep17-18	1	12	506	contemnebamin	contemnebam in	perseus--phi1017.phi015.perseus-lat2	split
sen--seneca.ep17-18	1	12	215	etiturum	et iturum	perseus--phi1017.phi015.perseus-lat2	split
sen--seneca.ep17-18	1	12	137	epistulatua	epistula tua	perseus--phi1017.phi015.perseus-lat2	split
sen--seneca.ep17-18	1	12	63	aufertenim	aufert enim	perseus--phi1017.phi015.perseus-lat2	split
sen--seneca.ep17-18	1	13	817	locoposita	loco posita	perseus--phi1017.phi015.perseus-lat2	split
sen--seneca.ep17-18	1	13	663	nullusest	nullus est	perseus--phi1017.phi015.perseus-lat2	split
sen--seneca.ep17-18	2	1	654	desideraverisper	desideraveris per	perseus--phi1017.phi015.perseus-lat2	split
sen--seneca.ep17-18	2	1	428	diductiet	diducti et	perseus--phi1017.phi015.perseus-lat2	split
sen--seneca.ep17-18	2	1	360	perquos	per quos	perseus--phi1017.phi015.perseus-lat2	split
sen--seneca.ep17-18	2	2	360	ergonon	ergo non	perseus--phi1017.phi015.perseus-lat2	split
sen--seneca.ep17-18	2	2	286	claritassit	claritas sit	perseus--phi1017.phi015.perseus-lat2	split
sen--seneca.ep17-18	2	3	203	plauditet	plaudit et	perseus--phi1017.phi015.perseus-lat2	split
sen--seneca.ep17-18	2	4	984	nonpossunt	non possunt	perseus--phi1017.phi015.perseus-lat2	split
sen--seneca.ep17-18	2	5	141	advocem	ad vocem	perseus--phi1017.phi015.perseus-lat2	split
sen--seneca.ep17-18	2	6	734	sitet	sit et	perseus--phi1017.phi015.perseus-lat2	split
sen--seneca.ep17-18	3	1	3484	dieset	dies et	perseus--phi1017.phi015.perseus-lat2	split
sen--seneca.ep17-18	3	1	2430	flerenascentis	flere nascentis	perseus--phi1017.phi015.perseus-lat2	split
sen--seneca.ep17-18	3	1	1899	efferrequam	efferre quam	perseus--phi1017.phi015.perseus-lat2	split
sen--seneca.ep17-18	3	1	1821	transeundumest	transeundum est	perseus--phi1017.phi015.perseus-lat2	split
sen--seneca.ep17-18	3	1	1458	inaperto	in aperto	perseus--phi1017.phi015.perseus-lat2	split
sen--seneca.ep17-18	3	1	506	communeset	communes et	perseus--phi1017.phi015.perseus-lat2	split
sen--seneca.ep17-18	4	1	1801	timoreminputare	timorem inputare	perseus--phi1017.phi015.perseus-lat2	split
sen--seneca.ep17-18	4	1	1733	hoctibi	hoc tibi	perseus--phi1017.phi015.perseus-lat2	split
sen--seneca.ep17-18	4	1	1656	gaudiumet	gaudium et	perseus--phi1017.phi015.perseus-lat2	split
sen--seneca.ep17-18	4	1	1512	vitaeusus	vitae usus	perseus--phi1017.phi015.perseus-lat2	split
sen--seneca.ep17-18	4	1	1371	quodmagni	quod magni	perseus--phi1017.phi015.perseus-lat2	split
sen--seneca.ep17-18	4	1	1229	suorumexigit	suorum exigit	perseus--phi1017.phi015.perseus-lat2	split
sen--seneca.ep17-18	4	1	1151	perseverabitmori	perseverabit mori	perseus--phi1017.phi015.perseus-lat2	split
sen--seneca.ep17-18	4	1	1016	virovivendum	viro vivendum	perseus--phi1017.phi015.perseus-lat2	split
sen--seneca.ep17-18	4	1	942	suorumvel	suorum vel	perseus--phi1017.phi015.perseus-lat2	split
sen--seneca.ep17-18	4	1	864	honestisadfectibus	honestis adfectibus	perseus--phi1017.phi015.perseus-lat2	split
sen--seneca.ep17-18	4	1	723	cuiparcitur	cui parcitur	perseus--phi1017.phi015.perseus-lat2	split
sen--seneca.ep17-18	4	1	649	aetatisamitto	aetatis amitto	perseus--phi1017.phi015.perseus-lat2	split
sen--seneca.ep17-18	4	1	502	cumsciam	cum sciam	perseus--phi1017.phi015.perseus-lat2	split
sen--seneca.ep17-18	4	1	209	pararivehiculum	parari vehiculum	perseus--phi1017.phi015.perseus-lat2	split
sen--seneca.ep17-18	4	1	138	motisvenis	motis venis	perseus--phi1017.phi015.perseus-lat2	split
sen--seneca.ep17-18	4	1	65	quidemsubrepentem	quidem subrepentem	perseus--phi1017.phi015.perseus-lat2	split
sen--seneca.ep17-18	4	2	1685	periculased	pericula sed	perseus--phi1017.phi015.perseus-lat2	split
sen--seneca.ep17-18	4	2	1617	sitmali	sit mali	perseus--phi1017.phi015.perseus-lat2	split
sen--seneca.ep17-18	4	2	1550	tefuerit	te fuerit	perseus--phi1017.phi015.perseus-lat2	split
sen--seneca.ep17-18	4	2	1476	Tantuserit	Tantus erit	perseus--phi1017.phi015.perseus-lat2	split
sen--seneca.ep17-18	4	2	1407	etiamrefectus	etiam refectus	perseus--phi1017.phi015.perseus-lat2	split
sen--seneca.ep17-18	4	2	1184	torquebitte	torquebit te	perseus--phi1017.phi015.perseus-lat2	split
sen--seneca.ep17-18	4	2	1108	pertinetquos	pertinet quos	perseus--phi1017.phi015.perseus-lat2	split
sen--seneca.ep17-18	4	2	1034	venissete	venisse te	perseus--phi1017.phi015.perseus-lat2	split
sen--seneca.ep17-18	4	2	961	visista	vis ista	perseus--phi1017.phi015.perseus-lat2	split
sen--seneca.ep17-18	4	2	808	benecum	bene cum	perseus--phi1017.phi015.perseus-lat2	split
sen--seneca.ep17-18	4	2	659	querenticuidam	querenti cuidam	perseus--phi1017.phi015.perseus-lat2	split
sen--seneca.ep17-18	4	2	581	regioneseligit	regiones eligit	perseus--phi1017.phi015.perseus-lat2	split
sen--seneca.ep17-18	4	2	433	animostudere	animo studere	perseus--phi1017.phi015.perseus-lat2	split
sen--seneca.ep17-18	4	2	360	nonpermansit	non permansit	perseus--phi1017.phi015.perseus-lat2	split
sen--seneca.ep17-18	4	2	286	vineasattigi	vineas attigi	perseus--phi1017.phi015.perseus-lat2	split
sen--seneca.ep17-18	4	2	66	primumgravitatem	primum gravitatem	perseus--phi1017.phi015.perseus-lat2	split
sen--seneca.ep17-18	4	4	964	sollicitudinumcausas	sollicitudinum causas	perseus--phi1017.phi015.perseus-lat2	split
sen--seneca.ep17-18	4	4	897	nihilcogitabis	nihil cogitabis	perseus--phi1017.phi015.perseus-lat2	split
sen--seneca.ep17-18	4	4	756	horate	hora te	perseus--phi1017.phi015.perseus-lat2	split
sen--seneca.ep17-18	4	4	599	quosqueoblectamenta	quosque oblectamenta	perseus--phi1017.phi015.perseus-lat2	split
sen--seneca.ep17-18	4	4	372	amoeniset	amoenis et	perseus--phi1017.phi015.perseus-lat2	split
sen--seneca.ep17-18	4	4	297	amabisamittere	amabis amittere	perseus--phi1017.phi015.perseus-lat2	split
sen--seneca.ep17-18	4	4	219	periculispatemus	periculis patemus	perseus--phi1017.phi015.perseus-lat2	split
sen--seneca.ep17-18	4	4	146	tutelamsalutis	tutelam salutis	perseus--phi1017.phi015.perseus-lat2	split
sen--seneca.ep17-18	4	4	65	consternatasemel	consternata semel	perseus--phi1017.phi015.perseus-lat2	split
sen--seneca.ep17-18	5	1	3865	passibuslicet	passibus licet	perseus--phi1017.phi015.perseus-lat2	split
sen--seneca.ep17-18	5	1	3711	quibusdampavidum	quibusdam pavidum	perseus--phi1017.phi015.perseus-lat2	split
sen--seneca.ep17-18	5	1	3635	naturaproduxit	natura produxit	perseus--phi1017.phi015.perseus-lat2	split
sen--seneca.ep17-18	5	1	3563	pectoreexcipere	pectore excipere	perseus--phi1017.phi015.perseus-lat2	split
sen--seneca.ep17-18	5	1	3488	portuseventura	portus eventura	perseus--phi1017.phi015.perseus-lat2	split
sen--seneca.ep17-18	5	1	3415	adversusminas	adversus minas	perseus--phi1017.phi015.perseus-lat2	split
sen--seneca.ep17-18	5	1	3341	loquiet	loqui et	perseus--phi1017.phi015.perseus-lat2	split
sen--seneca.ep17-18	5	1	3266	humanorumdivinorumque	humanorum divinorumque	perseus--phi1017.phi015.perseus-lat2	split
sen--seneca.ep17-18	5	1	3188	antequamnecesse	antequam necesse	perseus--phi1017.phi015.perseus-lat2	split
sen--seneca.ep17-18	5	1	3046	cumLaelio	cum Laelio	perseus--phi1017.phi015.perseus-lat2	split
sen--seneca.ep17-18	5	1	2971	propea	prope a	perseus--phi1017.phi015.perseus-lat2	split
sen--seneca.ep17-18	5	1	2896	recedendumest	recedendum est	perseus--phi1017.phi015.perseus-lat2	split
sen--seneca.ep17-18	5	1	2821	adulterorumsodalicia	adulterorum sodalicia	perseus--phi1017.phi015.perseus-lat2	split
sen--seneca.ep17-18	5	1	2748	numquamsaevitiam	numquam saevitiam	perseus--phi1017.phi015.perseus-lat2	split
sen--seneca.ep17-18	5	1	2674	avarosordidoque	avaro sordidoque	perseus--phi1017.phi015.perseus-lat2	split
sen--seneca.ep17-18	5	1	2592	peregrinationeshabere	peregrinationes habere	perseus--phi1017.phi015.perseus-lat2	split
sen--seneca.ep17-18	5	1	2442	tecumsunt	tecum sunt	perseus--phi1017.phi015.perseus-lat2	split
sen--seneca.ep17-18	5	1	2370	quamdiumalorum	quamdiu malorum	perseus--phi1017.phi015.perseus-lat2	split
sen--seneca.ep17-18	5	1	2224	extrametus	extra metus	perseus--phi1017.phi015.perseus-lat2	split
sen--seneca.ep17-18	5	1	2078	locodiscitur	loco discitur	perseus--phi1017.phi015.perseus-lat2	split
sen--seneca.ep17-18	5	1	1998	gestationecuretur	gestatione curetur	perseus--phi1017.phi015.perseus-lat2	split
sen--seneca.ep17-18	5	1	1921	extortumcredis	extortum credis	perseus--phi1017.phi015.perseus-lat2	split
sen--seneca.ep17-18	5	1	1773	nonvehiculum	non vehiculum	perseus--phi1017.phi015.perseus-lat2	split
sen--seneca.ep17-18	5	1	1700	nonregio	non regio	perseus--phi1017.phi015.perseus-lat2	split
sen--seneca.ep17-18	5	1	1479	istediscursus	iste discursus	perseus--phi1017.phi015.perseus-lat2	split
sen--seneca.ep17-18	5	1	1334	quidsupervacuum	quid supervacuum	perseus--phi1017.phi015.perseus-lat2	split
sen--seneca.ep17-18	5	1	1103	versandumest	versandum est	perseus--phi1017.phi015.perseus-lat2	split
sen--seneca.ep17-18	5	1	956	anfractibuset	anfractibus et	perseus--phi1017.phi015.perseus-lat2	split
sen--seneca.ep17-18	5	1	882	siveut	sive ut	perseus--phi1017.phi015.perseus-lat2	split
sen--seneca.ep17-18	5	1	806	eripiturex	eripitur ex	perseus--phi1017.phi015.perseus-lat2	split
sen--seneca.ep17-18	5	1	730	observationenaturam	observatione naturam	perseus--phi1017.phi015.perseus-lat2	split
sen--seneca.ep17-18	5	1	505	transvolantcitiusque	transvolant citiusque	perseus--phi1017.phi015.perseus-lat2	split
sen--seneca.ep17-18	5	1	435	Itaquequae	Itaque quae	perseus--phi1017.phi015.perseus-lat2	split
sen--seneca.ep17-18	5	1	363	maximeaegra	maxime aegra	perseus--phi1017.phi015.perseus-lat2	split
sen--seneca.ep17-18	5	1	292	rerumaliqua	rerum aliqua	perseus--phi1017.phi015.perseus-lat2	split
sen--seneca.ep17-18	5	1	138	indomitosamoris	indomitos amoris	perseus--phi1017.phi015.perseus-lat2	split
sen--seneca.ep17-18	5	1	59	voluptatesilla	voluptates illa	perseus--phi1017.phi015.perseus-lat2	split
sen--seneca.ep17-18	5	5	590	audemusdifficilia	audemus difficilia	perseus--phi1017.phi015.perseus-lat2	split
sen--seneca.ep17-18	5	5	511	facilioraapparuere	faciliora apparuere	perseus--phi1017.phi015.perseus-lat2	split
sen--seneca.ep17-18	5	5	209	mortemhomo	mortem homo	perseus--phi1017.phi015.perseus-lat2	split
sen--seneca.ep17-18	5	5	136	quamfama	quam fama	perseus--phi1017.phi015.perseus-lat2	split
sen--seneca.ep17-18	5	5	67	estvideri	est videri	perseus--phi1017.phi015.perseus-lat2	split
sen--seneca.ep17-18	5	6	948	tristioremSocraten	tristiorem Socraten	perseus--phi1017.phi015.perseus-lat2	split
sen--seneca.ep17-18	5	6	881	laudemet	laudem et	perseus--phi1017.phi015.perseus-lat2	split
sen--seneca.ep17-18	5	6	810	Socratisnon	Socratis non	perseus--phi1017.phi015.perseus-lat2	split
sen--seneca.ep17-18	5	6	740	publicamdictus	publicam dictus	perseus--phi1017.phi015.perseus-lat2	split
sen--seneca.ep17-18	5	6	664	violatioet	violatio et	perseus--phi1017.phi015.perseus-lat2	split
sen--seneca.ep17-18	5	6	513	tyrannisnoxae	tyrannis noxae	perseus--phi1017.phi015.perseus-lat2	split
sen--seneca.ep17-18	5	6	372	bellofuit	bello fuit	perseus--phi1017.phi015.perseus-lat2	split
sen--seneca.ep17-18	5	6	136	gravioremilli	graviorem illi	perseus--phi1017.phi015.perseus-lat2	split
sen--seneca.ep17-18	5	6	55	perpessiciumsenem	perpessicium senem	perseus--phi1017.phi015.perseus-lat2	split
sen--seneca.ep17-18	5	7	720	essetdecem	esset decem	perseus--phi1017.phi015.perseus-lat2	split
sen--seneca.ep17-18	5	7	650	inmorte	in morte	perseus--phi1017.phi015.perseus-lat2	split
sen--seneca.ep17-18	5	7	501	totiensmutata	totiens mutata	perseus--phi1017.phi015.perseus-lat2	split
sen--seneca.ep17-18	5	7	424	Caesaremet	Caesarem et	perseus--phi1017.phi015.perseus-lat2	split
sen--seneca.ep17-18	5	7	357	minusquam	minus quam	perseus--phi1017.phi015.perseus-lat2	split
sen--seneca.ep17-18	5	7	211	fortunavivere	fortuna vivere	perseus--phi1017.phi015.perseus-lat2	split
sen--seneca.ep17-18	5	7	63	cumquo	cum quo	perseus--phi1017.phi015.perseus-lat2	split
sen--seneca.ep17-18	6	1	1264	constarelibertas	constare libertas	perseus--phi1017.phi015.perseus-lat2	split
sen--seneca.ep17-18	6	1	1110	petendumest	petendum est	perseus--phi1017.phi015.perseus-lat2	split
sen--seneca.ep17-18	6	1	960	habereanimi	habere animi	perseus--phi1017.phi015.perseus-lat2	split
sen--seneca.ep17-18	6	1	890	etmortem	et mortem	perseus--phi1017.phi015.perseus-lat2	split
sen--seneca.ep17-18	6	1	736	quorumnemo	quorum nemo	perseus--phi1017.phi015.perseus-lat2	split
sen--seneca.ep17-18	6	1	584	honoremet	honorem et	perseus--phi1017.phi015.perseus-lat2	split
sen--seneca.ep17-18	6	1	510	loricatustulit	loricatus tulit	perseus--phi1017.phi015.perseus-lat2	split
sen--seneca.ep17-18	6	1	438	sineullis	sine ullis	perseus--phi1017.phi015.perseus-lat2	split
sen--seneca.ep17-18	6	1	366	pedesduxit	pedes duxit	perseus--phi1017.phi015.perseus-lat2	split
sen--seneca.ep17-18	6	1	219	constitutaesse	constituta esse	perseus--phi1017.phi015.perseus-lat2	split
sen--seneca.ep17-18	6	1	147	habebatquod	habebat quod	perseus--phi1017.phi015.perseus-lat2	split
sen--seneca.ep17-18	6	3	448	contemptopertinaciter	contempto pertinaciter	perseus--phi1017.phi015.perseus-lat2	split
sen--seneca.ep17-18	6	3	296	omnibusistis	omnibus istis	perseus--phi1017.phi015.perseus-lat2	split
sen--seneca.ep17-18	6	3	220	hominisinstigent	hominis instigent	perseus--phi1017.phi015.perseus-lat2	split
sen--seneca.ep17-18	6	3	66	audiascenseo	audias censeo	perseus--phi1017.phi015.perseus-lat2	split
sen--seneca.ep17-18	6	4	1019	apudaliquem	apud aliquem	perseus--phi1017.phi015.perseus-lat2	split
sen--seneca.ep17-18	6	4	877	habetqui	habet qui	perseus--phi1017.phi015.perseus-lat2	split
sen--seneca.ep17-18	6	4	800	terribilisesse	terribilis esse	perseus--phi1017.phi015.perseus-lat2	split
sen--seneca.ep17-18	6	4	727	nocendumsatis	nocendum satis	perseus--phi1017.phi015.perseus-lat2	split
sen--seneca.ep17-18	6	4	656	domimolestum	domi molestum	perseus--phi1017.phi015.perseus-lat2	split
sen--seneca.ep17-18	6	4	579	periculopossint	periculo possint	perseus--phi1017.phi015.perseus-lat2	split
sen--seneca.ep17-18	6	4	427	habueruntnec	habuerunt nec	perseus--phi1017.phi015.perseus-lat2	split
sen--seneca.ep17-18	6	4	357	tesensus	te sensus	perseus--phi1017.phi015.perseus-lat2	split
sen--seneca.ep17-18	6	4	285	autest	aut est	perseus--phi1017.phi015.perseus-lat2	split
sen--seneca.ep17-18	6	4	205	ingesserisoculis	ingesseris oculis	perseus--phi1017.phi015.perseus-lat2	split
sen--seneca.ep17-18	6	4	63	alienamet	alienam et	perseus--phi1017.phi015.perseus-lat2	split
sen--seneca.ep17-18	6	5	357	creditumest	creditum est	perseus--phi1017.phi015.perseus-lat2	split
sen--seneca.ep17-18	6	5	283	tacebitauctorem	tacebit auctorem	perseus--phi1017.phi015.perseus-lat2	split
sen--seneca.ep17-18	6	5	209	audierittacebit	audierit tacebit	perseus--phi1017.phi015.perseus-lat2	split
sen--seneca.ep17-18	6	5	134	eblandituret	eblanditur et	perseus--phi1017.phi015.perseus-lat2	split
sen--seneca.ep17-18	6	5	61	aliisloqui	aliis loqui	perseus--phi1017.phi015.perseus-lat2	split
sen--seneca.ep17-18	6	6	349	malaconscientia	mala conscientia	perseus--phi1017.phi015.perseus-lat2	split
sen--seneca.ep17-18	6	6	275	quisquisexpectat	quisquis expectat	perseus--phi1017.phi015.perseus-lat2	split
sen--seneca.ep17-18	6	6	206	aliudagere	aliud agere	perseus--phi1017.phi015.perseus-lat2	split
sen--seneca.ep17-18	6	6	136	ullotempore	ullo tempore	perseus--phi1017.phi015.perseus-lat2	split
sen--seneca.ep17-18	6	6	63	vitamet	vitam et	perseus--phi1017.phi015.perseus-lat2	split
sen--seneca.ep17-18	6	8	2509	retineatet	retineat et	perseus--phi1017.phi015.perseus-lat2	split
sen--seneca.ep17-18	6	8	2261	anid	an id	perseus--phi1017.phi015.perseus-lat2	split
sen--seneca.ep17-18	6	8	1954	modestiamet	modestiam et	perseus--phi1017.phi015.perseus-lat2	split
sen--seneca.ep17-18	6	8	1886	oculisdet	oculis det	perseus--phi1017.phi015.perseus-lat2	split
sen--seneca.ep17-18	6	8	1670	statuminemendabilem	statum inemendabilem	perseus--phi1017.phi015.perseus-lat2	split
sen--seneca.ep17-18	6	8	1519	manifestasnotas	manifestas notas	perseus--phi1017.phi015.perseus-lat2	split
sen--seneca.ep17-18	6	8	1445	faciemdiffundant	faciem diffundant	perseus--phi1017.phi015.perseus-lat2	split
sen--seneca.ep17-18	6	8	1225	ergoet	ergo et	perseus--phi1017.phi015.perseus-lat2	split
sen--seneca.ep17-18	6	8	1075	necesseest	necesse est	perseus--phi1017.phi015.perseus-lat2	split
sen--seneca.ep17-18	6	8	783	sicuthoc	sicut hoc	perseus--phi1017.phi015.perseus-lat2	split
sen--seneca.ep17-18	6	8	520	tibiextra	tibi extra	perseus--phi1017.phi015.perseus-lat2	split
sen--seneca.ep17-18	6	8	444	Itaquedubitavi	Itaque dubitavi	perseus--phi1017.phi015.perseus-lat2	split
sen--seneca.ep17-18	6	8	365	philosophiamvelle	philosophiam velle	perseus--phi1017.phi015.perseus-lat2	split
sen--seneca.ep17-18	6	8	297	quaerebasveniebat	quaerebas veniebat	perseus--phi1017.phi015.perseus-lat2	split
sen--seneca.ep17-18	6	8	220	occupationemputant	occupationem putant	perseus--phi1017.phi015.perseus-lat2	split
sen--seneca.ep17-18	6	8	60	occupationibussum	occupationibus sum	perseus--phi1017.phi015.perseus-lat2	split
sen--seneca.ep17-18	6	9	131	subtilitasteritur	subtilitas teritur	perseus--phi1017.phi015.perseus-lat2	split
sen--seneca.ep17-18	7	1	933	animuscontra	animus contra	perseus--phi1017.phi015.perseus-lat2	split
sen--seneca.ep17-18	7	1	861	offensasemetiendum	offensas emetiendum	perseus--phi1017.phi015.perseus-lat2	split
sen--seneca.ep17-18	7	1	792	Alioloco	Alio loco	perseus--phi1017.phi015.perseus-lat2	split
sen--seneca.ep17-18	7	1	720	etarietes	et arietes	perseus--phi1017.phi015.perseus-lat2	split
sen--seneca.ep17-18	7	1	574	quaebalnei	quae balnei	perseus--phi1017.phi015.perseus-lat2	split
sen--seneca.ep17-18	7	1	352	molestumesse	molestum esse	perseus--phi1017.phi015.perseus-lat2	split
sen--seneca.ep17-18	7	1	279	omnibusrebus	omnibus rebus	perseus--phi1017.phi015.perseus-lat2	split
sen--seneca.ep17-18	7	1	211	illisnoster	illis noster	perseus--phi1017.phi015.perseus-lat2	split
sen--seneca.ep17-18	7	1	133	occasionemfugae	occasionem fugae	perseus--phi1017.phi015.perseus-lat2	split
sen--seneca.ep17-18	7	4	362	graviorasunt	graviora sunt	perseus--phi1017.phi015.perseus-lat2	split
sen--seneca.ep17-18	7	5	1970	sidisplicuerint	si displicuerint	perseus--phi1017.phi015.perseus-lat2	split
sen--seneca.ep17-18	7	5	1890	permittiturCiceronis	permittitur Ciceronis	perseus--phi1017.phi015.perseus-lat2	split
sen--seneca.ep17-18	7	5	1819	versibusdisertissimis	versibus disertissimis	perseus--phi1017.phi015.perseus-lat2	split
sen--seneca.ep17-18	7	5	1751	cuiusgubernaculo	cuius gubernaculo	perseus--phi1017.phi015.perseus-lat2	split
sen--seneca.ep17-18	7	5	1671	pulcherrimicursum	pulcherrimi cursum	perseus--phi1017.phi015.perseus-lat2	split
sen--seneca.ep17-18	7	5	1605	inpigriatque	inpigri atque	perseus--phi1017.phi015.perseus-lat2	split
sen--seneca.ep17-18	7	5	1523	murmurationecomitari	murmuratione comitari	perseus--phi1017.phi015.perseus-lat2	split
sen--seneca.ep17-18	7	5	1450	patiquod	pati quod	perseus--phi1017.phi015.perseus-lat2	split
sen--seneca.ep17-18	7	5	1372	quaecumquefiunt	quaecumque fiunt	perseus--phi1017.phi015.perseus-lat2	split
sen--seneca.ep17-18	7	5	1303	hanclegem	hanc legem	perseus--phi1017.phi015.perseus-lat2	split
sen--seneca.ep17-18	7	5	1228	caeliconsurgit	caeli consurgit	perseus--phi1017.phi015.perseus-lat2	split
sen--seneca.ep17-18	7	5	1158	mariacum	maria cum	perseus--phi1017.phi015.perseus-lat2	split
sen--seneca.ep17-18	7	5	1088	videsregnum	vides regnum	perseus--phi1017.phi015.perseus-lat2	split
sen--seneca.ep17-18	7	5	1011	fortiterfortuita	fortiter fortuita	perseus--phi1017.phi015.perseus-lat2	split
sen--seneca.ep17-18	7	5	650	tributapendamus	tributa pendamus	perseus--phi1017.phi015.perseus-lat2	split
sen--seneca.ep17-18	7	5	577	omnibuslatum	omnibus latum	perseus--phi1017.phi015.perseus-lat2	split
sen--seneca.ep17-18	7	5	504	aliquispati	aliquis pati	perseus--phi1017.phi015.perseus-lat2	split
sen--seneca.ep17-18	7	5	435	quiaparia	quia paria	perseus--phi1017.phi015.perseus-lat2	split
sen--seneca.ep17-18	7	5	285	quaedamvibrant	quaedam vibrant	perseus--phi1017.phi015.perseus-lat2	split
sen--seneca.ep17-18	7	5	207	deincepsquae	deinceps quae	perseus--phi1017.phi015.perseus-lat2	split
sen--seneca.ep17-18	7	5	140	aliumcriminatione	alium criminatione	perseus--phi1017.phi015.perseus-lat2	split
sen--seneca.ep17-18	7	7	219	deosquam	deos quam	perseus--phi1017.phi015.perseus-lat2	split
sen--seneca.ep17-18	7	7	144	degenerqui	degener qui	perseus--phi1017.phi015.perseus-lat2	split
sen--seneca.ep17-18	7	10	593	resederuntet	resederunt et	perseus--phi1017.phi015.perseus-lat2	split
sen--seneca.ep17-18	7	11	1619	etconsensu	et consensu	perseus--phi1017.phi015.perseus-lat2	split
sen--seneca.ep17-18	7	11	504	legemvitae	legem vitae	perseus--phi1017.phi015.perseus-lat2	split
sen--seneca.ep17-18	8	3	2066	quoniamquaedam	quoniam quaedam	perseus--phi1017.phi015.perseus-lat2	split
sen--seneca.ep17-18	8	3	1993	modumservem	modum servem	perseus--phi1017.phi015.perseus-lat2	split
sen--seneca.ep17-18	8	3	1766	estnullus	est nullus	perseus--phi1017.phi015.perseus-lat2	split
sen--seneca.ep17-18	8	3	1620	ultraquam	ultra quam	perseus--phi1017.phi015.perseus-lat2	split
sen--seneca.ep17-18	8	3	1469	ostreisboletisque	ostreis boletisque	perseus--phi1017.phi015.perseus-lat2	split
sen--seneca.ep17-18	8	3	1399	deindead	deinde ad	perseus--phi1017.phi015.perseus-lat2	split
sen--seneca.ep17-18	8	3	1177	castumcorpus	castum corpus	perseus--phi1017.phi015.perseus-lat2	split
sen--seneca.ep17-18	8	3	1104	scholapauperi	schola pauperi	perseus--phi1017.phi015.perseus-lat2	split
sen--seneca.ep17-18	8	3	1033	usumexcederet	usum excederet	perseus--phi1017.phi015.perseus-lat2	split
sen--seneca.ep17-18	8	3	812	sublimemaltioremque	sublimem altioremque	perseus--phi1017.phi015.perseus-lat2	split
sen--seneca.ep17-18	8	3	505	audientiumversa	audientium versa	perseus--phi1017.phi015.perseus-lat2	split
sen--seneca.ep17-18	8	3	438	estquantum	est quantum	perseus--phi1017.phi015.perseus-lat2	split
sen--seneca.ep17-18	8	3	364	videriset	videris et	perseus--phi1017.phi015.perseus-lat2	split
sen--seneca.ep17-18	8	3	286	acuminisinriti	acuminis inriti	perseus--phi1017.phi015.perseus-lat2	split
sen--seneca.ep17-18	8	3	136	pecuniaeindicunt	pecuniae indicunt	perseus--phi1017.phi015.perseus-lat2	split
sen--seneca.ep17-18	8	4	136	amoremPythagoras	amorem Pythagoras	perseus--phi1017.phi015.perseus-lat2	split
sen--seneca.ep17-18	8	4	57	philosophiamiuvenis	philosophiam iuvenis	perseus--phi1017.phi015.perseus-lat2	split
sen--seneca.ep17-18	8	5	2453	suosnon	suos non	perseus--phi1017.phi015.perseus-lat2	split
sen--seneca.ep17-18	8	5	2382	nonvivere	non vivere	perseus--phi1017.phi015.perseus-lat2	split
sen--seneca.ep17-18	8	5	2232	impetusprimos	impetus primos	perseus--phi1017.phi015.perseus-lat2	split
sen--seneca.ep17-18	8	5	2137	vestigiumapparere	vestigium apparere	perseus--phi1017.phi015.perseus-lat2	split
sen--seneca.ep17-18	8	5	2066	Attalusculcitam	Attalus culcitam	perseus--phi1017.phi015.perseus-lat2	split
sen--seneca.ep17-18	8	5	1991	difficultermihi	difficulter mihi	perseus--phi1017.phi015.perseus-lat2	split
sen--seneca.ep17-18	8	5	1921	timebatsed	timebat sed	perseus--phi1017.phi015.perseus-lat2	split
sen--seneca.ep17-18	8	5	1770	alienigenatum	alienigena tum	perseus--phi1017.phi015.perseus-lat2	split
sen--seneca.ep17-18	8	5	1619	animumesse	animum esse	perseus--phi1017.phi015.perseus-lat2	split
sen--seneca.ep17-18	8	5	1543	peractonon	peracto non	perseus--phi1017.phi015.perseus-lat2	split
sen--seneca.ep17-18	8	5	1465	vulturumeripio	vulturum eripio	perseus--phi1017.phi015.perseus-lat2	split
sen--seneca.ep17-18	8	5	1325	suntista	sunt ista	perseus--phi1017.phi015.perseus-lat2	split
sen--seneca.ep17-18	8	5	1251	iudiciumquidem	iudicium quidem	perseus--phi1017.phi015.perseus-lat2	split
sen--seneca.ep17-18	8	5	1176	vicesire	vices ire	perseus--phi1017.phi015.perseus-lat2	split
sen--seneca.ep17-18	8	5	1104	nectantum	nec tantum	perseus--phi1017.phi015.perseus-lat2	split
sen--seneca.ep17-18	8	5	1031	animummorari	animum morari	perseus--phi1017.phi015.perseus-lat2	split
sen--seneca.ep17-18	8	5	958	Noncredis	Non credis	perseus--phi1017.phi015.perseus-lat2	split
sen--seneca.ep17-18	8	5	885	aliacorpora	alia corpora	perseus--phi1017.phi015.perseus-lat2	split
sen--seneca.ep17-18	8	5	665	possentin	possent in	perseus--phi1017.phi015.perseus-lat2	split
sen--seneca.ep17-18	8	5	588	hominemrevertatur	hominem revertatur	perseus--phi1017.phi015.perseus-lat2	split
sen--seneca.ep17-18	8	5	511	Videbimusper	Videbimus per	perseus--phi1017.phi015.perseus-lat2	split
sen--seneca.ep17-18	8	5	442	cessatquidem	cessat quidem	perseus--phi1017.phi015.perseus-lat2	split
sen--seneca.ep17-18	8	5	369	atquealias	atque alias	perseus--phi1017.phi015.perseus-lat2	split
sen--seneca.ep17-18	8	5	294	omniuminter	omnium inter	perseus--phi1017.phi015.perseus-lat2	split
sen--seneca.ep17-18	8	5	142	Adiciebatcontrahendam	Adiciebat contrahendam	perseus--phi1017.phi015.perseus-lat2	split
sen--seneca.ep17-18	8	5	67	crudelitatisconsuetudinem	crudelitatis consuetudinem	perseus--phi1017.phi015.perseus-lat2	split
sen--seneca.ep17-18	8	7	204	temporumdicit	temporum dicit	perseus--phi1017.phi015.perseus-lat2	split
sen--seneca.ep17-18	8	7	129	praecipitialenti	praecipitia lenti	perseus--phi1017.phi015.perseus-lat2	split
sen--seneca.ep17-18	8	7	65	veloxdies	velox dies	perseus--phi1017.phi015.perseus-lat2	split
sen--seneca.ep17-18	8	9	597	oraculoplaceat	oraculo placeat	perseus--phi1017.phi015.perseus-lat2	split
sen--seneca.ep17-18	8	9	452	nostraquod	nostra quod	perseus--phi1017.phi015.perseus-lat2	split
sen--seneca.ep17-18	8	9	374	sincerissimumeffluit	sincerissimum effluit	perseus--phi1017.phi015.perseus-lat2	split
sen--seneca.ep17-18	8	9	143	concitatissimumest	concitatissimum est	perseus--phi1017.phi015.perseus-lat2	split
sen--seneca.ep17-18	9	1	659	carmenistud	carmen istud	perseus--phi1017.phi015.perseus-lat2	split
sen--seneca.ep17-18	9	1	516	Primusquisque	Primus quisque	perseus--phi1017.phi015.perseus-lat2	split
sen--seneca.ep17-18	9	1	435	pernicissimiceleritatem	pernicissimi celeritatem	perseus--phi1017.phi015.perseus-lat2	split
sen--seneca.ep17-18	9	1	360	animoet	animo et	perseus--phi1017.phi015.perseus-lat2	split
sen--seneca.ep17-18	9	1	284	superestsegnius	superest segnius	perseus--phi1017.phi015.perseus-lat2	split
sen--seneca.ep17-18	9	1	218	perstudia	per studia	perseus--phi1017.phi015.perseus-lat2	split
sen--seneca.ep17-18	9	1	142	melioraconvertere	meliora convertere	perseus--phi1017.phi015.perseus-lat2	split
sen--seneca.ep17-18	9	1	69	iuvenespossumus	iuvenes possumus	perseus--phi1017.phi015.perseus-lat2	split
sen--seneca.ep17-18	9	4	663	Romulumperisse	Romulum perisse	perseus--phi1017.phi015.perseus-lat2	split
sen--seneca.ep17-18	9	4	585	testimoniumest	testimonium est	perseus--phi1017.phi015.perseus-lat2	split
sen--seneca.ep17-18	9	4	442	nosdictatorem	nos dictatorem	perseus--phi1017.phi015.perseus-lat2	split
sen--seneca.ep17-18	9	4	288	regesesse	reges esse	perseus--phi1017.phi015.perseus-lat2	split
sen--seneca.ep17-18	9	6	217	quodinvenerit	quod invenerit	perseus--phi1017.phi015.perseus-lat2	split
sen--seneca.ep17-18	9	6	66	significassesed	significasse sed	perseus--phi1017.phi015.perseus-lat2	split
sen--seneca.ep17-18	9	8	67	apudCiceronem	apud Ciceronem	perseus--phi1017.phi015.perseus-lat2	split
sen--seneca.ep17-18	9	10	581	ipsosinutilis	ipsos inutilis	perseus--phi1017.phi015.perseus-lat2	split
sen--seneca.ep17-18	9	10	432	mortalibusiudico	mortalibus iudico	perseus--phi1017.phi015.perseus-lat2	split
sen--seneca.ep17-18	9	10	365	fuerintverba	fuerint verba	perseus--phi1017.phi015.perseus-lat2	split
sen--seneca.ep17-18	9	10	290	voceset	voces et	perseus--phi1017.phi015.perseus-lat2	split
sen--seneca.ep17-18	9	10	207	translationesinprobas	translationes inprobas	perseus--phi1017.phi015.perseus-lat2	split
sen--seneca.ep17-18	9	10	142	beataevitae	beatae vitae	perseus--phi1017.phi015.perseus-lat2	split
sen--seneca.ep17-18	9	11	521	Quomodoprobare	Quomodo probare	perseus--phi1017.phi015.perseus-lat2	split
sen--seneca.ep17-18	9	11	293	iactariquam	iactari quam	perseus--phi1017.phi015.perseus-lat2	split
sen--seneca.ep17-18	9	11	219	rectornavigii	rector navigii	perseus--phi1017.phi015.perseus-lat2	split
sen--seneca.ep17-18	9	11	144	luctandumcum	luctandum cum	perseus--phi1017.phi015.perseus-lat2	split
sen--seneca.ep17-18	9	11	67	gubernatorin	gubernator in	perseus--phi1017.phi015.perseus-lat2	split
sen--seneca.ep17-18	9	12	57	desideriotuo	desiderio tuo	perseus--phi1017.phi015.perseus-lat2	split
sen--seneca.ep17-18	9	14	1727	aptatuslingua	aptatus lingua	perseus--phi1017.phi015.perseus-lat2	split
sen--seneca.ep17-18	9	14	1661	essein	esse in	perseus--phi1017.phi015.perseus-lat2	split
sen--seneca.ep17-18	9	14	1392	quidemille	quidem ille	perseus--phi1017.phi015.perseus-lat2	split
sen--seneca.ep17-18	9	14	1243	indicareper	indicare per	perseus--phi1017.phi015.perseus-lat2	split
sen--seneca.ep17-18	9	14	945	bonusbono	bonus bono	perseus--phi1017.phi015.perseus-lat2	split
sen--seneca.ep17-18	9	14	871	plurimumvitia	plurimum vitia	perseus--phi1017.phi015.perseus-lat2	split
sen--seneca.ep17-18	9	14	423	quemadmodumipse	quemadmodum ipse	perseus--phi1017.phi015.perseus-lat2	split
sen--seneca.ep17-18	9	14	353	quiparia	qui paria	perseus--phi1017.phi015.perseus-lat2	split
sen--seneca.ep17-18	9	14	280	quoconferat	quo conferat	perseus--phi1017.phi015.perseus-lat2	split
sen--seneca.ep17-18	9	14	204	virtuteset	virtutes et	perseus--phi1017.phi015.perseus-lat2	split
sen--seneca.ep17-18	9	14	136	summumhabenti	summum habenti	perseus--phi1017.phi015.perseus-lat2	split
sen--seneca.ep17-18	9	14	63	omnibono	omni bono	perseus--phi1017.phi015.perseus-lat2	split
sen--seneca.ep17-18	10	1	1829	quisqueconciliatur	quisque conciliatur	perseus--phi1017.phi015.perseus-lat2	split
sen--seneca.ep17-18	10	1	1610	utremoveas	ut removeas	perseus--phi1017.phi015.perseus-lat2	split
sen--seneca.ep17-18	10	1	423	caloreadiecto	calore adiecto	perseus--phi1017.phi015.perseus-lat2	split
sen--seneca.ep17-18	10	1	358	haecrespondeo	haec respondeo	perseus--phi1017.phi015.perseus-lat2	split
sen--seneca.ep17-18	10	1	284	Ergonec	Ergo nec	perseus--phi1017.phi015.perseus-lat2	split
sen--seneca.ep17-18	10	1	207	armatusmiles	armatus miles	perseus--phi1017.phi015.perseus-lat2	split
sen--seneca.ep17-18	10	1	133	Numquidinstructus	Numquid instructus	perseus--phi1017.phi015.perseus-lat2	split
sen--seneca.ep17-18	10	1	56	supervacuumest	supervacuum est	perseus--phi1017.phi015.perseus-lat2	split
sen--seneca.ep17-18	10	2	1333	Praetereaillud	Praeterea illud	perseus--phi1017.phi015.perseus-lat2	split
sen--seneca.ep17-18	10	2	1261	quaedamsunt	quaedam sunt	perseus--phi1017.phi015.perseus-lat2	split
sen--seneca.ep17-18	10	2	1121	amorsui	amor sui	perseus--phi1017.phi015.perseus-lat2	split
sen--seneca.ep17-18	10	2	971	Proderitautem	Proderit autem	perseus--phi1017.phi015.perseus-lat2	split
sen--seneca.ep17-18	10	2	899	Quaeretitaque	Quaeret itaque	perseus--phi1017.phi015.perseus-lat2	split
sen--seneca.ep17-18	10	2	820	intendereanimum	intendere animum	perseus--phi1017.phi015.perseus-lat2	split
sen--seneca.ep17-18	10	2	745	autemsuadet	autem suadet	perseus--phi1017.phi015.perseus-lat2	split
sen--seneca.ep17-18	10	2	676	nevirtus	ne virtus	perseus--phi1017.phi015.perseus-lat2	split
sen--seneca.ep17-18	10	2	515	cogitationesquemiscendo	cogitationesque miscendo	perseus--phi1017.phi015.perseus-lat2	split
sen--seneca.ep17-18	10	2	446	magnisac	magnis ac	perseus--phi1017.phi015.perseus-lat2	split
sen--seneca.ep17-18	10	2	370	Proderitergo	Proderit ergo	perseus--phi1017.phi015.perseus-lat2	split
sen--seneca.ep17-18	10	2	296	quomodomedico	quomodo medico	perseus--phi1017.phi015.perseus-lat2	split
sen--seneca.ep17-18	10	2	220	venituret	venitur et	perseus--phi1017.phi015.perseus-lat2	split
sen--seneca.ep17-18	10	3	425	intrepidumfore	intrepidum fore	perseus--phi1017.phi015.perseus-lat2	split
sen--seneca.ep17-18	10	3	211	illorevertor	illo revertor	perseus--phi1017.phi015.perseus-lat2	split
sen--seneca.ep17-18	10	3	139	tibidicere	tibi dicere	perseus--phi1017.phi015.perseus-lat2	split
sen--seneca.ep17-18	10	3	64	moralisphilosophiae	moralis philosophiae	perseus--phi1017.phi015.perseus-lat2	split
sen--seneca.ep19	2	3	54	etinstitui	et institui	perseus--phi1017.phi015.perseus-lat2	split
sen--seneca.ep2	1	8	57	in pressero	inpressero	perseus--phi1017.phi015.perseus-lat2	join
sen--seneca.ep2	2	2	1448	v itentur	vitentur	perseus--phi1017.phi015.perseus-lat2	join
sen--seneca.ep2	5	6	226	subducte	subduc te	perseus--phi1017.phi015.perseus-lat2	split
sen--seneca.ep20	1	4	2468	maiorquepars	maiorque pars	perseus--phi1017.phi015.perseus-lat2	split
sen--seneca.ep20	1	4	2400	autinania	aut inania	perseus--phi1017.phi015.perseus-lat2	split
sen--seneca.ep20	1	4	2323	ignorantiaueri	ignorantia ueri	perseus--phi1017.phi015.perseus-lat2	split
sen--seneca.ep20	1	4	2028	nimiumuidebatur	nimium uidebatur	perseus--phi1017.phi015.perseus-lat2	split
sen--seneca.ep20	1	4	1951	fugiendaaut	fugienda aut	perseus--phi1017.phi015.perseus-lat2	split
sen--seneca.ep20	1	4	1880	aliquidpestiferi	aliquid pestiferi	perseus--phi1017.phi015.perseus-lat2	split
sen--seneca.ep20	1	4	1810	egereremateriam	egerere materiam	perseus--phi1017.phi015.perseus-lat2	split
sen--seneca.ep20	1	4	1685	Vatiniosfieri	Vatinios fieri	perseus--phi1017.phi015.perseus-lat2	split
sen--seneca.ep20	1	4	1545	resest	res est	perseus--phi1017.phi015.perseus-lat2	split
sen--seneca.ep20	1	4	1394	perpetuaspotestates	perpetuas potestates	perseus--phi1017.phi015.perseus-lat2	split
sen--seneca.ep20	1	4	1330	sedmagna	sed magna	perseus--phi1017.phi015.perseus-lat2	split
sen--seneca.ep20	1	4	1257	gaudiofruitur	gaudio fruitur	perseus--phi1017.phi015.perseus-lat2	split
sen--seneca.ep20	1	4	1185	illasnundinas	illas nundinas	perseus--phi1017.phi015.perseus-lat2	split
sen--seneca.ep20	1	4	1038	eorummanus	eorum manus	perseus--phi1017.phi015.perseus-lat2	split
sen--seneca.ep20	1	4	964	suispendeant	suis pendeant	perseus--phi1017.phi015.perseus-lat2	split
sen--seneca.ep20	1	4	742	multarumrerum	multarum rerum	perseus--phi1017.phi015.perseus-lat2	split
sen--seneca.ep20	1	4	517	consulatumfiducia	consulatum fiducia	perseus--phi1017.phi015.perseus-lat2	split
sen--seneca.ep20	1	4	364	potestdeesse	potest deesse	perseus--phi1017.phi015.perseus-lat2	split
sen--seneca.ep20	1	4	218	dabonec	dabo nec	perseus--phi1017.phi015.perseus-lat2	split
sen--seneca.ep20	1	4	62	soluendonon	soluendo non	perseus--phi1017.phi015.perseus-lat2	split
sen--seneca.ep20	1	5	1521	honestumest	honestum est	perseus--phi1017.phi015.perseus-lat2	split
sen--seneca.ep20	1	5	1448	honestofluit	honesto fluit	perseus--phi1017.phi015.perseus-lat2	split
sen--seneca.ep20	1	5	1306	honesteadministrata	honeste administrata	perseus--phi1017.phi015.perseus-lat2	split
sen--seneca.ep20	1	5	1236	nequebona	neque bona	perseus--phi1017.phi015.perseus-lat2	split
sen--seneca.ep20	1	5	1162	cuiuscontactu	cuius contactu	perseus--phi1017.phi015.perseus-lat2	split
sen--seneca.ep20	1	5	1093	duointerest	duo interest	perseus--phi1017.phi015.perseus-lat2	split
sen--seneca.ep20	1	5	1021	cuialiquid	cui aliquid	perseus--phi1017.phi015.perseus-lat2	split
sen--seneca.ep20	1	5	947	Aliquidinter	Aliquid inter	perseus--phi1017.phi015.perseus-lat2	split
sen--seneca.ep20	1	5	729	impetumanimi	impetum animi	perseus--phi1017.phi015.perseus-lat2	split
sen--seneca.ep20	1	5	652	petanturpetentium	petantur petentium	perseus--phi1017.phi015.perseus-lat2	split
sen--seneca.ep20	1	5	286	Verumet	Verum et	perseus--phi1017.phi015.perseus-lat2	split
sen--seneca.ep20	1	5	212	quidsi	quid si	perseus--phi1017.phi015.perseus-lat2	split
sen--seneca.ep20	1	5	65	eiusinterpretatio	eius interpretatio	perseus--phi1017.phi015.perseus-lat2	split
sen--seneca.ep20	1	6	662	cumhaec	cum haec	perseus--phi1017.phi015.perseus-lat2	split
sen--seneca.ep20	1	6	357	exiguumest	exiguum est	perseus--phi1017.phi015.perseus-lat2	split
sen--seneca.ep20	1	6	137	protinusquod	protinus quod	perseus--phi1017.phi015.perseus-lat2	split
sen--seneca.ep20	1	7	1353	transtulitet	transtulit et	perseus--phi1017.phi015.perseus-lat2	split
sen--seneca.ep20	1	7	1283	aliquidsecundum	aliquid secundum	perseus--phi1017.phi015.perseus-lat2	split
sen--seneca.ep20	1	7	1062	cummagnum	cum magnum	perseus--phi1017.phi015.perseus-lat2	split
sen--seneca.ep20	1	7	986	lassatusest	lassatus est	perseus--phi1017.phi015.perseus-lat2	split
sen--seneca.ep20	1	7	840	augetsed	auget sed	perseus--phi1017.phi015.perseus-lat2	split
sen--seneca.ep20	1	7	761	interuentusuo	interuentu suo	perseus--phi1017.phi015.perseus-lat2	split
sen--seneca.ep20	1	7	615	uertitadiectio	uertit adiectio	perseus--phi1017.phi015.perseus-lat2	split
sen--seneca.ep20	1	7	543	insua	in sua	perseus--phi1017.phi015.perseus-lat2	split
sen--seneca.ep20	1	7	398	saporenon	sapore non	perseus--phi1017.phi015.perseus-lat2	split
sen--seneca.ep20	1	7	177	Quaedamincremento	Quaedam incremento	perseus--phi1017.phi015.perseus-lat2	split
sen--seneca.ep20	2	1	387	calixan	calix an	perseus--phi1017.phi015.perseus-lat2	split
sen--seneca.ep20	2	1	166	quamex	quam ex	perseus--phi1017.phi015.perseus-lat2	split
sen--seneca.ep20	2	1	95	illauentrem	illa uentrem	perseus--phi1017.phi015.perseus-lat2	split
sen--seneca.ep20	2	8	443	officiiconstat	officii constat	perseus--phi1017.phi015.perseus-lat2	split
sen--seneca.ep20	2	8	368	uilitaset	uilitas et	perseus--phi1017.phi015.perseus-lat2	split
sen--seneca.ep20	2	8	292	diuitiiset	diuitiis et	perseus--phi1017.phi015.perseus-lat2	split
sen--seneca.ep20	2	8	220	sithoc	sit hoc	perseus--phi1017.phi015.perseus-lat2	split
sen--seneca.ep20	2	8	65	constititet	constitit et	perseus--phi1017.phi015.perseus-lat2	split
sen--seneca.ep20	2	9	1219	conspicuialicuius	conspicui alicuius	perseus--phi1017.phi015.perseus-lat2	split
sen--seneca.ep20	2	9	1146	coepimustamquam	coepimus tamquam	perseus--phi1017.phi015.perseus-lat2	split
sen--seneca.ep20	2	9	1070	Aliquabenigna	Aliqua benigna	perseus--phi1017.phi015.perseus-lat2	split
sen--seneca.ep20	2	9	856	tantumtamquam	tantum tamquam	perseus--phi1017.phi015.perseus-lat2	split
sen--seneca.ep20	2	9	781	damnandumnon	damnandum non	perseus--phi1017.phi015.perseus-lat2	split
sen--seneca.ep20	2	9	708	bonumiudicant	bonum iudicant	perseus--phi1017.phi015.perseus-lat2	split
sen--seneca.ep20	2	9	633	factaruminter	factarum inter	perseus--phi1017.phi015.perseus-lat2	split
sen--seneca.ep20	2	9	564	casuoccucurrisse	casu occucurrisse	perseus--phi1017.phi015.perseus-lat2	split
sen--seneca.ep20	2	9	496	innotitiam	in notitiam	perseus--phi1017.phi015.perseus-lat2	split
sen--seneca.ep20	2	9	350	primaboni	prima boni	perseus--phi1017.phi015.perseus-lat2	split
sen--seneca.ep20	2	9	104	interista	inter ista	perseus--phi1017.phi015.perseus-lat2	split
sen--seneca.ep20	3	1	893	decoretam	decore tam	perseus--phi1017.phi015.perseus-lat2	split
sen--seneca.ep20	3	1	663	periculumesse	periculum esse	perseus--phi1017.phi015.perseus-lat2	split
sen--seneca.ep20	3	1	592	donecreuulsa	donec reuulsa	perseus--phi1017.phi015.perseus-lat2	split
sen--seneca.ep20	3	1	293	feceratnon	fecerat non	perseus--phi1017.phi015.perseus-lat2	split
sen--seneca.ep20	3	1	222	crederetetiam	crederet etiam	perseus--phi1017.phi015.perseus-lat2	split
sen--seneca.ep20	3	2	739	bellofortem	bello fortem	perseus--phi1017.phi015.perseus-lat2	split
sen--seneca.ep20	3	2	585	obseruamuseos	obseruamus eos	perseus--phi1017.phi015.perseus-lat2	split
sen--seneca.ep20	3	2	508	distinguerespecie	distinguere specie	perseus--phi1017.phi015.perseus-lat2	split
sen--seneca.ep20	3	2	279	sciatan	sciat an	perseus--phi1017.phi015.perseus-lat2	split
sen--seneca.ep20	3	2	129	uirtutibusuitia	uirtutibus uitia	perseus--phi1017.phi015.perseus-lat2	split
sen--seneca.ep20	3	3	2010	breuehospitium	breue hospitium	perseus--phi1017.phi015.perseus-lat2	split
sen--seneca.ep20	3	3	1938	utuita	ut uita	perseus--phi1017.phi015.perseus-lat2	split
sen--seneca.ep20	3	3	1862	diuinumest	diuinum est	perseus--phi1017.phi015.perseus-lat2	split
sen--seneca.ep20	3	3	1718	perfectumanimum	perfectum animum	perseus--phi1017.phi015.perseus-lat2	split
sen--seneca.ep20	3	3	1646	placiduset	placidus et	perseus--phi1017.phi015.perseus-lat2	split
sen--seneca.ep20	3	3	1497	numquamde	numquam de	perseus--phi1017.phi015.perseus-lat2	split
sen--seneca.ep20	3	3	1275	aspernatusest	aspernatus est	perseus--phi1017.phi015.perseus-lat2	split
sen--seneca.ep20	3	3	1200	credenslabores	credens labores	perseus--phi1017.phi015.perseus-lat2	split
sen--seneca.ep20	3	3	898	magnitudosuper	magnitudo super	perseus--phi1017.phi015.perseus-lat2	split
sen--seneca.ep20	3	3	825	ordoeius	ordo eius	perseus--phi1017.phi015.perseus-lat2	split
sen--seneca.ep20	3	3	752	dedimusofficium	dedimus officium	perseus--phi1017.phi015.perseus-lat2	split
sen--seneca.ep20	3	3	673	conprehendimustemperantiam	conprehendimus temperantiam	perseus--phi1017.phi015.perseus-lat2	split
sen--seneca.ep20	3	3	535	perfectamesse	perfectam esse	perseus--phi1017.phi015.perseus-lat2	split
sen--seneca.ep20	3	3	461	facereposset	facere posset	perseus--phi1017.phi015.perseus-lat2	split
sen--seneca.ep20	3	3	316	corporisanimo	corporis animo	perseus--phi1017.phi015.perseus-lat2	split
sen--seneca.ep20	3	3	250	manudantem	manu dantem	perseus--phi1017.phi015.perseus-lat2	split
sen--seneca.ep20	3	3	103	acreligiose	ac religiose	perseus--phi1017.phi015.perseus-lat2	split
sen--seneca.ep20	3	3	28	amicosbenignum	amicos benignum	perseus--phi1017.phi015.perseus-lat2	split
sen--seneca.ep20	3	4	1536	commodatisutitur	commodatis utitur	perseus--phi1017.phi015.perseus-lat2	split
sen--seneca.ep20	3	4	1463	industriegerat	industrie gerat	perseus--phi1017.phi015.perseus-lat2	split
sen--seneca.ep20	3	4	1394	datquidem	dat quidem	perseus--phi1017.phi015.perseus-lat2	split
sen--seneca.ep20	3	4	1321	nosilla	nos illa	perseus--phi1017.phi015.perseus-lat2	split
sen--seneca.ep20	3	4	1249	illeprofitetur	ille profitetur	perseus--phi1017.phi015.perseus-lat2	split
sen--seneca.ep20	3	4	1174	singuliconferant	singuli conferant	perseus--phi1017.phi015.perseus-lat2	split
sen--seneca.ep20	3	4	1033	iamfacta	iam facta	perseus--phi1017.phi015.perseus-lat2	split
sen--seneca.ep20	3	4	960	mensnostra	mens nostra	perseus--phi1017.phi015.perseus-lat2	split
sen--seneca.ep20	3	4	887	nobiscadendum	nobis cadendum	perseus--phi1017.phi015.perseus-lat2	split
sen--seneca.ep20	3	4	660	humanaprotendi	humana protendi	perseus--phi1017.phi015.perseus-lat2	split
sen--seneca.ep20	3	4	589	putresortiti	putre sortiti	perseus--phi1017.phi015.perseus-lat2	split
sen--seneca.ep20	3	4	437	aliquandosuperest	aliquando superest	perseus--phi1017.phi015.perseus-lat2	split
sen--seneca.ep20	3	4	212	uidemusquam	uidemus quam	perseus--phi1017.phi015.perseus-lat2	split
sen--seneca.ep20	3	4	138	exirenon	exire non	perseus--phi1017.phi015.perseus-lat2	split
sen--seneca.ep20	3	4	65	sedeuenientis	sede uenientis	perseus--phi1017.phi015.perseus-lat2	split
sen--seneca.ep20	3	5	511	uitiorumadsidua	uitiorum adsidua	perseus--phi1017.phi015.perseus-lat2	split
sen--seneca.ep20	3	5	434	indiciumest	indicium est	perseus--phi1017.phi015.perseus-lat2	split
sen--seneca.ep20	3	5	211	alternisVatinii	alternis Vatinii	perseus--phi1017.phi015.perseus-lat2	split
sen--seneca.ep20	3	5	138	esseostendebat	esse ostendebat	perseus--phi1017.phi015.perseus-lat2	split
sen--seneca.ep20	3	5	65	speciesnon	species non	perseus--phi1017.phi015.perseus-lat2	split
sen--seneca.ep20	3	7	949	meritodici	merito dici	perseus--phi1017.phi015.perseus-lat2	split
sen--seneca.ep20	3	7	873	efficeut	effice ut	perseus--phi1017.phi015.perseus-lat2	split
sen--seneca.ep20	3	7	724	mutamussubinde	mutamus subinde	perseus--phi1017.phi015.perseus-lat2	split
sen--seneca.ep20	3	7	647	multiformessumus	multiformes sumus	perseus--phi1017.phi015.perseus-lat2	split
sen--seneca.ep20	3	7	581	unumhominem	unum hominem	perseus--phi1017.phi015.perseus-lat2	split
sen--seneca.ep20	3	7	508	atquealius	atque alius	perseus--phi1017.phi015.perseus-lat2	split
sen--seneca.ep20	3	7	359	subsiditet	subsidit et	perseus--phi1017.phi015.perseus-lat2	split
sen--seneca.ep20	3	7	70	numquameundem	numquam eundem	perseus--phi1017.phi015.perseus-lat2	split
sen--seneca.ep20	3	9	205	Posidoniumet	Posidonium et	perseus--phi1017.phi015.perseus-lat2	split
sen--seneca.ep20	3	9	64	quasatis	qua satis	perseus--phi1017.phi015.perseus-lat2	split
sen--seneca.ep20	4	1	1163	quidquidadloquimur	quidquid adloquimur	perseus--phi1017.phi015.perseus-lat2	split
sen--seneca.ep20	4	1	1007	efferatissimosinhibere	efferatissimos inhibere	perseus--phi1017.phi015.perseus-lat2	split
sen--seneca.ep20	4	1	924	inmoderatumquein	inmoderatumque in	perseus--phi1017.phi015.perseus-lat2	split
sen--seneca.ep20	4	1	771	felicitasdicitur	felicitas dicitur	perseus--phi1017.phi015.perseus-lat2	split
sen--seneca.ep20	4	1	697	minustimeam	minus timeam	perseus--phi1017.phi015.perseus-lat2	split
sen--seneca.ep20	4	1	624	naturaetuae	naturae tuae	perseus--phi1017.phi015.perseus-lat2	split
sen--seneca.ep20	4	1	549	demumintelleges	demum intelleges	perseus--phi1017.phi015.perseus-lat2	split
sen--seneca.ep20	4	1	475	nisiquid	nisi quid	perseus--phi1017.phi015.perseus-lat2	split
sen--seneca.ep20	4	1	402	iudicasmores	iudicas mores	perseus--phi1017.phi015.perseus-lat2	split
sen--seneca.ep20	4	1	329	hominemnatura	hominem natura	perseus--phi1017.phi015.perseus-lat2	split
sen--seneca.ep20	4	1	261	quaedamnaturam	quaedam naturam	perseus--phi1017.phi015.perseus-lat2	split
sen--seneca.ep20	4	1	45	adexercendum	ad exercendum	perseus--phi1017.phi015.perseus-lat2	split
sen--seneca.ep20	4	2	428	posuitcelerrime	posuit celerrime	perseus--phi1017.phi015.perseus-lat2	split
sen--seneca.ep20	4	2	357	pictorcolores	pictor colores	perseus--phi1017.phi015.perseus-lat2	split
sen--seneca.ep20	4	2	282	instrumentasua	instrumenta sua	perseus--phi1017.phi015.perseus-lat2	split
sen--seneca.ep20	4	2	208	aliterquam	aliter quam	perseus--phi1017.phi015.perseus-lat2	split
sen--seneca.ep20	4	2	137	Esseautem	Esse autem	perseus--phi1017.phi015.perseus-lat2	split
sen--seneca.ep20	4	3	248	editaprotinus	edita protinus	perseus--phi1017.phi015.perseus-lat2	split
sen--seneca.ep20	4	3	176	hisnatura	his natura	perseus--phi1017.phi015.perseus-lat2	split
sen--seneca.ep20	4	3	103	manuset	manus et	perseus--phi1017.phi015.perseus-lat2	split
sen--seneca.ep20	4	3	28	peritosquod	peritos quod	perseus--phi1017.phi015.perseus-lat2	split
sen--seneca.ep20	4	4	943	aduiuendum	ad uiuendum	perseus--phi1017.phi015.perseus-lat2	split
sen--seneca.ep20	4	4	864	membrorumtam	membrorum tam	perseus--phi1017.phi015.perseus-lat2	split
sen--seneca.ep20	4	4	792	pedesconstitit	pedes constitit	perseus--phi1017.phi015.perseus-lat2	split
sen--seneca.ep20	4	4	717	tamendesiderio	tamen desiderio	perseus--phi1017.phi015.perseus-lat2	split
sen--seneca.ep20	4	4	647	locumreponantur	locum reponantur	perseus--phi1017.phi015.perseus-lat2	split
sen--seneca.ep20	4	4	572	duriorisinuersa	durioris inuersa	perseus--phi1017.phi015.perseus-lat2	split
sen--seneca.ep20	4	4	500	seper	se per	perseus--phi1017.phi015.perseus-lat2	split
sen--seneca.ep20	4	4	425	simultemptare	simul temptare	perseus--phi1017.phi015.perseus-lat2	split
sen--seneca.ep20	4	4	347	prohibentenitantur	prohibente nitantur	perseus--phi1017.phi015.perseus-lat2	split
sen--seneca.ep20	4	4	280	adigitilla	adigit illa	perseus--phi1017.phi015.perseus-lat2	split
sen--seneca.ep20	4	4	209	quaenecessitate	quae necessitate	perseus--phi1017.phi015.perseus-lat2	split
sen--seneca.ep20	4	4	130	metusqueilla	metusque illa	perseus--phi1017.phi015.perseus-lat2	split
sen--seneca.ep20	4	4	61	alitermouerint	aliter mouerint	perseus--phi1017.phi015.perseus-lat2	split
sen--seneca.ep20	4	5	1256	dilucidusnec	dilucidus nec	perseus--phi1017.phi015.perseus-lat2	split
sen--seneca.ep20	4	5	1180	infantibusquoque	infantibus quoque	perseus--phi1017.phi015.perseus-lat2	split
sen--seneca.ep20	4	5	1105	illudignorat	illud ignorat	perseus--phi1017.phi015.perseus-lat2	split
sen--seneca.ep20	4	5	1034	nonex	non ex	perseus--phi1017.phi015.perseus-lat2	split
sen--seneca.ep20	4	5	874	constitutionissuae	constitutionis suae	perseus--phi1017.phi015.perseus-lat2	split
sen--seneca.ep20	4	5	810	quamuisnaturam	quamuis naturam	perseus--phi1017.phi015.perseus-lat2	split
sen--seneca.ep20	4	5	744	autunde	aut unde	perseus--phi1017.phi015.perseus-lat2	split
sen--seneca.ep20	4	5	671	Nosquoque	Nos quoque	perseus--phi1017.phi015.perseus-lat2	split
sen--seneca.ep20	4	5	594	Praetereaipsam	Praeterea ipsam	perseus--phi1017.phi015.perseus-lat2	split
sen--seneca.ep20	4	5	513	constitutionemsuam	constitutionem suam	perseus--phi1017.phi015.perseus-lat2	split
sen--seneca.ep20	4	5	434	intellegiturquam	intellegitur quam	perseus--phi1017.phi015.perseus-lat2	split
sen--seneca.ep20	4	5	363	finitionemintellegi	finitionem intellegi	perseus--phi1017.phi015.perseus-lat2	split
sen--seneca.ep20	4	5	211	nascioportet	nasci oportet	perseus--phi1017.phi015.perseus-lat2	split
sen--seneca.ep20	4	5	137	quoqueuix	quoque uix	perseus--phi1017.phi015.perseus-lat2	split
sen--seneca.ep20	4	6	2057	animalad	animal ad	perseus--phi1017.phi015.perseus-lat2	split
sen--seneca.ep20	4	6	1984	quoquetransuolantium	quoque transuolantium	perseus--phi1017.phi015.perseus-lat2	split
sen--seneca.ep20	4	6	1909	effusaquid	effusa quid	perseus--phi1017.phi015.perseus-lat2	split
sen--seneca.ep20	4	6	1831	prioribusepistulis	prioribus epistulis	perseus--phi1017.phi015.perseus-lat2	split
sen--seneca.ep20	4	6	1756	tutelacertissima	tutela certissima	perseus--phi1017.phi015.perseus-lat2	split
sen--seneca.ep20	4	6	1688	sedinnascitur	sed innascitur	perseus--phi1017.phi015.perseus-lat2	split
sen--seneca.ep20	4	6	1467	aliareferantur	alia referantur	perseus--phi1017.phi015.perseus-lat2	split
sen--seneca.ep20	4	6	1318	quodtranseat	quod transeat	perseus--phi1017.phi015.perseus-lat2	split
sen--seneca.ep20	4	6	1242	infantiest	infanti est	perseus--phi1017.phi015.perseus-lat2	split
sen--seneca.ep20	4	6	1169	naturacommendat	natura commendat	perseus--phi1017.phi015.perseus-lat2	split
sen--seneca.ep20	4	6	1088	constitutionissuae	constitutionis suae	perseus--phi1017.phi015.perseus-lat2	split
sen--seneca.ep20	4	6	877	eamtuetur	eam tuetur	perseus--phi1017.phi015.perseus-lat2	split
sen--seneca.ep20	4	6	804	areamspectat	aream spectat	perseus--phi1017.phi015.perseus-lat2	split
sen--seneca.ep20	4	6	729	quidemculmo	quidem culmo	perseus--phi1017.phi015.perseus-lat2	split
sen--seneca.ep20	4	6	651	constitutionemhabet	constitutionem habet	perseus--phi1017.phi015.perseus-lat2	split
sen--seneca.ep20	4	6	502	huicconstitutioni	huic constitutioni	perseus--phi1017.phi015.perseus-lat2	split
sen--seneca.ep20	4	6	428	omnesei	omnes ei	perseus--phi1017.phi015.perseus-lat2	split
sen--seneca.ep20	4	6	355	constitutioest	constitutio est	perseus--phi1017.phi015.perseus-lat2	split
sen--seneca.ep20	4	6	283	rationalipotest	rationali potest	perseus--phi1017.phi015.perseus-lat2	split
sen--seneca.ep20	4	6	210	carusest	carus est	perseus--phi1017.phi015.perseus-lat2	split
sen--seneca.ep20	4	6	136	hominemsibi	hominem sibi	perseus--phi1017.phi015.perseus-lat2	split
sen--seneca.ep20	5	1	2478	tacitisquoque	tacitis quoque	perseus--phi1017.phi015.perseus-lat2	split
sen--seneca.ep20	5	1	2123	etuiuere	et uiuere	perseus--phi1017.phi015.perseus-lat2	split
sen--seneca.ep20	5	1	2052	suiet	sui et	perseus--phi1017.phi015.perseus-lat2	split
sen--seneca.ep20	5	1	1904	fauisangulorum	fauis angulorum	perseus--phi1017.phi015.perseus-lat2	split
sen--seneca.ep20	5	1	1833	nullumest	nullum est	perseus--phi1017.phi015.perseus-lat2	split
sen--seneca.ep20	5	1	1686	densorara	denso rara	perseus--phi1017.phi015.perseus-lat2	split
sen--seneca.ep20	5	1	1391	naturapraecepit	natura praecepit	perseus--phi1017.phi015.perseus-lat2	split
sen--seneca.ep20	5	1	1020	quosecari	quo secari	perseus--phi1017.phi015.perseus-lat2	split
sen--seneca.ep20	5	1	870	omnibusest	omnibus est	perseus--phi1017.phi015.perseus-lat2	split
sen--seneca.ep20	5	1	799	tardumest	tardum est	perseus--phi1017.phi015.perseus-lat2	split
sen--seneca.ep20	5	1	726	apparetnon	apparet non	perseus--phi1017.phi015.perseus-lat2	split
sen--seneca.ep20	5	1	655	apernicioso	a pernicioso	perseus--phi1017.phi015.perseus-lat2	split
sen--seneca.ep20	5	1	582	necumquam	nec umquam	perseus--phi1017.phi015.perseus-lat2	split
sen--seneca.ep20	5	1	427	nocituriscientiam	nocituri scientiam	perseus--phi1017.phi015.perseus-lat2	split
sen--seneca.ep20	5	1	360	quarepulli	quare pulli	perseus--phi1017.phi015.perseus-lat2	split
sen--seneca.ep20	5	1	288	gallinanon	gallina non	perseus--phi1017.phi015.perseus-lat2	split
sen--seneca.ep20	5	1	138	quemadmodumintellegat	quemadmodum intellegat	perseus--phi1017.phi015.perseus-lat2	split
sen--seneca.ep20	5	1	64	salutarisaut	salutaris aut	perseus--phi1017.phi015.perseus-lat2	split
sen--seneca.ep20	5	3	351	peruerterintnec	peruerterint nec	perseus--phi1017.phi015.perseus-lat2	split
sen--seneca.ep20	5	3	287	multishoc	multis hoc	perseus--phi1017.phi015.perseus-lat2	split
sen--seneca.ep20	5	3	218	altosole	alto sole	perseus--phi1017.phi015.perseus-lat2	split
sen--seneca.ep20	5	3	138	Officiosiormeliorque	Officiosior meliorque	perseus--phi1017.phi015.perseus-lat2	split
sen--seneca.ep20	5	5	217	nesciuntquando	nesciunt quando	perseus--phi1017.phi015.perseus-lat2	split
sen--seneca.ep20	5	5	140	uideruntnec	uiderunt nec	perseus--phi1017.phi015.perseus-lat2	split
sen--seneca.ep20	5	5	70	ineadem	in eadem	perseus--phi1017.phi015.perseus-lat2	split
sen--seneca.ep20	5	6	878	malorumdixerim	malorum dixerim	perseus--phi1017.phi015.perseus-lat2	split
sen--seneca.ep20	5	6	804	euanidialbent	euanidi albent	perseus--phi1017.phi015.perseus-lat2	split
sen--seneca.ep20	5	6	655	saginasubcrescit	sagina subcrescit	perseus--phi1017.phi015.perseus-lat2	split
sen--seneca.ep20	5	6	578	exercitationeiacentibus	exercitatione iacentibus	perseus--phi1017.phi015.perseus-lat2	split
sen--seneca.ep20	5	6	513	inmotaefacile	inmotae facile	perseus--phi1017.phi015.perseus-lat2	split
sen--seneca.ep20	5	6	436	aliquidex	aliquid ex	perseus--phi1017.phi015.perseus-lat2	split
sen--seneca.ep20	5	6	288	interdiuparentatur	interdiu parentatur	perseus--phi1017.phi015.perseus-lat2	split
sen--seneca.ep20	5	6	210	uigiliaetempus	uigiliae tempus	perseus--phi1017.phi015.perseus-lat2	split
sen--seneca.ep20	5	7	2515	totodie	toto die	perseus--phi1017.phi015.perseus-lat2	split
sen--seneca.ep20	5	7	2444	etoccasus	et occasus	perseus--phi1017.phi015.perseus-lat2	split
sen--seneca.ep20	5	7	2369	Iuliuscarmen	Iulius carmen	perseus--phi1017.phi015.perseus-lat2	split
sen--seneca.ep20	5	7	2117	acerboqui	acerbo qui	perseus--phi1017.phi015.perseus-lat2	split
sen--seneca.ep20	5	7	2049	mihidefunctorum	mihi defunctorum	perseus--phi1017.phi015.perseus-lat2	split
sen--seneca.ep20	5	7	1972	publicusrelinquatur	publicus relinquatur	perseus--phi1017.phi015.perseus-lat2	split
sen--seneca.ep20	5	7	1902	facerequod	facere quod	perseus--phi1017.phi015.perseus-lat2	split
sen--seneca.ep20	5	7	1828	nuncprandeamus	nunc prandeamus	perseus--phi1017.phi015.perseus-lat2	split
sen--seneca.ep20	5	7	1666	institueruntomnia	instituerunt omnia	perseus--phi1017.phi015.perseus-lat2	split
sen--seneca.ep20	5	7	1593	nonuidentur	non uidentur	perseus--phi1017.phi015.perseus-lat2	split
sen--seneca.ep20	5	7	1516	naturamqui	naturam qui	perseus--phi1017.phi015.perseus-lat2	split
sen--seneca.ep20	5	7	1447	indeortis	inde ortis	perseus--phi1017.phi015.perseus-lat2	split
sen--seneca.ep20	5	7	1372	summisturribus	summis turribus	perseus--phi1017.phi015.perseus-lat2	split
sen--seneca.ep20	5	7	1219	concupiscuntrosam	concupiscunt rosam	perseus--phi1017.phi015.perseus-lat2	split
sen--seneca.ep20	5	7	1155	neaetas	ne aetas	perseus--phi1017.phi015.perseus-lat2	split
sen--seneca.ep20	5	7	1082	uirumpati	uirum pati	perseus--phi1017.phi015.perseus-lat2	split
sen--seneca.ep20	5	7	708	faciuntet	faciunt et	perseus--phi1017.phi015.perseus-lat2	split
sen--seneca.ep20	5	7	637	Postprandium	Post prandium	perseus--phi1017.phi015.perseus-lat2	split
sen--seneca.ep20	5	7	561	sudoremquem	sudorem quem	perseus--phi1017.phi015.perseus-lat2	split
sen--seneca.ep20	5	7	205	peruersisnec	peruersis nec	perseus--phi1017.phi015.perseus-lat2	split
sen--seneca.ep20	5	7	137	omniadebitum	omnia debitum	perseus--phi1017.phi015.perseus-lat2	split
sen--seneca.ep20	5	7	66	totamuitam	totam uitam	perseus--phi1017.phi015.perseus-lat2	split
sen--seneca.ep20	6	1	1022	diciturrationes	dicitur rationes	perseus--phi1017.phi015.perseus-lat2	split
sen--seneca.ep20	6	1	880	sesupra	se supra	perseus--phi1017.phi015.perseus-lat2	split
sen--seneca.ep20	6	1	800	Albinouanumnarrantem	Albinouanum narrantem	perseus--phi1017.phi015.perseus-lat2	split
sen--seneca.ep20	6	1	731	occupataciuitate	occupata ciuitate	perseus--phi1017.phi015.perseus-lat2	split
sen--seneca.ep20	6	1	347	concupiscentiaut	concupiscenti aut	perseus--phi1017.phi015.perseus-lat2	split
sen--seneca.ep20	6	1	280	nihiliuuat	nihil iuuat	perseus--phi1017.phi015.perseus-lat2	split
sen--seneca.ep20	6	2	1311	aliauita	alia uita	perseus--phi1017.phi015.perseus-lat2	split
sen--seneca.ep20	6	2	1236	illamsequentibus	illam sequentibus	perseus--phi1017.phi015.perseus-lat2	split
sen--seneca.ep20	6	2	1164	tenendanobis	tenenda nobis	perseus--phi1017.phi015.perseus-lat2	split
sen--seneca.ep20	6	2	1095	petuntomnes	petunt omnes	perseus--phi1017.phi015.perseus-lat2	split
sen--seneca.ep20	6	2	940	elegantiacenarum	elegantia cenarum	perseus--phi1017.phi015.perseus-lat2	split
sen--seneca.ep20	6	2	867	uitaecommunis	uitae communis	perseus--phi1017.phi015.perseus-lat2	split
sen--seneca.ep20	6	2	643	declinationescapit	declinationes capit	perseus--phi1017.phi015.perseus-lat2	split
sen--seneca.ep20	6	2	506	uariasunt	uaria sunt	perseus--phi1017.phi015.perseus-lat2	split
sen--seneca.ep20	6	2	326	nisinoctem	nisi noctem	perseus--phi1017.phi015.perseus-lat2	split
sen--seneca.ep20	6	2	252	huiusdiem	huius diem	perseus--phi1017.phi015.perseus-lat2	split
sen--seneca.ep20	6	2	178	diciturmulsum	dicitur mulsum	perseus--phi1017.phi015.perseus-lat2	split
sen--seneca.ep20	6	2	27	noctisquid	noctis quid	perseus--phi1017.phi015.perseus-lat2	split
sen--seneca.ep20	6	4	1589	desiderandosuppleuit	desiderando suppleuit	perseus--phi1017.phi015.perseus-lat2	split
sen--seneca.ep20	6	4	1437	argumentaquae	argumenta quae	perseus--phi1017.phi015.perseus-lat2	split
sen--seneca.ep20	6	4	1370	aequeapparet	aeque apparet	perseus--phi1017.phi015.perseus-lat2	split
sen--seneca.ep20	6	4	1151	laborcontraxit	labor contraxit	perseus--phi1017.phi015.perseus-lat2	split
sen--seneca.ep20	6	4	1082	nonbalineum	non balineum	perseus--phi1017.phi015.perseus-lat2	split
sen--seneca.ep20	6	4	1004	uoluptatemcapiam	uoluptatem capiam	perseus--phi1017.phi015.perseus-lat2	split
sen--seneca.ep20	6	4	933	moratusuenter	moratus uenter	perseus--phi1017.phi015.perseus-lat2	split
sen--seneca.ep20	6	4	716	multaetemporum	multae temporum	perseus--phi1017.phi015.perseus-lat2	split
sen--seneca.ep20	6	4	570	necante	nec ante	perseus--phi1017.phi015.perseus-lat2	split
sen--seneca.ep20	6	4	497	famesreddet	fames reddet	perseus--phi1017.phi015.perseus-lat2	split
sen--seneca.ep20	6	4	209	ipsoloquor	ipso loquor	perseus--phi1017.phi015.perseus-lat2	split
sen--seneca.ep20	6	4	131	lassitudinempono	lassitudinem pono	perseus--phi1017.phi015.perseus-lat2	split
sen--seneca.ep20	6	4	65	multanocte	multa nocte	perseus--phi1017.phi015.perseus-lat2	split
sen--seneca.ep20	6	5	953	estneminem	est neminem	perseus--phi1017.phi015.perseus-lat2	split
sen--seneca.ep20	6	5	875	paedagogiaoblita	paedagogia oblita	perseus--phi1017.phi015.perseus-lat2	split
sen--seneca.ep20	6	5	806	uiderieas	uideri eas	perseus--phi1017.phi015.perseus-lat2	split
sen--seneca.ep20	6	5	664	hominemuenire	hominem uenire	perseus--phi1017.phi015.perseus-lat2	split
sen--seneca.ep20	6	5	595	turpeest	turpe est	perseus--phi1017.phi015.perseus-lat2	split
sen--seneca.ep20	6	5	526	utillos	ut illos	perseus--phi1017.phi015.perseus-lat2	split
sen--seneca.ep20	6	6	2420	petentiaconcitemur	petentia concitemur	perseus--phi1017.phi015.perseus-lat2	split
sen--seneca.ep20	6	6	2279	uictusadstrictior	uictus adstrictior	perseus--phi1017.phi015.perseus-lat2	split
sen--seneca.ep20	6	6	2134	nosaut	nos aut	perseus--phi1017.phi015.perseus-lat2	split
sen--seneca.ep20	6	6	1984	rectumsequi	rectum sequi	perseus--phi1017.phi015.perseus-lat2	split
sen--seneca.ep20	6	6	1825	praeteruehinoluit	praeteruehi noluit	perseus--phi1017.phi015.perseus-lat2	split
sen--seneca.ep20	6	6	1756	uocesnon	uoces non	perseus--phi1017.phi015.perseus-lat2	split
sen--seneca.ep20	6	6	1682	fecerisnec	feceris nec	perseus--phi1017.phi015.perseus-lat2	split
sen--seneca.ep20	6	6	1603	superciliososalienae	superciliosos alienae	perseus--phi1017.phi015.perseus-lat2	split
sen--seneca.ep20	6	6	1458	procurareet	procurare et	perseus--phi1017.phi015.perseus-lat2	split
sen--seneca.ep20	6	6	1382	uiueresed	uiuere sed	perseus--phi1017.phi015.perseus-lat2	split
sen--seneca.ep20	6	6	1089	uoluptatesrecepturae	uoluptates recepturae	perseus--phi1017.phi015.perseus-lat2	split
sen--seneca.ep20	6	6	945	hocest	hoc est	perseus--phi1017.phi015.perseus-lat2	split
sen--seneca.ep20	6	6	795	peruenituruerba	peruenitur uerba	perseus--phi1017.phi015.perseus-lat2	split
sen--seneca.ep20	6	6	573	Necfacile	Nec facile	perseus--phi1017.phi015.perseus-lat2	split
sen--seneca.ep20	6	6	426	acdulcedinem	ac dulcedinem	perseus--phi1017.phi015.perseus-lat2	split
sen--seneca.ep20	6	6	372	synphoniam	symphoniam	perseus--phi1017.phi015.perseus-lat2	replace
sen--seneca.ep20	6	6	347	Quemadmodumqui	Quemadmodum qui	perseus--phi1017.phi015.perseus-lat2	split
sen--seneca.ep20	6	6	280	nosetiam	nos etiam	perseus--phi1017.phi015.perseus-lat2	split
sen--seneca.ep20	6	6	209	nametiam	nam etiam	perseus--phi1017.phi015.perseus-lat2	split
sen--seneca.ep20	6	6	136	uerbagestarent	uerba gestarent	perseus--phi1017.phi015.perseus-lat2	split
sen--seneca.ep20	7	1	1446	salutisaeger	salutis aeger	perseus--phi1017.phi015.perseus-lat2	split
sen--seneca.ep20	7	1	1297	interestutrum	interest utrum	perseus--phi1017.phi015.perseus-lat2	split
sen--seneca.ep20	7	1	1157	malumnon	malum non	perseus--phi1017.phi015.perseus-lat2	split
sen--seneca.ep20	7	1	928	humilisres	humilis res	perseus--phi1017.phi015.perseus-lat2	split
sen--seneca.ep20	7	1	860	auresderigamus	aures derigamus	perseus--phi1017.phi015.perseus-lat2	split
sen--seneca.ep20	7	1	785	amandisint	amandi sint	perseus--phi1017.phi015.perseus-lat2	split
sen--seneca.ep20	7	1	709	conuiuendisapiens	conuiuendi sapiens	perseus--phi1017.phi015.perseus-lat2	split
sen--seneca.ep20	7	1	636	doctumesse	doctum esse	perseus--phi1017.phi015.perseus-lat2	split
sen--seneca.ep20	7	1	565	Stoicaesectae	Stoicae sectae	perseus--phi1017.phi015.perseus-lat2	split
sen--seneca.ep20	7	1	483	formidabilesres	formidabiles res	perseus--phi1017.phi015.perseus-lat2	split
sen--seneca.ep20	7	1	418	auribusnostris	auribus nostris	perseus--phi1017.phi015.perseus-lat2	split
sen--seneca.ep20	7	1	284	asperaet	aspera et	perseus--phi1017.phi015.perseus-lat2	split
sen--seneca.ep20	7	1	142	sidescendas	si descendas	perseus--phi1017.phi015.perseus-lat2	split
sen--seneca.ep20	7	5	61	adiunctumest	adiunctum est	perseus--phi1017.phi015.perseus-lat2	split
sen--seneca.ep20	8	1	2092	nondico	non dico	perseus--phi1017.phi015.perseus-lat2	split
sen--seneca.ep22	1	6	87	delibatuspopuli	delibatus populi	perseus--phi1254.phi001.perseus-lat2	split
sen--seneca.ep22	1	9	91	interbonos	inter bonos	perseus--phi1254.phi001.perseus-lat2	split
sen--seneca.ep22	1	12	87	summusorator	summus orator	perseus--phi1254.phi001.perseus-lat2	split
sen--seneca.ep22	1	24	85	supramensuram	supra mensuram	perseus--phi1254.phi001.perseus-lat2	split
sen--seneca.ep22	1	27	91	interunguentatos	inter unguentatos	perseus--phi1254.phi001.perseus-lat2	split
sen--seneca.ep3	1	4	2426	circumaspicias	circumspicias	perseus--phi1017.phi015.perseus-lat2	replace
sen--seneca.ep3	3	6	1416	ex pergiscar	expergiscar	perseus--phi1017.phi015.perseus-lat2	join
sen--seneca.ep4	1	4	1177	mita	mixta	perseus--phi1017.phi015.perseus-lat2	replace
sen--seneca.ep4	2	5	946	premer	premere	perseus--phi1017.phi015.perseus-lat2	replace
sen--seneca.ep4	4	6	258	sacrissimis	saeuissimis	perseus--phi1017.phi015.perseus-lat2	replace
sen--seneca.ep5	3	1	2731	manicipia	mancipia	perseus--phi1017.phi015.perseus-lat2	replace
sen--seneca.ep5	4	8	545	combibentem	conbibentem	perseus--phi1017.phi015.perseus-lat2	replace
sen--seneca.ep5	6	3	254	reveliendum	revellendum	perseus--phi1017.phi015.perseus-lat2	replace
sen--seneca.ep6	6	3	411	cmnes	omnes	perseus--phi1017.phi015.perseus-lat2	replace
sen--seneca.ep9	1	6	1515	pthisin	phthisin	perseus--phi1017.phi015.perseus-lat2	replace
seneca.contr1	1	4	637	red debam	reddebam	perseus--phi1014.phi001.perseus-lat1	join
seneca.contr1	1	4	423	fragi lis	fragilis	perseus--phi1014.phi001.perseus-lat1	join
seneca.contr1	1	5	465	obver santia	obversantia	perseus--phi1014.phi001.perseus-lat1	join
seneca.contr1	1	5	18	mitt atur	mittatur	perseus--phi1014.phi001.perseus-lat1	join
seneca.contr1	1	6	997	summ um	summum	perseus--phi1014.phi001.perseus-lat1	join
seneca.contr1	1	6	899	q uaestuque	quaestuque	perseus--phi1014.phi001.perseus-lat1	join
seneca.contr1	1	6	617	ingen ia	ingenia	perseus--phi1014.phi001.perseus-lat1	join
seneca.contr1	1	6	422	decre scant	decrescant	perseus--phi1014.phi001.perseus-lat1	join
seneca.contr1	1	6	337	veritat em	veritatem	perseus--phi1014.phi001.perseus-lat1	join
seneca.contr1	1	7	1424	dicu nt	dicunt	perseus--phi1014.phi001.perseus-lat1	join
seneca.contr1	1	7	1149	epolitis	expolitis	perseus--phi1014.phi001.perseus-lat1	replace
seneca.contr1	1	7	838	ne mpe	nempe	perseus--phi1014.phi001.perseus-lat1	join
seneca.contr1	1	7	658	el oquentia	eloquentia	perseus--phi1014.phi001.perseus-lat1	join
seneca.contr1	1	7	563	m anent	manent	perseus--phi1014.phi001.perseus-lat1	join
seneca.contr1	1	7	466	i ngeniosus	ingeniosus	perseus--phi1014.phi001.perseus-lat1	join
seneca.contr1	1	7	99	laguorque	languorque	perseus--phi1014.phi001.perseus-lat1	replace
seneca.contr1	1	9	105	eripu erat	eripuerat	perseus--phi1014.phi001.perseus-lat1	join
seneca.contr1	1	10	410	rece ntius	recentius	perseus--phi1014.phi001.perseus-lat1	join
seneca.contr1	2	1	1462	exprimabat	exprimebat	perseus--phi1014.phi001.perseus-lat1	replace
seneca.contr1	2	5	902	propuntur	proponuntur	perseus--phi1014.phi001.perseus-lat1	replace
seneca.contr1	2	5	569	amnimadverto	animadverto	perseus--phi1014.phi001.perseus-lat1	replace
seneca.contr1	4	6	66	quaoestionem	quaestionem	perseus--phi1014.phi001.perseus-lat1	replace
seneca.contr1	4	21	66	bnignissime	benignissime	perseus--phi1014.phi001.perseus-lat1	replace
seneca.contr1	5	5	224	titlllat	titillat	perseus--phi1014.phi001.perseus-lat1	replace
seneca.contr1	6	5	948	prostiturus	prostituturus	perseus--phi1014.phi001.perseus-lat1	replace
seneca.contr1	8	2	135	superfiuant	superfluant	perseus--phi1014.phi001.perseus-lat1	replace
seneca.contr1	8	4	350	penire	perire	perseus--phi1014.phi001.perseus-lat1	replace
seneca.contr1	8	28	67	deprendero	deprehendero	perseus--phi1014.phi001.perseus-lat1	replace
seneca.contr1	9	10	52	egrege	egregie	perseus--phi1014.phi001.perseus-lat1	replace
seneca.contr1	9	12	707	debiem	debilem	perseus--phi1014.phi001.perseus-lat1	replace
seneca.contr1	10	10	1026	ierietur	ferietur	perseus--phi1014.phi001.perseus-lat1	replace
seneca.contr1	10	14	283	supiciose	suspiciose	perseus--phi1014.phi001.perseus-lat1	replace
seneca.contr2	3	11	299	nuno	nunc	perseus--phi1014.phi001.perseus-lat1	replace
seneca.contr2	8	6	73	fortios	fortius	perseus--phi1014.phi001.perseus-lat1	replace
seneca.contr2	8	26	118	mecam	mecum	perseus--phi1014.phi001.perseus-lat1	replace
seneca.contr2	9	4	757	convalesecre	convalescere	perseus--phi1014.phi001.perseus-lat1	replace
seneca.contr2	10	6	347	autrum	utrum	perseus--phi1014.phi001.perseus-lat1	replace
seneca.contr2	10	8	105	descrebatur	deserebatur	perseus--phi1014.phi001.perseus-lat1	replace
seneca.contr2	12	7	57	abdicante	abdicato	perseus--phi1014.phi001.perseus-lat1	replace
seneca.contr3	1	5	1665	procedore	procedere	perseus--phi1014.phi002.perseus-lat1	replace
seneca.contr3	1	5	969	diligentisse	diligentissime	perseus--phi1014.phi002.perseus-lat1	replace
seneca.contr3	1	5	36	edidlit	edidit	perseus--phi1014.phi002.perseus-lat1	replace
seneca.contr3	3	5	331	incertem	inertem	perseus--phi1014.phi002.perseus-lat1	replace
seneca.contr3	3	16	34	tynannum	tyrannum	perseus--phi1014.phi002.perseus-lat1	replace
seneca.contr3	3	24	145	Olynthuiis	Olynthiis	perseus--phi1014.phi002.perseus-lat1	replace
seneca.contr3	4	5	559	oecidere	occidere	perseus--phi1014.phi002.perseus-lat1	replace
seneca.contr4	1	7	495	inuriarum	iniuriarum	perseus--phi1014.phi002.perseus-lat1	replace
seneca.contr4	2	8	516	iubebet	iubebat	perseus--phi1014.phi002.perseus-lat1	replace
seneca.contr5	2	1	929	exclududit	excludunt	perseus--phi1014.phi002.perseus-lat1	replace
seneca.contr6	2	4	596	deprehendli	deprehendi	perseus--phi1014.phi002.perseus-lat1	replace
seneca.contr7	3	1	986	privigum	privignum	perseus--phi1014.phi001.perseus-lat1	replace
seneca.contr7	12	3	198	praeteriebat	praeterierat	perseus--phi1014.phi001.perseus-lat1	replace
seneca.contr8	2	5	1513	naufragtus	naufragus	perseus--phi1014.phi002.perseus-lat1	replace
seneca.contr9	2	3	130	gallian	gallias	perseus--phi1014.phi001.perseus-lat1	replace
seneca.contr9	2	7	512	protractatione	pro tractatione	perseus--phi1014.phi001.perseus-lat1	split
seneca.contr9	3	5	35	histrionium	histrionum	perseus--phi1014.phi001.perseus-lat1	replace
seneca.contr9	7	4	296	mandabis	mandaui	perseus--phi1014.phi001.perseus-lat1	replace
sha--30	1	4	326	solumtraxit	solum traxit	perseus--phi2331.phi024.perseus-lat2	split
sha--30	1	6	1605	virumquem	virum quem	perseus--phi2331.phi024.perseus-lat2	split
sha--30	1	10	689	barbasico	barbarico	perseus--phi2331.phi024.perseus-lat2	replace
sha--30	1	10	567	nonnihilum	non nihilum	perseus--phi2331.phi024.perseus-lat2	split
sha--30	1	12	522	strupraverat	stupraverat	perseus--phi2331.phi024.perseus-lat2	replace
sha--30	2	1	919	venienta	venientia	perseus--phi2331.phi024.perseus-lat2	replace
sha--30	2	1	266	seffectum	suffectum	perseus--phi2331.phi024.perseus-lat2	replace
sha--30	2	1	170	insignorum	insigniorem	perseus--phi2331.phi024.perseus-lat2	replace
sha--30	2	3	133	luxuroiae	luxuriae	perseus--phi2331.phi024.perseus-lat2	replace
sha--30	2	5	2660	delicitas	felicitas	perseus--phi2331.phi024.perseus-lat2	replace
sha--30	2	5	1641	belloicis	bellicis	perseus--phi2331.phi024.perseus-lat2	replace
sha--30	2	5	1275	gemtis	gentis	perseus--phi2331.phi024.perseus-lat2	replace
sha--30	2	5	163	iomperii	imperii	perseus--phi2331.phi024.perseus-lat2	replace
sha--30	2	7	594	nincupatur	nuncupatur	perseus--phi2331.phi024.perseus-lat2	replace
sha--30	2	7	45	regns	regens	perseus--phi2331.phi024.perseus-lat2	replace
sha--30	3	4	2165	sordissimus	sordidissimus	perseus--phi2331.phi024.perseus-lat2	replace
sha--30	3	4	1254	dimovare	dimovere	perseus--phi2331.phi024.perseus-lat2	replace
sha--30	3	4	1160	prundenti	prudenti	perseus--phi2331.phi024.perseus-lat2	replace
sha--30	4	1	1375	semperinclitus	semper inclitus	perseus--phi2331.phi024.perseus-lat2	split
sha--30	4	1	518	consubinis	concubinis	perseus--phi2331.phi024.perseus-lat2	replace
sha--30	4	1	500	persedutus	persecutus	perseus--phi2331.phi024.perseus-lat2	replace
sha--30	4	1	386	postestatem	potestatem	perseus--phi2331.phi024.perseus-lat2	replace
sha--30	4	5	239	opterat	poterat	perseus--phi2331.phi024.perseus-lat2	replace
sha--30	4	5	84	imperatoremoptimum	imperatorem optimum	perseus--phi2331.phi024.perseus-lat2	split
sha--30	4	9	47	virtutumgloria	virtutum gloria	perseus--phi2331.phi024.perseus-lat2	split
sha--30	5	1	690	lapidus	lapidibus	perseus--phi2331.phi024.perseus-lat2	replace
sha--30	5	5	1212	commilitionem	commilitonem	perseus--phi2331.phi024.perseus-lat2	replace
sha--30	5	5	646	cogitarete	cogitaret	perseus--phi2331.phi024.perseus-lat2	replace
sha--30	5	5	626	tranquillium	tranquillum	perseus--phi2331.phi024.perseus-lat2	replace
sha--30	5	7	529	pulcherrrima	pulcherrima	perseus--phi2331.phi024.perseus-lat2	replace
sha--30	5	7	332	familairem	familiarem	perseus--phi2331.phi024.perseus-lat2	replace
sha--30	5	9	776	aequalitem	aequalitatem	perseus--phi2331.phi024.perseus-lat2	replace
sha--30	6	1	465	cratus	creatus	perseus--phi2331.phi024.perseus-lat2	replace
sha--30	6	3	4761	palatioatque	palatio atque	perseus--phi2331.phi024.perseus-lat2	split
sha--30	6	3	2887	nmon	non	perseus--phi2331.phi024.perseus-lat2	replace
sha--30	6	3	2487	convicata	conviuata	perseus--phi2331.phi024.perseus-lat2	replace
sha--30	7	1	227	militibis	militibus	perseus--phi2331.phi024.perseus-lat2	replace
sha--30	7	3	880	frequantata	frequentata	perseus--phi2331.phi024.perseus-lat2	replace
sha--30	7	3	611	fuactus	factus	perseus--phi2331.phi024.perseus-lat2	replace
sha--aelii	1	13	746	invari	iuvari	perseus--phi2331.phi002.perseus-lat2	replace
sha--aelii	1	14	2149	nonduo	non duo	perseus--phi2331.phi002.perseus-lat2	split
sha--aelii	1	14	1032	vel amine	velamine	perseus--phi2331.phi002.perseus-lat2	join
sha--aelii	2	1	1298	utipse	ut ipse	perseus--phi2331.phi002.perseus-lat2	split
sha--aelii	2	2	270	iamdiximus	iam diximus	perseus--phi2331.phi002.perseus-lat2	split
sha--alexsev	1	2	878	addefensionem	ad defensionem	perseus--phi2331.phi018.perseus-lat2	split
sha--alexsev	1	3	529	cumilli	cum illi	perseus--phi2331.phi018.perseus-lat2	split
sha--alexsev	1	4	230	militam	militiam	perseus--phi2331.phi018.perseus-lat2	replace
sha--alexsev	1	4	199	quose	quo se	perseus--phi2331.phi018.perseus-lat2	split
sha--alexsev	1	4	66	aplerisque	a plerisque	perseus--phi2331.phi018.perseus-lat2	split
sha--ant	1	3	410	fessiiam	fessi iam	perseus--phi2331.phi003.perseus-lat2	split
sha--ant	1	4	731	replevitet	replevit et	perseus--phi2331.phi003.perseus-lat2	split
sha--ant	1	4	682	suntet	sunt et	perseus--phi2331.phi003.perseus-lat2	split
sha--ant	1	5	855	quodde	quod de	perseus--phi2331.phi003.perseus-lat2	split
sha--ant	1	6	406	natalisuo	natali suo	perseus--phi2331.phi003.perseus-lat2	split
sha--ant	2	1	1329	profectusest	profectus est	perseus--phi2331.phi003.perseus-lat2	split
sha--ant	2	1	62	omniaet	omnia et	perseus--phi2331.phi003.perseus-lat2	split
sha--ant	2	3	1198	addandos	ad dandos	perseus--phi2331.phi003.perseus-lat2	split
sha--ant	2	3	688	praeberunt	praebuerunt	perseus--phi2331.phi003.perseus-lat2	replace
sha--ant	2	3	520	acauda	a cauda	perseus--phi2331.phi003.perseus-lat2	split
sha--ant	2	5	904	requisset	requisisset	perseus--phi2331.phi003.perseus-lat2	replace
sha--ant	3	1	784	tansferri	transferri	perseus--phi2331.phi003.perseus-lat2	replace
sha--ant	3	1	535	incena	in cena	perseus--phi2331.phi003.perseus-lat2	split
sha--aurel	1	7	591	Sarmates	Sarmatas	perseus--phi2331.phi026.perseus-lat2	replace
sha--aurel	1	11	6	Sarmates	Sarmatas	perseus--phi2331.phi026.perseus-lat2	replace
sha--aurel	2	3	1337	ponda	pondo	perseus--phi2331.phi026.perseus-lat2	replace
sha--aurel	2	3	1071	geranda	gerenda	perseus--phi2331.phi026.perseus-lat2	replace
sha--aurel	2	3	147	slaria	salaria	perseus--phi2331.phi026.perseus-lat2	replace
sha--aurel	2	5	759	opmnibus	omnibus	perseus--phi2331.phi026.perseus-lat2	replace
sha--aurel	2	5	227	cinferrem	conferrem	perseus--phi2331.phi026.perseus-lat2	replace
sha--aurel	4	1	703	caeremoniisque	caerimoniisque	perseus--phi2331.phi026.perseus-lat2	replace
sha--aurel	4	1	323	amburbnium	amburbium	perseus--phi2331.phi026.perseus-lat2	replace
sha--aurel	4	2	1151	coepiunt	coepit	perseus--phi2331.phi026.perseus-lat2	replace
sha--aurel	4	2	777	intermptis	interemptis	perseus--phi2331.phi026.perseus-lat2	replace
sha--aurel	4	2	372	tubarunt	turbarunt	perseus--phi2331.phi026.perseus-lat2	replace
sha--aurel	4	3	678	libenda	libanda	perseus--phi2331.phi026.perseus-lat2	replace
sha--aurel	5	5	258	mulieremreservavit	mulierem reservavit	perseus--phi2331.phi026.perseus-lat2	split
sha--aurel	5	6	713	epercimus	pepercimus	perseus--phi2331.phi026.perseus-lat2	replace
sha--aurel	6	2	497	aminentibus	eminentibus	perseus--phi2331.phi026.perseus-lat2	replace
sha--aurel	7	2	1076	princips	princeps	perseus--phi2331.phi026.perseus-lat2	replace
sha--aurel	7	3	770	dicxtum	dictum	perseus--phi2331.phi026.perseus-lat2	replace
sha--aurel	7	4	806	quaae	quae	perseus--phi2331.phi026.perseus-lat2	replace
sha--aurel	7	5	657	posteroa	posteros	perseus--phi2331.phi026.perseus-lat2	replace
sha--aurel	7	5	81	ponuntm	ponunt	perseus--phi2331.phi026.perseus-lat2	replace
sha--aurel	7	6	529	hubuit	habuit	perseus--phi2331.phi026.perseus-lat2	replace
sha--aurel	8	2	974	congiara	congiaria	perseus--phi2331.phi026.perseus-lat2	replace
sha--avid	1	2	229	quidemgraviter	quidem graviter	perseus--phi2331.phi006.perseus-lat2	split
sha--avid	1	3	298	sinenostra	sine nostra	perseus--phi2331.phi006.perseus-lat2	split
sha--avid	1	4	1187	tenaxet	tenax et	perseus--phi2331.phi006.perseus-lat2	split
sha--avid	1	4	852	quitantum	qui tantum	perseus--phi2331.phi006.perseus-lat2	split
sha--avid	1	5	660	adviventis	viventis	perseus--phi2331.phi006.perseus-lat2	replace
sha--avid	1	7	722	Aegyptores	Aegypto res	perseus--phi2331.phi006.perseus-lat2	split
sha--avid	2	2	319	inhostem	in hostem	perseus--phi2331.phi006.perseus-lat2	split
sha--avid	2	3	1494	Albanumcras	Albanum cras	perseus--phi2331.phi006.perseus-lat2	split
sha--avid	2	3	1177	uttractemus	ut tractemus	perseus--phi2331.phi006.perseus-lat2	split
sha--avid	3	1	1376	abomni	ab omni	perseus--phi2331.phi006.perseus-lat2	split
sha--avid	3	1	657	ecxitare	excitare	perseus--phi2331.phi006.perseus-lat2	replace
sha--avid	3	1	431	clematiamque	clementiamque	perseus--phi2331.phi006.perseus-lat2	replace
sha--avid	3	2	778	quaede	quae de	perseus--phi2331.phi006.perseus-lat2	split
sha--avid	3	3	1083	difaveant	di faveant	perseus--phi2331.phi006.perseus-lat2	split
sha--avid	3	3	963	devisceribus	de visceribus	perseus--phi2331.phi006.perseus-lat2	split
sha--avid	3	3	523	necsentit	nec sentit	perseus--phi2331.phi006.perseus-lat2	split
sha--car	1	2	877	Bysantiis	Byzantiis	perseus--phi2331.phi013.perseus-lat2	replace
sha--car	1	3	1297	conlocavitet	conlocavit et	perseus--phi2331.phi013.perseus-lat2	split
sha--car	1	5	981	amilitibus	a militibus	perseus--phi2331.phi013.perseus-lat2	split
sha--car	2	1	1111	militabatet	militabat et	perseus--phi2331.phi013.perseus-lat2	split
sha--car	2	2	619	mulierbres	muliebres	perseus--phi2331.phi013.perseus-lat2	replace
sha--car	2	2	368	quibusqueid	quibusque id	perseus--phi2331.phi013.perseus-lat2	split
sha--car	2	4	773	nagent	negent	perseus--phi2331.phi013.perseus-lat2	replace
sha--car	2	6	138	secutisumus	secuti sumus	perseus--phi2331.phi013.perseus-lat2	split
sha--carus	1	6	612	prinicipe	principe	perseus--phi2331.phi030.perseus-lat2	replace
sha--carus	2	4	787	suscriptum	subscriptum	perseus--phi2331.phi030.perseus-lat2	replace
sha--carus	2	6	347	consiIii	consilIi	perseus--phi2331.phi030.perseus-lat2	replace
sha--carus	2	8	45	pIurimos	plurimos	perseus--phi2331.phi030.perseus-lat2	replace
sha--carus	3	1	1250	suscribendum	subscribendum	perseus--phi2331.phi030.perseus-lat2	replace
sha--carus	3	1	1163	suscribendi	subscribendi	perseus--phi2331.phi030.perseus-lat2	replace
sha--carus	3	4	663	duIcius	dulcius	perseus--phi2331.phi030.perseus-lat2	replace
sha--claud	1	2	366	etiuam	etiam	perseus--phi2331.phi025.perseus-lat2	replace
sha--claud	1	3	1323	reglegenter	neglegenter	perseus--phi2331.phi025.perseus-lat2	replace
sha--claud	1	4	1019	adultatrices	adulatrices	perseus--phi2331.phi025.perseus-lat2	replace
sha--claud	1	6	261	regantem	rogantem	perseus--phi2331.phi025.perseus-lat2	replace
sha--claud	1	7	863	trecenda	trecenta	perseus--phi2331.phi025.perseus-lat2	replace
sha--claud	2	1	1012	petium	pretium	perseus--phi2331.phi025.perseus-lat2	replace
sha--claud	2	3	656	quodm	quodam	perseus--phi2331.phi025.perseus-lat2	replace
sha--claud	2	3	93	Savis	Salvis	perseus--phi2331.phi025.perseus-lat2	replace
sha--claud	2	13	132	pervicaria	pervicacia	perseus--phi2331.phi025.perseus-lat2	replace
sha--claud	3	1	1059	perpetrarum	perpetratum	perseus--phi2331.phi025.perseus-lat2	replace
sha--claud	3	1	883	bateum	balteum	perseus--phi2331.phi025.perseus-lat2	replace
sha--claud	3	2	2383	noin	non	perseus--phi2331.phi025.perseus-lat2	replace
sha--claud	3	2	2050	cotidiari	cotidiani	perseus--phi2331.phi025.perseus-lat2	replace
sha--claud	3	2	2024	ducliarium	dulciarium	perseus--phi2331.phi025.perseus-lat2	replace
sha--claud	3	3	744	nobnis	nobis	perseus--phi2331.phi025.perseus-lat2	replace
sha--claud	3	4	71	Archaiae	Achaiae	perseus--phi2331.phi025.perseus-lat2	replace
sha--claud	3	5	104	viverete	viveret	perseus--phi2331.phi025.perseus-lat2	replace
sha--clod	1	2	614	traherat	trahebat	perseus--phi2331.phi012.perseus-lat2	replace
sha--clod	1	4	1070	magistritibus	magistratibus	perseus--phi2331.phi012.perseus-lat2	replace
sha--clod	1	4	392	conmilitiones	commilitones	perseus--phi2331.phi012.perseus-lat2	replace
sha--clod	1	12	739	denidis	de nidis	perseus--phi2331.phi012.perseus-lat2	split
sha--clod	2	5	556	ficadulas	ficedulas	perseus--phi2331.phi012.perseus-lat2	replace
sha--clod	2	5	378	quigentas	quingentos	perseus--phi2331.phi012.perseus-lat2	replace
sha--clod	3	3	641	credoprimum	credo primum	perseus--phi2331.phi012.perseus-lat2	split
sha--com	1	2	1078	deniqueet	denique et	perseus--phi2331.phi007.perseus-lat2	split
sha--com	1	3	1029	pudicitae	pudicitiae	perseus--phi2331.phi007.perseus-lat2	replace
sha--com	1	4	816	acriminosis	a criminosis	perseus--phi2331.phi007.perseus-lat2	split
sha--com	2	1	1341	Commodivirum	Commodi virum	perseus--phi2331.phi007.perseus-lat2	split
sha--com	2	3	404	etsuos	et suos	perseus--phi2331.phi007.perseus-lat2	split
sha--com	2	6	1175	Iudum	Ludum	perseus--phi2331.phi007.perseus-lat2	replace
sha--com	2	6	1125	recepiteo	recepit eo	perseus--phi2331.phi007.perseus-lat2	split
sha--com	3	5	1005	vicenosquinos	vicenos quinos	perseus--phi2331.phi007.perseus-lat2	split
sha--com	3	6	1071	sublatasunt	sublata sunt	perseus--phi2331.phi007.perseus-lat2	split
sha--com	3	6	622	Iavacrum	Lavacrum	perseus--phi2331.phi007.perseus-lat2	replace
sha--com	4	1	1427	Gladiotoris	Gladiatoris	perseus--phi2331.phi007.perseus-lat2	replace
sha--com	4	3	389	necesseria	necessaria	perseus--phi2331.phi007.perseus-lat2	replace
sha--diad	1	3	875	Gracus	Graecus	perseus--phi2331.phi016.perseus-lat2	replace
sha--diad	1	3	223	quiquennia	quinquennia	perseus--phi2331.phi016.perseus-lat2	replace
sha--diad	1	4	432	ceteraqua	ceteraque	perseus--phi2331.phi016.perseus-lat2	replace
sha--diad	1	4	351	nuturaliter	naturaliter	perseus--phi2331.phi016.perseus-lat2	replace
sha--diad	1	5	546	avisui	avi sui	perseus--phi2331.phi016.perseus-lat2	split
sha--diad	1	6	1093	Diademenus	Diadumenus	perseus--phi2331.phi016.perseus-lat2	replace
sha--diad	1	7	1354	exerxitui	exercitui	perseus--phi2331.phi016.perseus-lat2	replace
sha--diad	1	7	453	patremet	patrem et	perseus--phi2331.phi016.perseus-lat2	split
sha--diad	1	7	264	quieo	qui eo	perseus--phi2331.phi016.perseus-lat2	split
sha--diad	2	3	555	paterfactus	pater factus	perseus--phi2331.phi016.perseus-lat2	split
sha--diad	2	4	1186	inimicissisis	inimicissimis	perseus--phi2331.phi016.perseus-lat2	replace
sha--diad	2	4	683	missisetiam	missis etiam	perseus--phi2331.phi016.perseus-lat2	split
sha--didiul	1	3	21	alimentarum	alimentorum	perseus--phi2331.phi009.perseus-lat2	replace
sha--didiul	1	4	251	tricina	tricena	perseus--phi2331.phi009.perseus-lat2	replace
sha--didiul	1	5	1037	subsilliis	subselliis	perseus--phi2331.phi009.perseus-lat2	replace
sha--didiul	1	6	365	pertubatus	perturbatus	perseus--phi2331.phi009.perseus-lat2	replace
sha--firmus	2	1	551	iniuriosissimun	iniuriosissimum	perseus--phi2331.phi029.perseus-lat2	replace
sha--firmus	2	6	664	Iegionibus	Legionibus	perseus--phi2331.phi029.perseus-lat2	replace
sha--firmus	2	6	496	ditasset	dicasset	perseus--phi2331.phi029.perseus-lat2	replace
sha--gall	1	5	698	libidinus	libidinibus	perseus--phi2331.phi023.perseus-lat2	replace
sha--gall	1	6	1121	Aemiliamus	Aemilianus	perseus--phi2331.phi023.perseus-lat2	replace
sha--gall	1	6	1049	opsessis	obsessis	perseus--phi2331.phi023.perseus-lat2	replace
sha--gall	1	6	110	promtius	promptius	perseus--phi2331.phi023.perseus-lat2	replace
sha--gall	2	3	446	gladiores	gladiatores	perseus--phi2331.phi023.perseus-lat2	replace
sha--gall	2	7	70	mumura	murmura	perseus--phi2331.phi023.perseus-lat2	replace
sha--gall	3	1	1339	cxum	cum	perseus--phi2331.phi023.perseus-lat2	replace
sha--gall	3	1	1022	iuissit	iussit	perseus--phi2331.phi023.perseus-lat2	replace
sha--gall	3	1	16	sqane	sane	perseus--phi2331.phi023.perseus-lat2	replace
sha--gall	3	2	441	sanme	sane	perseus--phi2331.phi023.perseus-lat2	replace
sha--gall	3	3	1735	cosntat	constat	perseus--phi2331.phi023.perseus-lat2	replace
sha--gall	3	3	1195	certumprocessit	certum processit	perseus--phi2331.phi023.perseus-lat2	split
sha--gall	3	3	1126	nutiari	nuntiari	perseus--phi2331.phi023.perseus-lat2	replace
sha--gall	3	4	569	accpetus	acceptus	perseus--phi2331.phi023.perseus-lat2	replace
sha--gall	3	4	302	Marciuanum	Marcianum	perseus--phi2331.phi023.perseus-lat2	replace
sha--gall	3	5	598	Radiatussaepe	Radiatus saepe	perseus--phi2331.phi023.perseus-lat2	split
sha--gall	4	1	599	Molvium	Mulvium	perseus--phi2331.phi023.perseus-lat2	replace
sha--gall	4	3	559	viasm	viam	perseus--phi2331.phi023.perseus-lat2	replace
sha--geta	1	3	1468	rettulitatque	rettulit atque	perseus--phi2331.phi014.perseus-lat2	split
sha--geta	1	3	1158	omperiale	imperiale	perseus--phi2331.phi014.perseus-lat2	replace
sha--geta	1	3	411	littererumque	litterarumque	perseus--phi2331.phi014.perseus-lat2	replace
sha--geta	1	4	1053	posteasatis	postea satis	perseus--phi2331.phi014.perseus-lat2	split
sha--gord	1	2	428	cogeneris	cogereris	perseus--phi2331.phi020.perseus-lat2	replace
sha--gord	1	6	882	adclatum	adclamatum	perseus--phi2331.phi020.perseus-lat2	replace
sha--gord	1	8	478	sdibi	sibi	perseus--phi2331.phi020.perseus-lat2	replace
sha--gord	2	1	79	necesseriam	necessariam	perseus--phi2331.phi020.perseus-lat2	replace
sha--gord	2	2	286	tiomens	timens	perseus--phi2331.phi020.perseus-lat2	replace
sha--gord	2	3	1468	littrerae	litterae	perseus--phi2331.phi020.perseus-lat2	replace
sha--gord	2	3	1075	quaetore	quaestore	perseus--phi2331.phi020.perseus-lat2	replace
sha--gord	2	3	641	congiara	congiaria	perseus--phi2331.phi020.perseus-lat2	replace
sha--gord	2	3	550	pollicabatur	pollicebatur	perseus--phi2331.phi020.perseus-lat2	replace
sha--gord	2	4	1076	semissas	se missas	perseus--phi2331.phi020.perseus-lat2	split
sha--gord	2	6	357	tacitrum	tacitum	perseus--phi2331.phi020.perseus-lat2	replace
sha--gord	2	6	94	nonagnosci	non agnosci	perseus--phi2331.phi020.perseus-lat2	split
sha--gord	3	1	849	feleciter	feliciter	perseus--phi2331.phi020.perseus-lat2	replace
sha--gord	3	2	721	tardaretur	tardabatur	perseus--phi2331.phi020.perseus-lat2	replace
sha--gord	3	2	238	accpeto	accepto	perseus--phi2331.phi020.perseus-lat2	replace
sha--gord	3	3	26	multitudino	multitudo	perseus--phi2331.phi020.perseus-lat2	replace
sha--gord	3	6	778	iurus	iuris	perseus--phi2331.phi020.perseus-lat2	replace
sha--gord	3	7	1070	Gordiamum	Gordianum	perseus--phi2331.phi020.perseus-lat2	replace
sha--gord	3	7	611	sapessime	saepissime	perseus--phi2331.phi020.perseus-lat2	replace
sha--gord	3	8	405	opstinata	obstinata	perseus--phi2331.phi020.perseus-lat2	replace
sha--gord	4	1	767	praetermitttnedum	praetermittendum	perseus--phi2331.phi020.perseus-lat2	replace
sha--gord	4	4	785	confidenes	confitentes	perseus--phi2331.phi020.perseus-lat2	replace
sha--gord	4	5	1043	emendanta	emendata	perseus--phi2331.phi020.perseus-lat2	replace
sha--gord	4	5	44	epistolo	epistula	perseus--phi2331.phi020.perseus-lat2	replace
sha--gord	4	7	517	vexiliis	auxiliis	perseus--phi2331.phi020.perseus-lat2	replace
sha--gord	5	3	992	resistebamt	resistebant	perseus--phi2331.phi020.perseus-lat2	replace
sha--gord	5	5	442	pricipe	principe	perseus--phi2331.phi020.perseus-lat2	replace
sha--hadr	1	4	51	farens	ferens	perseus--phi2331.phi001.perseus-lat2	replace
sha--hadr	1	5	234	satatim	statim	perseus--phi2331.phi001.perseus-lat2	replace
sha--hadr	1	7	389	insuspicionem	in suspicionem	perseus--phi2331.phi001.perseus-lat2	split
sha--hadr	1	8	307	deniqueac	denique ac	perseus--phi2331.phi001.perseus-lat2	split
sha--hadr	1	8	49	instituitet	instituit et	perseus--phi2331.phi001.perseus-lat2	split
sha--hadr	2	5	1208	nisiplena	nisi plena	perseus--phi2331.phi001.perseus-lat2	split
sha--hadr	3	1	934	iniocundum	iniucundum	perseus--phi2331.phi001.perseus-lat2	replace
sha--hadr	3	2	168	interpopulos	inter populos	perseus--phi2331.phi001.perseus-lat2	split
sha--hadr	3	4	363	Peregrata	Peragrata	perseus--phi2331.phi001.perseus-lat2	replace
sha--hadr	3	5	1286	patiminime	patimini me	perseus--phi2331.phi001.perseus-lat2	split
sha--hadr	3	5	981	invisem	invicem	perseus--phi2331.phi001.perseus-lat2	replace
sha--hadr	3	5	867	semperut	semper ut	perseus--phi2331.phi001.perseus-lat2	split
sha--hadr	4	3	432	heredidates	hereditates	perseus--phi2331.phi001.perseus-lat2	replace
sha--hadr	4	5	98	humanitatisquasi	humanitatis quasi	perseus--phi2331.phi001.perseus-lat2	split
sha--hadr	5	1	941	etiamsilentio	etiam silentio	perseus--phi2331.phi001.perseus-lat2	split
sha--hadr	5	3	1840	senatuagere	senatu agere	perseus--phi2331.phi001.perseus-lat2	split
sha--hadr	5	3	318	destestatione	detestatione	perseus--phi2331.phi001.perseus-lat2	replace
sha--hadr	5	4	811	gladiose	gladio se	perseus--phi2331.phi001.perseus-lat2	split
sha--helio	1	2	1059	amretur	amaretur	perseus--phi2331.phi017.perseus-lat2	replace
sha--helio	1	2	233	venera	venena	perseus--phi2331.phi017.perseus-lat2	replace
sha--helio	1	4	66	nunctios	nuntios	perseus--phi2331.phi017.perseus-lat2	replace
sha--helio	2	3	536	Iudibrium	Ludibrium	perseus--phi2331.phi017.perseus-lat2	replace
sha--helio	2	4	1184	perpesse	perpessi	perseus--phi2331.phi017.perseus-lat2	replace
sha--helio	2	4	786	famimiaritatem	familiaritatem	perseus--phi2331.phi017.perseus-lat2	replace
sha--helio	2	5	676	celebreret	celebraret	perseus--phi2331.phi017.perseus-lat2	replace
sha--helio	2	6	33	saltorem	saltatorem	perseus--phi2331.phi017.perseus-lat2	replace
sha--helio	3	1	483	Paladium	Palatium	perseus--phi2331.phi017.perseus-lat2	replace
sha--helio	3	2	541	nevel	neve	perseus--phi2331.phi017.perseus-lat2	replace
sha--helio	3	4	792	praecipitus	praecipitatus	perseus--phi2331.phi017.perseus-lat2	replace
sha--helio	3	6	883	lucustis	locustis	perseus--phi2331.phi017.perseus-lat2	replace
sha--helio	4	3	186	strusiones	struthiones	perseus--phi2331.phi017.perseus-lat2	replace
sha--helio	4	5	709	rursusqua	rursusque	perseus--phi2331.phi017.perseus-lat2	replace
sha--helio	5	4	328	etitem	et item	perseus--phi2331.phi017.perseus-lat2	split
sha--helio	5	6	1069	novaclum	novaculam	perseus--phi2331.phi017.perseus-lat2	replace
sha--helio	5	6	946	accurens	accurans	perseus--phi2331.phi017.perseus-lat2	replace
sha--helio	6	2	425	cerauneis	cerauniis	perseus--phi2331.phi017.perseus-lat2	replace
sha--helio	6	2	224	Paravereat	Paraverat	perseus--phi2331.phi017.perseus-lat2	replace
sha--helio	6	3	794	regenmdi	regendi	perseus--phi2331.phi017.perseus-lat2	replace
sha--helio	6	3	304	dufuerit	defuerit	perseus--phi2331.phi017.perseus-lat2	replace
sha--mac	1	2	798	sciendumsit	sciendum sit	perseus--phi2331.phi015.perseus-lat2	split
sha--mac	1	2	773	Traianoaut	Traiano aut	perseus--phi2331.phi015.perseus-lat2	split
sha--mac	1	2	745	persequuturum	persecuturum	perseus--phi2331.phi015.perseus-lat2	replace
sha--mac	1	2	560	lunio	iunio	perseus--phi2331.phi015.perseus-lat2	replace
sha--mac	1	2	542	prescribere	perscribere	perseus--phi2331.phi015.perseus-lat2	replace
sha--mac	1	3	241	hominus	hominum	perseus--phi2331.phi015.perseus-lat2	replace
sha--mac	1	3	135	natusloco	natus loco	perseus--phi2331.phi015.perseus-lat2	split
sha--mac	1	5	306	libretinum	libertinum	perseus--phi2331.phi015.perseus-lat2	replace
sha--mac	1	6	1594	quoincipere	quo incipere	perseus--phi2331.phi015.perseus-lat2	split
sha--mac	2	1	421	didederant	di dederant	perseus--phi2331.phi015.perseus-lat2	split
sha--mac	2	1	128	sumpsitimprobus	sumpsit improbus	perseus--phi2331.phi015.perseus-lat2	split
sha--mac	2	2	1332	Helio gabalo	Heliogabalo	perseus--phi2331.phi015.perseus-lat2	join
sha--mac	2	2	872	sordissimus	sordidissimus	perseus--phi2331.phi015.perseus-lat2	replace
sha--mac	2	2	177	praticios	patricios	perseus--phi2331.phi015.perseus-lat2	replace
sha--mac	3	1	529	ostendamnon	ostendam non	perseus--phi2331.phi015.perseus-lat2	split
sha--mac	3	1	506	asperire	aperire	perseus--phi2331.phi015.perseus-lat2	replace
sha--mac	3	1	295	decumavit	decimavit	perseus--phi2331.phi015.perseus-lat2	replace
sha--mac	3	1	137	Severumprae	Severum prae	perseus--phi2331.phi015.perseus-lat2	split
sha--mac	3	5	20	viliatem	vilitatem	perseus--phi2331.phi015.perseus-lat2	replace
sha--marcant	1	5	1199	Diogeneto	Diogneto	perseus--phi2331.phi004.perseus-lat2	replace
sha--marcant	3	1	1148	Iudicariae	Iudiciariae	perseus--phi2331.phi004.perseus-lat2	replace
sha--marcant	3	1	536	quemquum	quemquam	perseus--phi2331.phi004.perseus-lat2	replace
sha--marcant	3	2	187	prudentur	prudenter	perseus--phi2331.phi004.perseus-lat2	replace
sha--marcant	5	1	1063	praaeterea	praeterea	perseus--phi2331.phi004.perseus-lat2	replace
sha--marcant	6	2	465	coniarium	congiarium	perseus--phi2331.phi004.perseus-lat2	replace
sha--marcant	6	4	1167	quoderat	quod erat	perseus--phi2331.phi004.perseus-lat2	split
sha--max	1	5	1387	Haliogabali	Heliogabali	perseus--phi2331.phi019.perseus-lat2	replace
sha--max	1	7	1194	amaxas	hamaxas	perseus--phi2331.phi019.perseus-lat2	replace
sha--max	1	7	264	prosciebat	prospiciebat	perseus--phi2331.phi019.perseus-lat2	replace
sha--max	2	4	1076	militbus	milibus	perseus--phi2331.phi019.perseus-lat2	replace
sha--max	2	4	741	exertitio	exercitio	perseus--phi2331.phi019.perseus-lat2	replace
sha--max	2	5	753	ferearum	ferarum	perseus--phi2331.phi019.perseus-lat2	replace
sha--max	2	5	337	circumdewderunt	circumdederunt	perseus--phi2331.phi019.perseus-lat2	replace
sha--max	2	5	34	descicentibus	desciscentibus	perseus--phi2331.phi019.perseus-lat2	replace
sha--max	3	1	953	eliunde	aliunde	perseus--phi2331.phi019.perseus-lat2	replace
sha--max	3	1	378	creliqua	reliqua	perseus--phi2331.phi019.perseus-lat2	replace
sha--max	3	2	277	sebveniendum	subveniendum	perseus--phi2331.phi019.perseus-lat2	replace
sha--max	4	1	21	anuntiata	nuntiata	perseus--phi2331.phi019.perseus-lat2	replace
sha--max	4	2	53	consperisset	comperisset	perseus--phi2331.phi019.perseus-lat2	replace
sha--max	4	4	500	opsessi	obsessi	perseus--phi2331.phi019.perseus-lat2	replace
sha--max	4	4	182	defiebatur	deficiebatur	perseus--phi2331.phi019.perseus-lat2	replace
sha--max	4	5	1250	hecatombem	hecatomben	perseus--phi2331.phi019.perseus-lat2	replace
sha--max	4	5	199	hostribus	hostibus	perseus--phi2331.phi019.perseus-lat2	replace
sha--max	4	6	360	nuintius	nuntius	perseus--phi2331.phi019.perseus-lat2	replace
sha--max	4	6	323	sendete	sedente	perseus--phi2331.phi019.perseus-lat2	replace
sha--max	4	7	1183	supplicationesper	supplicationes per	perseus--phi2331.phi019.perseus-lat2	split
sha--max	4	7	897	haecverba	haec verba	perseus--phi2331.phi019.perseus-lat2	split
sha--max	5	1	339	diceunt	dicunt	perseus--phi2331.phi019.perseus-lat2	replace
sha--max	5	3	45	peritp	perito	perseus--phi2331.phi019.perseus-lat2	replace
sha--max	5	4	1214	campagnum	campagum	perseus--phi2331.phi019.perseus-lat2	replace
sha--max	5	4	804	salutionibus	salutationibus	perseus--phi2331.phi019.perseus-lat2	replace
sha--max	5	4	635	fuitvita	fuit vita	perseus--phi2331.phi019.perseus-lat2	split
sha--max	5	5	1526	gageas	galeas	perseus--phi2331.phi019.perseus-lat2	replace
sha--max	5	6	1074	interignobiles	inter ignobiles	perseus--phi2331.phi019.perseus-lat2	split
sha--max	5	8	306	paeror	maeror	perseus--phi2331.phi019.perseus-lat2	replace
sha--maxbal	1	2	1275	intimore	in timore	perseus--phi2331.phi021.perseus-lat2	split
sha--maxbal	2	1	1206	largentem	largientem	perseus--phi2331.phi021.perseus-lat2	replace
sha--maxbal	2	4	759	incidsset	incidisset	perseus--phi2331.phi021.perseus-lat2	replace
sha--maxbal	2	4	429	inhostium	in hostium	perseus--phi2331.phi021.perseus-lat2	split
sha--maxbal	2	5	248	Aquleiam	Aquileiam	perseus--phi2331.phi021.perseus-lat2	replace
sha--maxbal	2	6	1592	adclamatioines	adclamationes	perseus--phi2331.phi021.perseus-lat2	replace
sha--maxbal	2	6	1244	potertat	poterat	perseus--phi2331.phi021.perseus-lat2	replace
sha--maxbal	3	2	1050	rapotare	raptare	perseus--phi2331.phi021.perseus-lat2	replace
sha--maxbal	3	3	685	iopsum	ipsum	perseus--phi2331.phi021.perseus-lat2	replace
sha--maxbal	3	3	439	populoi	populo	perseus--phi2331.phi021.perseus-lat2	replace
sha--maxbal	3	4	786	etHerodianus	et Herodianus	perseus--phi2331.phi021.perseus-lat2	split
sha--maxbal	3	4	593	Gaeci	Graeci	perseus--phi2331.phi021.perseus-lat2	replace
sha--maxbal	4	1	2168	gloriater	gloriarer	perseus--phi2331.phi021.perseus-lat2	replace
sha--maxbal	4	1	1548	consentanae	consentanea	perseus--phi2331.phi021.perseus-lat2	replace
sha--maxbal	4	1	717	prisnam	pristinam	perseus--phi2331.phi021.perseus-lat2	replace
sha--pert	2	1	1275	senatorim	senatorium	perseus--phi2331.phi008.perseus-lat2	replace
sha--pert	2	2	937	exprivatis	ex privatis	perseus--phi2331.phi008.perseus-lat2	split
sha--pert	2	2	218	chirodytas	chiridotas	perseus--phi2331.phi008.perseus-lat2	replace
sha--pert	2	5	1186	inpectus	in pectus	perseus--phi2331.phi008.perseus-lat2	split
sha--pesc	1	2	870	regert	regeret	perseus--phi2331.phi011.perseus-lat2	replace
sha--pesc	1	2	230	sriptoribus	scriptoribus	perseus--phi2331.phi011.perseus-lat2	replace
sha--pesc	1	4	1423	cubuculis	cubiculis	perseus--phi2331.phi011.perseus-lat2	replace
sha--pesc	1	4	1353	vagabtur	vagantur	perseus--phi2331.phi011.perseus-lat2	replace
sha--pesc	1	4	1145	obtrui	obrui	perseus--phi2331.phi011.perseus-lat2	replace
sha--pesc	1	5	496	Trainus	Traianus	perseus--phi2331.phi011.perseus-lat2	replace
sha--pesc	1	5	291	Armenicis	Armeniis	perseus--phi2331.phi011.perseus-lat2	replace
sha--pesc	1	6	893	inlustirbus	inlustribus	perseus--phi2331.phi011.perseus-lat2	replace
sha--pesc	1	6	627	occcuparet	occuparet	perseus--phi2331.phi011.perseus-lat2	replace
sha--pesc	2	1	640	rubudi	rubidi	perseus--phi2331.phi011.perseus-lat2	replace
sha--pesc	2	13	1232	commandarent	commendarent	perseus--phi2331.phi011.perseus-lat2	replace
sha--pesc	2	13	833	perpecisset	pepercisset	perseus--phi2331.phi011.perseus-lat2	replace
sha--pesc	2	13	193	uturentur	uterentur	perseus--phi2331.phi011.perseus-lat2	replace
sha--pesc	3	2	58	Trainum	Traianum	perseus--phi2331.phi011.perseus-lat2	replace
sha--probus	1	3	352	invit	iuvit	perseus--phi2331.phi028.perseus-lat2	replace
sha--probus	1	6	70	coIligi	colligi	perseus--phi2331.phi028.perseus-lat2	replace
sha--probus	2	1	178	valIum	vallum	perseus--phi2331.phi028.perseus-lat2	replace
sha--probus	2	5	829	paIlio	pallio	perseus--phi2331.phi028.perseus-lat2	replace
sha--probus	4	7	951	potuissse	potuisse	perseus--phi2331.phi028.perseus-lat2	replace
sha--sepsev	1	2	1285	experge factis	expergefactis	perseus--phi2331.phi010.perseus-lat2	join
sha--sepsev	1	5	1127	nobilitatam	nobilitatem	perseus--phi2331.phi010.perseus-lat2	replace
sha--sepsev	1	5	877	consuloribus	conlusoribus	perseus--phi2331.phi010.perseus-lat2	replace
sha--sepsev	1	5	18	severitam	severitatem	perseus--phi2331.phi010.perseus-lat2	replace
sha--sepsev	1	6	694	verbismissis	verbis missis	perseus--phi2331.phi010.perseus-lat2	split
sha--sepsev	1	7	910	vellegerentur	vel legerentur	perseus--phi2331.phi010.perseus-lat2	split
sha--sepsev	1	7	47	tentioriis	tentoriis	perseus--phi2331.phi010.perseus-lat2	replace
sha--sepsev	2	2	503	excendens	excedens	perseus--phi2331.phi010.perseus-lat2	replace
sha--sepsev	2	3	445	inriserant	riserant	perseus--phi2331.phi010.perseus-lat2	replace
sha--sepsev	2	3	215	haberat	habuerat	perseus--phi2331.phi010.perseus-lat2	replace
sha--sepsev	2	4	841	sollitus	sollicitus	perseus--phi2331.phi010.perseus-lat2	replace
sha--sepsev	2	5	1121	simuletiam	simul etiam	perseus--phi2331.phi010.perseus-lat2	split
sha--sepsev	2	5	996	expascentemque	expauescentemque	perseus--phi2331.phi010.perseus-lat2	replace
sha--sepsev	2	5	300	laudanto	laudando	perseus--phi2331.phi010.perseus-lat2	replace
sha--sepsev	3	1	584	Aurelianumet	Aurelianum et	perseus--phi2331.phi010.perseus-lat2	split
sha--sepsev	3	2	216	munusa	munus a	perseus--phi2331.phi010.perseus-lat2	split
sha--sepsev	3	3	535	praaecipue	praecipue	perseus--phi2331.phi010.perseus-lat2	replace
sha--sepsev	3	3	219	sommovit	summovit	perseus--phi2331.phi010.perseus-lat2	replace
sha--sepsev	3	5	68	subgravi	sub gravi	perseus--phi2331.phi010.perseus-lat2	split
sha--sepsev	3	6	892	luliam	iuliam	perseus--phi2331.phi010.perseus-lat2	replace
sha--sepsev	3	6	278	oriendus	oriundus	perseus--phi2331.phi010.perseus-lat2	replace
sha--sepsev	4	1	461	agendibus	agentibus	perseus--phi2331.phi010.perseus-lat2	replace
sha--sepsev	4	3	1130	praefectumquidem	praefectum quidem	perseus--phi2331.phi010.perseus-lat2	split
sha--sepsev	4	4	1553	nigriae	nigrae	perseus--phi2331.phi010.perseus-lat2	replace
sha--sepsev	4	5	367	verotantum	vero tantum	perseus--phi2331.phi010.perseus-lat2	split
sha--sepsev	4	5	48	insigna	insignia	perseus--phi2331.phi010.perseus-lat2	replace
sha--tacitus	1	3	314	popuIique	populique	perseus--phi2331.phi027.perseus-lat2	replace
sha--tacitus	1	7	857	suscribendum	subscribendum	perseus--phi2331.phi027.perseus-lat2	replace
sha--tacitus	2	3	1044	lanuariis	ianuariis	perseus--phi2331.phi027.perseus-lat2	replace
sha--tacitus	3	6	60	lusto	iusto	perseus--phi2331.phi027.perseus-lat2	replace
sha--val	1	6	652	imperatoriaslitteras	imperatorias litteras	perseus--phi2331.phi022.perseus-lat2	split
sha--verus	1	2	484	intermalos	inter malos	perseus--phi2331.phi005.perseus-lat2	split
sha--verus	1	3	1058	abaliis	ab aliis	perseus--phi2331.phi005.perseus-lat2	split
sha--verus	1	4	799	paterita	pater ita	perseus--phi2331.phi005.perseus-lat2	split
sha--verus	1	6	165	nevem	novem	perseus--phi2331.phi005.perseus-lat2	replace
sha--verus	2	1	1116	navigabatet	navigabat et	perseus--phi2331.phi005.perseus-lat2	split
sha--verus	2	1	1051	venabaturet	venabatur et	perseus--phi2331.phi005.perseus-lat2	split
sha--verus	2	2	1080	susceptisa	susceptis a	perseus--phi2331.phi005.perseus-lat2	split
sha--verus	2	3	1296	ineadem	in eadem	perseus--phi2331.phi005.perseus-lat2	split
sha--verus	2	3	528	pugat	purgat	perseus--phi2331.phi005.perseus-lat2	replace
statius--silvae1	1	3	1369	eruditissmus	eruditissimus	perseus--phi1020.phi002.perseus-lat2	replace
statius--silvae1	1	3	93	evolvisti	volvisti	perseus--phi1020.phi002.perseus-lat2	replace
statius--silvae1	1	5	2483	suffieiunt	sufficiunt	perseus--phi1020.phi002.perseus-lat2	replace
statius--silvae1	3	1	4991	ecfulgent	effulgent	perseus--phi1020.phi002.perseus-lat2	replace
statius--silvae2	4	1	3513	magnamimi	magnanimi	perseus--phi1020.phi002.perseus-lat2	replace
statius--silvae3	3	2	752	Zeuma	Zeugma	perseus--phi1020.phi002.perseus-lat2	replace
statius--silvae5	2	1	2870	optunsaeque	obtunsaeque	perseus--phi1020.phi002.perseus-lat2	replace
statius--theb10	5	1	1445	turque	tuque	perseus--phi1020.phi001.perseus-lat2	replace
statius--theb7	6	1	5327	aufertus	aufertur	perseus--phi1020.phi001.perseus-lat2	replace
statius--theb9	6	1	2830	inrubit	inrubuit	perseus--phi1020.phi001.perseus-lat2	replace
suetonius--suet.aug	1	4	169	compestris	campestres	perseus--phi1348.abo012.perseus-lat2	replace
suetonius--suet.aug	1	4	26	prinipio	principio	perseus--phi1348.abo012.perseus-lat2	replace
suetonius--suet.aug	1	6	573	consecrareur	consecraretur	perseus--phi1348.abo012.perseus-lat2	replace
suetonius--suet.aug	1	6	261	adulscens	adulescens	perseus--phi1348.abo012.perseus-lat2	replace
suetonius--suet.aug	1	8	532	obprobio	obprobrio	perseus--phi1348.abo012.perseus-lat2	replace
suetonius--suet.aug	1	9	795	hereitatem	hereditatem	perseus--phi1348.abo012.perseus-lat2	replace
suetonius--suet.aug	1	10	397	Pomeium	Pompeium	perseus--phi1348.abo012.perseus-lat2	replace
suetonius--suet.aug	2	1	223	subterfugerat	subterfugerant	perseus--phi1348.abo012.perseus-lat2	replace
suetonius--suet.aug	2	4	713	Favionius	Favonius	perseus--phi1348.abo012.perseus-lat2	replace
suetonius--suet.aug	2	6	431	divictisque	devictisque	perseus--phi1348.abo012.perseus-lat2	replace
suetonius--suet.aug	2	7	566	divinctus	devinctus	perseus--phi1348.abo012.perseus-lat2	replace
suetonius--suet.aug	3	1	1935	commmunes	communes	perseus--phi1348.abo012.perseus-lat2	replace
suetonius--suet.aug	3	1	642	protacta	protracta	perseus--phi1348.abo012.perseus-lat2	replace
suetonius--suet.aug	3	1	521	fect	fecit	perseus--phi1348.abo012.perseus-lat2	replace
suetonius--suet.aug	3	7	163	paena	paene	perseus--phi1348.abo012.perseus-lat2	replace
suetonius--suet.aug	4	1	39	continione	contione	perseus--phi1348.abo012.perseus-lat2	replace
suetonius--suet.aug	4	3	352	eudem	eundem	perseus--phi1348.abo012.perseus-lat2	replace
suetonius--suet.aug	5	3	928	in punitate	inpunitate	perseus--phi1348.abo012.perseus-lat2	join
suetonius--suet.aug	6	3	1008	termi navit	terminavit	perseus--phi1348.abo012.perseus-lat2	join
suetonius--suet.aug	6	6	1812	quin quaginta	quinquaginta	perseus--phi1348.abo012.perseus-lat2	join
suetonius--suet.aug	7	2	730	quemaue	quemque	perseus--phi1348.abo012.perseus-lat2	replace
suetonius--suet.aug	7	3	443	de ficeret	deficeret	perseus--phi1348.abo012.perseus-lat2	join
suetonius--suet.aug	8	4	1261	iniuniarum	iniuriarum	perseus--phi1348.abo012.perseus-lat2	replace
suetonius--suet.aug	8	5	699	summarurn	summarum	perseus--phi1348.abo012.perseus-lat2	replace
suetonius--suet.aug	8	5	418	vivatim	vicatim	perseus--phi1348.abo012.perseus-lat2	replace
suetonius--suet.aug	8	6	588	posuiÒ	posui	perseus--phi1348.abo012.perseus-lat2	replace
suetonius--suet.aug	9	1	91	Agrip pinam	Agrippinam	perseus--phi1348.abo012.perseus-lat2	join
suetonius--suet.aug	9	2	1510	perpetullm	perpetuum	perseus--phi1348.abo012.perseus-lat2	replace
suetonius--suet.aug	9	5	40	in famiam	infamiam	perseus--phi1348.abo012.perseus-lat2	join
suetonius--suet.aug	9	7	234	ex probrant	exprobrant	perseus--phi1348.abo012.perseus-lat2	join
suetonius--suet.claudius	1	7	1878	declamantern	declamantem	perseus--phi1348.abo015.perseus-lat2	replace
suetonius--suet.claudius	1	8	302	seccssu	secessu	perseus--phi1348.abo015.perseus-lat2	replace
suetonius--suet.claudius	1	9	784	senatni	senatui	perseus--phi1348.abo015.perseus-lat2	replace
suetonius--suet.claudius	1	9	547	Tiberbio	Tiberio	perseus--phi1348.abo015.perseus-lat2	replace
suetonius--suet.claudius	1	9	190	eosdern	eosdem	perseus--phi1348.abo015.perseus-lat2	replace
suetonius--suet.claudius	2	2	392	exergefactus	expergefactus	perseus--phi1348.abo015.perseus-lat2	replace
suetonius--suet.dom	1	2	447	conversasse	conseruasse	perseus--phi1348.abo022.perseus-lat2	replace
suetonius--suet.dom	1	4	376	insuentum	insuetum	perseus--phi1348.abo022.perseus-lat2	replace
suetonius--suet.dom	1	10	796	accisum	occisum	perseus--phi1348.abo022.perseus-lat2	replace
suetonius--suet.dom	2	1	157	purpuereique	purpureique	perseus--phi1348.abo022.perseus-lat2	replace
suetonius--suet.galba	1	2	179	revisendi	revisenti	perseus--phi1348.abo017.perseus-lat2	replace
suetonius--suet.galba	1	9	331	ordinandan	ordinandam	perseus--phi1348.abo017.perseus-lat2	replace
suetonius--suet.nero	1	2	619	praenomia	praenomina	perseus--phi1348.abo016.perseus-lat2	replace
suetonius--suet.nero	1	3	435	habret	haberet	perseus--phi1348.abo016.perseus-lat2	replace
suetonius--suet.nero	1	4	36	soae	suae	perseus--phi1348.abo016.perseus-lat2	replace
suetonius--suet.nero	1	6	222	modetius	modestius	perseus--phi1348.abo016.perseus-lat2	replace
suetonius--suet.nero	1	7	1617	frusra	frustra	perseus--phi1348.abo016.perseus-lat2	replace
suetonius--suet.nero	1	7	1355	refigisse	refugisse	perseus--phi1348.abo016.perseus-lat2	replace
suetonius--suet.nero	1	7	1133	restituaeque	restitutaeque	perseus--phi1348.abo016.perseus-lat2	replace
suetonius--suet.nero	2	2	155	ex hibendae	exhibendae	perseus--phi1348.abo016.perseus-lat2	join
suetonius--suet.nero	2	8	411	propinis	popinis	perseus--phi1348.abo016.perseus-lat2	replace
suetonius--suet.nero	3	2	1047	sufferti	sufferi	perseus--phi1348.abo016.perseus-lat2	replace
suetonius--suet.nero	3	3	1255	tiruculum	tirunculum	perseus--phi1348.abo016.perseus-lat2	replace
suetonius--suet.nero	3	3	905	scaenios	scaenicos	perseus--phi1348.abo016.perseus-lat2	replace
suetonius--suet.nero	3	3	297	estlibens	est libens	perseus--phi1348.abo016.perseus-lat2	split
suetonius--suet.nero	3	3	198	adiuvanti	adiuvante	perseus--phi1348.abo016.perseus-lat2	replace
suetonius--suet.nero	3	4	1276	expectusque	exceptusque	perseus--phi1348.abo016.perseus-lat2	replace
suetonius--suet.nero	3	5	1210	recordebat	recedebat	perseus--phi1348.abo016.perseus-lat2	replace
suetonius--suet.nero	4	1	978	abens	absens	perseus--phi1348.abo016.perseus-lat2	replace
suetonius--suet.nero	4	1	371	ceterarumcum	ceterarum cum	perseus--phi1348.abo016.perseus-lat2	split
suetonius--suet.nero	4	2	629	latriclavio	laticlavio	perseus--phi1348.abo016.perseus-lat2	replace
suetonius--suet.nero	4	2	604	perculum	periculum	perseus--phi1348.abo016.perseus-lat2	replace
suetonius--suet.nero	4	2	385	vunerare	vulnerare	perseus--phi1348.abo016.perseus-lat2	replace
suetonius--suet.nero	4	3	486	diversoriae	deversoriae	perseus--phi1348.abo016.perseus-lat2	replace
suetonius--suet.nero	4	3	227	navatis	nivatis	perseus--phi1348.abo016.perseus-lat2	replace
suetonius--suet.nero	4	3	160	protrahehebat	protrahebat	perseus--phi1348.abo016.perseus-lat2	replace
suetonius--suet.nero	4	4	919	concbinas	concubinas	perseus--phi1348.abo016.perseus-lat2	replace
suetonius--suet.nero	4	6	696	extulitfunere	extulit funere	perseus--phi1348.abo016.perseus-lat2	split
suetonius--suet.nero	5	1	1062	adiaceret	adiceret	perseus--phi1348.abo016.perseus-lat2	replace
suetonius--suet.nero	5	2	335	saevitise	saevitiae	perseus--phi1348.abo016.perseus-lat2	replace
suetonius--suet.nero	5	3	2390	velu	velut	perseus--phi1348.abo016.perseus-lat2	replace
suetonius--suet.nero	5	3	2141	parricido	parricidio	perseus--phi1348.abo016.perseus-lat2	replace
suetonius--suet.nero	6	2	250	Longinoiuris	Longino iuris	perseus--phi1348.abo016.perseus-lat2	split
suetonius--suet.nero	6	3	1177	egestiopnem	egestionem	perseus--phi1348.abo016.perseus-lat2	replace
suetonius--suet.nero	6	3	1112	manubiarium	manubiarum	perseus--phi1348.abo016.perseus-lat2	replace
suetonius--suet.nero	6	6	60	Pacan	Paean	perseus--phi1348.abo016.perseus-lat2	replace
suetonius--suet.nero	6	11	118	infimiae	infamiae	perseus--phi1348.abo016.perseus-lat2	replace
suetonius--suet.nero	6	12	1332	littewris	litteris	perseus--phi1348.abo016.perseus-lat2	replace
suetonius--suet.nero	6	12	1160	balli	belli	perseus--phi1348.abo016.perseus-lat2	replace
suetonius--suet.nero	6	12	1143	spolindarum	spoliandarum	perseus--phi1348.abo016.perseus-lat2	replace
suetonius--suet.nero	6	12	902	pretioissimis	pretiosissimis	perseus--phi1348.abo016.perseus-lat2	replace
suetonius--suet.nero	6	12	645	derfunctum	defunctum	perseus--phi1348.abo016.perseus-lat2	replace
suetonius--suet.nero	6	12	558	restituionem	restitutionem	perseus--phi1348.abo016.perseus-lat2	replace
suetonius--suet.nero	6	12	511	Hieroslymorum	Hierosolymorum	perseus--phi1348.abo016.perseus-lat2	replace
suetonius--suet.nero	6	12	336	sciliet	scilicet	perseus--phi1348.abo016.perseus-lat2	replace
suetonius--suet.nero	6	13	924	apellto	appellato	perseus--phi1348.abo016.perseus-lat2	replace
suetonius--suet.nero	6	13	774	miltem	militem	perseus--phi1348.abo016.perseus-lat2	replace
suetonius--suet.nero	6	13	339	exprobaretur	exprobraretur	perseus--phi1348.abo016.perseus-lat2	replace
suetonius--suet.nero	6	13	68	senaum	senatum	perseus--phi1348.abo016.perseus-lat2	replace
suetonius--suet.nero	7	1	553	abundatissimum	abundantissimam	perseus--phi1348.abo016.perseus-lat2	replace
suetonius--suet.nero	7	4	528	iurga	iurgia	perseus--phi1348.abo016.perseus-lat2	replace
suetonius--suet.nero	7	4	437	cullum	culleum	perseus--phi1348.abo016.perseus-lat2	replace
suetonius--suet.nero	7	4	357	Altrius	Alterius	perseus--phi1348.abo016.perseus-lat2	replace
suetonius--suet.nero	7	5	671	appraratu	apparatu	perseus--phi1348.abo016.perseus-lat2	replace
suetonius--suet.nero	7	5	591	exaudia	exaudita	perseus--phi1348.abo016.perseus-lat2	replace
suetonius--suet.nero	7	5	36	portentibus	portentis	perseus--phi1348.abo016.perseus-lat2	replace
suetonius--suet.nero	7	7	95	concerpserit	concerpsit	perseus--phi1348.abo016.perseus-lat2	replace
suetonius--suet.nero	7	8	717	consernato	consternato	perseus--phi1348.abo016.perseus-lat2	replace
suetonius--suet.nero	8	3	173	gracillmis	gracillimis	perseus--phi1348.abo016.perseus-lat2	replace
suetonius--suet.nero	8	4	377	duibusdam	quibusdam	perseus--phi1348.abo016.perseus-lat2	replace
suetonius--suet.nero	8	4	59	plilosophia	philosophia	perseus--phi1348.abo016.perseus-lat2	replace
suetonius--suet.nero	8	4	27	omnnis	omnis	perseus--phi1348.abo016.perseus-lat2	replace
suetonius--suet.nero	8	5	369	rnanibus	manibus	perseus--phi1348.abo016.perseus-lat2	replace
suetonius--suet.nero	8	8	237	pebeio	plebeio	perseus--phi1348.abo016.perseus-lat2	replace
suetonius--suet.nero	8	9	354	inimicorun	inimicorum	perseus--phi1348.abo016.perseus-lat2	replace
suetonius--suet.otho	1	2	30	oppidio	oppido	perseus--phi1348.abo018.perseus-lat2	replace
suetonius--suet.otho	1	3	64	propinquitatum	propinquitatium	perseus--phi1348.abo018.perseus-lat2	replace
suetonius--suet.otho	1	13	68	iurarat	iurarant	perseus--phi1348.abo018.perseus-lat2	replace
suetonius--suet.titus	1	12	418	praestere	praestare	perseus--phi1348.abo021.perseus-lat2	replace
suetonius--suet.titus	2	1	721	paragerentur	peragerentur	perseus--phi1348.abo021.perseus-lat2	replace
suetonius--suet.titus	2	3	163	ulciscenti	ulciscendi	perseus--phi1348.abo021.perseus-lat2	replace
suetonius--suet.vesp	1	8	216	proximan	proximam	perseus--phi1348.abo020.perseus-lat2	replace
suetonius--suet.vesp	1	9	316	propte	propter	perseus--phi1348.abo020.perseus-lat2	replace
suetonius--suet.vesp	1	12	226	perennavit	perannavit	perseus--phi1348.abo020.perseus-lat2	replace
suetonius--suet.vesp	2	4	235	permutate	permutare	perseus--phi1348.abo020.perseus-lat2	replace
suetonius--suet.vesp	3	4	445	rapacissimus	rapacissimum	perseus--phi1348.abo020.perseus-lat2	replace
suetonius--suet.vesp	4	1	454	mititur	nititur	perseus--phi1348.abo020.perseus-lat2	replace
suetonius--suet.vit	2	3	541	inchoantique	incohantique	perseus--phi1348.abo019.perseus-lat2	replace
tacitus--tac.agri	4	1	119	formdine	formidine	perseus--phi1351.phi001.perseus-lat1	replace
tacitus--tac.agri	7	5	960	aeternitae	aeternitate	perseus--phi1351.phi001.perseus-lat1	replace
tacitus--tac.ann1	1	7	81	inerumumque	inermumque	perseus--phi1351.phi005.perseus-lat1	replace
tacitus--tac.ann1	2	2	1462	vierant	viderant	perseus--phi1351.phi005.perseus-lat1	replace
tacitus--tac.ann1	2	2	603	conultatum	consultatum	perseus--phi1351.phi005.perseus-lat1	replace
tacitus--tac.ann1	2	2	197	adumebatur	adsumebatur	perseus--phi1351.phi005.perseus-lat1	replace
tacitus--tac.ann1	2	3	1138	magnificio	magnifico	perseus--phi1351.phi005.perseus-lat1	replace
tacitus--tac.ann1	2	3	424	mutiplicata	multiplicata	perseus--phi1351.phi005.perseus-lat1	replace
tacitus--tac.ann1	3	1	978	foreciam	ferociam	perseus--phi1351.phi005.perseus-lat1	replace
tacitus--tac.ann1	3	1	915	filerat	fuerat	perseus--phi1351.phi005.perseus-lat1	replace
tacitus--tac.ann1	7	1	207	atrocisslmum	atrocissimum	perseus--phi1351.phi005.perseus-lat1	replace
tacitus--tac.ann1	7	6	805	antepositi	antepositis	perseus--phi1351.phi005.perseus-lat1	replace
tacitus--tac.ann1	8	1	377	Auaustus	Augustus	perseus--phi1351.phi005.perseus-lat1	replace
tacitus--tac.ann1	8	2	855	inrensos	infensos	perseus--phi1351.phi005.perseus-lat1	replace
tacitus--tac.ann1	10	1	26	Cermanus	Germanus	perseus--phi1351.phi005.perseus-lat1	replace
tacitus--tac.ann1	10	2	167	fiagitium	flagitium	perseus--phi1351.phi005.perseus-lat1	replace
tacitus--tac.ann1	10	3	426	discemi	discerni	perseus--phi1351.phi005.perseus-lat1	replace
tacitus--tac.ann1	10	7	1235	efrerverat	efferverat	perseus--phi1351.phi005.perseus-lat1	replace
tacitus--tac.ann1	11	1	188	veritilti	veritati	perseus--phi1351.phi005.perseus-lat1	replace
tacitus--tac.ann1	11	2	282	Calpitoni	Capitoni	perseus--phi1351.phi005.perseus-lat1	replace
tacitus--tac.ann1	11	5	438	supersta gnavisset	superstagnavisset	perseus--phi1351.phi005.perseus-lat1	join
tacitus--tac.ann11	1	2	349	praecipoum	praecipuum	perseus--phi1351.phi005.perseus-lat1	replace
tacitus--tac.ann11	1	4	49	flensVitellius	flens Vitellius	perseus--phi1351.phi005.perseus-lat1	split
tacitus--tac.ann11	1	8	9	postguam	postquam	perseus--phi1351.phi005.perseus-lat1	replace
tacitus--tac.ann11	1	9	340	coningique	coniugique	perseus--phi1351.phi005.perseus-lat1	replace
tacitus--tac.ann11	1	10	972	civibas	civitas	perseus--phi1351.phi005.perseus-lat1	replace
tacitus--tac.ann11	2	8	431	ninil	nihil	perseus--phi1351.phi005.perseus-lat1	replace
tacitus--tac.ann11	3	2	521	cacde	caede	perseus--phi1351.phi005.perseus-lat1	replace
tacitus--tac.ann11	4	5	421	dubit	dubio	perseus--phi1351.phi005.perseus-lat1	replace
tacitus--tac.ann11	4	6	107	fagrantissimaque	flagrantissimaque	perseus--phi1351.phi005.perseus-lat1	replace
tacitus--tac.ann11	4	6	82	cacdis	caedis	perseus--phi1351.phi005.perseus-lat1	replace
tacitus--tac.ann11	5	7	77	ingulo	iugulo	perseus--phi1351.phi005.perseus-lat1	replace
tacitus--tac.ann12	4	3	129	certeros	ceteros	perseus--phi1351.phi005.perseus-lat1	replace
tacitus--tac.ann12	4	5	193	vurtute	virtute	perseus--phi1351.phi005.perseus-lat1	replace
tacitus--tac.ann12	5	2	404	dircensium	circensium	perseus--phi1351.phi005.perseus-lat1	replace
tacitus--tac.ann12	5	4	720	navisbusque	navibusque	perseus--phi1351.phi005.perseus-lat1	replace
tacitus--tac.ann12	6	8	230	congnita	cognita	perseus--phi1351.phi005.perseus-lat1	replace
tacitus--tac.ann14	2	7	716	satietatum	satietatem	perseus--phi1351.phi005.perseus-lat1	replace
tacitus--tac.ann14	5	8	144	porcuratoremque	procuratoremque	perseus--phi1351.phi005.perseus-lat1	replace
tacitus--tac.ann15	2	3	447	obtendentes	obtendentis	perseus--phi1351.phi005.perseus-lat1	replace
tacitus--tac.ann15	3	7	150	obtineneda	optinenda	perseus--phi1351.phi005.perseus-lat1	replace
tacitus--tac.ann15	3	9	703	acutoritate	auctoritate	perseus--phi1351.phi005.perseus-lat1	replace
tacitus--tac.ann15	3	9	461	auxiliae	auxilia	perseus--phi1351.phi005.perseus-lat1	replace
tacitus--tac.ann15	4	7	524	civerat	acciverat	perseus--phi1351.phi005.perseus-lat1	replace
tacitus--tac.ann15	5	1	752	circiumiecta	circumiecta	perseus--phi1351.phi005.perseus-lat1	replace
tacitus--tac.ann15	5	2	696	enoribus	enormibus	perseus--phi1351.phi005.perseus-lat1	replace
tacitus--tac.ann15	5	6	570	occirrit	occurrit	perseus--phi1351.phi005.perseus-lat1	replace
tacitus--tac.ann15	5	6	227	prospetus	prospectus	perseus--phi1351.phi005.perseus-lat1	replace
tacitus--tac.ann15	5	7	286	proticus	porticus	perseus--phi1351.phi005.perseus-lat1	replace
tacitus--tac.ann15	6	1	759	exitiablilis	exitiabilis	perseus--phi1351.phi005.perseus-lat1	replace
tacitus--tac.ann15	6	1	658	Tibero	Tiberio	perseus--phi1351.phi005.perseus-lat1	replace
tacitus--tac.ann15	6	1	605	Chrestianos	Christianos	perseus--phi1351.phi005.perseus-lat1	replace
tacitus--tac.ann15	6	2	364	abripiebatur	abripiebantur	perseus--phi1351.phi005.perseus-lat1	replace
tacitus--tac.ann15	6	6	472	vanu	vanus	perseus--phi1351.phi005.perseus-lat1	replace
tacitus--tac.ann15	7	4	1229	silientium	silentium	perseus--phi1351.phi005.perseus-lat1	replace
tacitus--tac.ann15	7	4	927	reptuavit	reputavit	perseus--phi1351.phi005.perseus-lat1	replace
tacitus--tac.ann15	7	5	556	incustodia	incustodita	perseus--phi1351.phi005.perseus-lat1	replace
tacitus--tac.ann15	8	1	711	percunctationes	percontationes	perseus--phi1351.phi005.perseus-lat1	replace
tacitus--tac.ann15	8	3	94	complect	complecti	perseus--phi1351.phi005.perseus-lat1	replace
tacitus--tac.ann15	8	5	132	prohoberetur	prohiberetur	perseus--phi1351.phi005.perseus-lat1	replace
tacitus--tac.ann15	9	4	717	dognitam	cognitam	perseus--phi1351.phi005.perseus-lat1	replace
tacitus--tac.ann15	9	7	956	utraqe	utraque	perseus--phi1351.phi005.perseus-lat1	replace
tacitus--tac.ann15	9	7	719	Prosco	Prisco	perseus--phi1351.phi005.perseus-lat1	replace
tacitus--tac.ann15	9	7	44	Capitoliam	Capitolium	perseus--phi1351.phi005.perseus-lat1	replace
tacitus--tac.ann15	9	9	753	compostia	composita	perseus--phi1351.phi005.perseus-lat1	replace
tacitus--tac.ann16	1	6	578	continunnt	continuant	perseus--phi1351.phi005.perseus-lat1	replace
tacitus--tac.ann16	1	7	221	copiens	cupiens	perseus--phi1351.phi005.perseus-lat1	replace
tacitus--tac.ann16	1	9	372	fiiio	filio	perseus--phi1351.phi005.perseus-lat1	replace
tacitus--tac.ann16	2	1	936	cacdibus	caedibus	perseus--phi1351.phi005.perseus-lat1	replace
tacitus--tac.ann16	2	7	902	adeum	ad eum	perseus--phi1351.phi005.perseus-lat1	split
tacitus--tac.ann16	2	7	124	etCrispinus	et Crispinus	perseus--phi1351.phi005.perseus-lat1	split
tacitus--tac.ann16	4	1	921	solintdine	solitudine	perseus--phi1351.phi005.perseus-lat1	replace
tacitus--tac.ann16	4	3	296	filiatn	filiam	perseus--phi1351.phi005.perseus-lat1	replace
tacitus--tac.ann16	4	4	451	sanguinems	sanguinem	perseus--phi1351.phi005.perseus-lat1	replace
tacitus--tac.ann2	1	8	283	coniagem	coniugem	perseus--phi1351.phi005.perseus-lat1	replace
tacitus--tac.ann2	1	11	20	ordiantur	ordiuntur	perseus--phi1351.phi005.perseus-lat1	replace
tacitus--tac.ann2	2	4	780	torvom	torvum	perseus--phi1351.phi005.perseus-lat1	replace
tacitus--tac.ann2	2	5	600	aliod	aliud	perseus--phi1351.phi005.perseus-lat1	replace
tacitus--tac.ann2	2	5	257	onustavulneribus	onusta vulneribus	perseus--phi1351.phi005.perseus-lat1	split
tacitus--tac.ann2	2	6	500	sagittatii	sagittarii	perseus--phi1351.phi005.perseus-lat1	replace
tacitus--tac.ann2	2	7	87	ineurrere	incurrere	perseus--phi1351.phi005.perseus-lat1	replace
tacitus--tac.ann2	3	2	264	pecotri	pectori	perseus--phi1351.phi005.perseus-lat1	replace
tacitus--tac.ann2	3	6	679	casibas	casibus	perseus--phi1351.phi005.perseus-lat1	replace
tacitus--tac.ann2	3	7	65	marls	maris	perseus--phi1351.phi005.perseus-lat1	replace
tacitus--tac.ann2	4	1	121	abouentibus	abnuentibus	perseus--phi1351.phi005.perseus-lat1	replace
tacitus--tac.ann2	5	6	670	offerebae	offerebat	perseus--phi1351.phi005.perseus-lat1	replace
tacitus--tac.ann2	6	1	835	patemos	paternos	perseus--phi1351.phi005.perseus-lat1	replace
tacitus--tac.ann2	6	4	396	fiius	filius	perseus--phi1351.phi005.perseus-lat1	replace
tacitus--tac.ann2	7	2	936	cavabatur	cavebatur	perseus--phi1351.phi005.perseus-lat1	replace
tacitus--tac.ann2	7	2	679	coapulerantque	conpulerantque	perseus--phi1351.phi005.perseus-lat1	replace
tacitus--tac.ann2	7	4	19	Euboca	Euboea	perseus--phi1351.phi005.perseus-lat1	replace
tacitus--tac.ann2	7	5	380	vetena	vetera	perseus--phi1351.phi005.perseus-lat1	replace
tacitus--tac.ann2	7	6	269	habobant	habebant	perseus--phi1351.phi005.perseus-lat1	replace
tacitus--tac.ann2	8	1	577	oflicia	officia	perseus--phi1351.phi005.perseus-lat1	replace
tacitus--tac.ann2	8	4	98	saxca	saxea	perseus--phi1351.phi005.perseus-lat1	replace
tacitus--tac.ann2	8	5	295	ultionetn	ultionem	perseus--phi1351.phi005.perseus-lat1	replace
tacitus--tac.ann2	8	6	1140	comirati	comitati	perseus--phi1351.phi005.perseus-lat1	replace
tacitus--tac.ann2	8	6	659	propinquns	propinquus	perseus--phi1351.phi005.perseus-lat1	replace
tacitus--tac.ann2	8	6	37	alind	aliud	perseus--phi1351.phi005.perseus-lat1	replace
tacitus--tac.ann2	8	8	265	controvensiis	controversiis	perseus--phi1351.phi005.perseus-lat1	replace
tacitus--tac.ann2	8	9	218	inbet	iubet	perseus--phi1351.phi005.perseus-lat1	replace
tacitus--tac.ann2	9	4	157	coningi	coniugi	perseus--phi1351.phi005.perseus-lat1	replace
tacitus--tac.ann2	9	6	566	eflugerat	effugerat	perseus--phi1351.phi005.perseus-lat1	replace
tacitus--tac.ann2	9	7	206	adacquarent	adaequarent	perseus--phi1351.phi005.perseus-lat1	replace
tacitus--tac.ann2	9	9	431	insulatn	insulam	perseus--phi1351.phi005.perseus-lat1	replace
tacitus--tac.ann2	9	10	391	immicis	inimicis	perseus--phi1351.phi005.perseus-lat1	replace
tacitus--tac.ann2	10	2	37	ferocibos	ferocibus	perseus--phi1351.phi005.perseus-lat1	replace
tacitus--tac.ann2	10	6	1016	molinutur	moliuntur	perseus--phi1351.phi005.perseus-lat1	replace
tacitus--tac.ann3	1	3	826	Tlberio	Tiberio	perseus--phi1351.phi005.perseus-lat1	replace
tacitus--tac.ann3	1	3	741	dislecti	disiecti	perseus--phi1351.phi005.perseus-lat1	replace
tacitus--tac.ann3	1	3	157	trlbunorum	tribunorum	perseus--phi1351.phi005.perseus-lat1	replace
tacitus--tac.ann3	1	3	19	pmetorias	praetorias	perseus--phi1351.phi005.perseus-lat1	replace
tacitus--tac.ann3	1	9	156	acquiorem	aequiorem	perseus--phi1351.phi005.perseus-lat1	replace
tacitus--tac.ann3	1	11	19	Fuleinius	Fulcinius	perseus--phi1351.phi005.perseus-lat1	replace
tacitus--tac.ann3	3	2	761	ercontatus	percontatus	perseus--phi1351.phi005.perseus-lat1	replace
tacitus--tac.ann3	4	4	616	penetrabnat	penetrabant	perseus--phi1351.phi005.perseus-lat1	replace
tacitus--tac.ann3	5	1	1062	legius	legibus	perseus--phi1351.phi005.perseus-lat1	replace
tacitus--tac.ann3	5	6	624	libetos	liberos	perseus--phi1351.phi005.perseus-lat1	replace
tacitus--tac.ann3	6	7	354	regimem	regimen	perseus--phi1351.phi005.perseus-lat1	replace
tacitus--tac.ann3	7	7	319	socum	socium	perseus--phi1351.phi005.perseus-lat1	replace
tacitus--tac.ann3	8	1	346	praecriberentur	praescriberentur	perseus--phi1351.phi005.perseus-lat1	replace
tacitus--tac.ann4	1	7	1154	magistratnum	magistratuum	perseus--phi1351.phi005.perseus-lat1	replace
tacitus--tac.ann4	1	7	880	insenescereut	insenescerent	perseus--phi1351.phi005.perseus-lat1	replace
tacitus--tac.ann4	1	7	399	iniustris	inlustris	perseus--phi1351.phi005.perseus-lat1	replace
tacitus--tac.ann4	1	8	519	effgiem	effigiem	perseus--phi1351.phi005.perseus-lat1	replace
tacitus--tac.ann4	2	1	1214	coniormaret	conformaret	perseus--phi1351.phi005.perseus-lat1	replace
tacitus--tac.ann4	2	1	1076	patrno	patruo	perseus--phi1351.phi005.perseus-lat1	replace
tacitus--tac.ann4	2	2	565	ceteracque	ceteraeque	perseus--phi1351.phi005.perseus-lat1	replace
tacitus--tac.ann4	2	2	455	luliae	iuliae	perseus--phi1351.phi005.perseus-lat1	replace
tacitus--tac.ann4	2	2	117	animoi	animos	perseus--phi1351.phi005.perseus-lat1	replace
tacitus--tac.ann4	2	3	678	inveniliter	iuveniliter	perseus--phi1351.phi005.perseus-lat1	replace
tacitus--tac.ann4	2	3	155	noudum	nondum	perseus--phi1351.phi005.perseus-lat1	replace
tacitus--tac.ann4	2	4	220	pacnitendum	paenitendum	perseus--phi1351.phi005.perseus-lat1	replace
tacitus--tac.ann4	3	1	672	praescentem	praesentem	perseus--phi1351.phi005.perseus-lat1	replace
tacitus--tac.ann4	3	1	440	difltcultates	difficultates	perseus--phi1351.phi005.perseus-lat1	replace
tacitus--tac.ann4	3	3	372	snum	suum	perseus--phi1351.phi005.perseus-lat1	replace
tacitus--tac.ann4	3	4	209	gratifcabatur	gratificabatur	perseus--phi1351.phi005.perseus-lat1	replace
tacitus--tac.ann4	3	4	148	patennas	paternas	perseus--phi1351.phi005.perseus-lat1	replace
tacitus--tac.ann4	3	5	630	acquabili	aequabili	perseus--phi1351.phi005.perseus-lat1	replace
tacitus--tac.ann4	3	6	107	factines	factiones	perseus--phi1351.phi005.perseus-lat1	replace
tacitus--tac.ann4	3	8	30	Pomanum	Romanum	perseus--phi1351.phi005.perseus-lat1	replace
tacitus--tac.ann4	4	1	489	cooptantis	coeptantis	perseus--phi1351.phi005.perseus-lat1	replace
tacitus--tac.ann4	4	1	455	princpes	principes	perseus--phi1351.phi005.perseus-lat1	replace
tacitus--tac.ann4	4	2	370	pracpeditis	praepeditis	perseus--phi1351.phi005.perseus-lat1	replace
tacitus--tac.ann4	4	4	495	classiariomm	classiariorum	perseus--phi1351.phi005.perseus-lat1	replace
tacitus--tac.ann4	5	5	816	effgie	effigie	perseus--phi1351.phi005.perseus-lat1	replace
tacitus--tac.ann4	5	7	535	coninuctione	coniunctione	perseus--phi1351.phi005.perseus-lat1	replace
tacitus--tac.ann4	6	3	439	occuitum	occultum	perseus--phi1351.phi005.perseus-lat1	replace
tacitus--tac.ann4	6	4	802	secondum	secundum	perseus--phi1351.phi005.perseus-lat1	replace
tacitus--tac.ann4	6	7	274	aspernabantor	aspernabantur	perseus--phi1351.phi005.perseus-lat1	replace
tacitus--tac.ann4	8	1	424	pamum	parum	perseus--phi1351.phi005.perseus-lat1	replace
tacitus--tac.ann4	8	1	54	senatoi	senatui	perseus--phi1351.phi005.perseus-lat1	replace
tacitus--tac.ann4	8	3	965	usoris	uxoris	perseus--phi1351.phi005.perseus-lat1	replace
tacitus--tac.ann4	8	3	317	conionxit	coniunxit	perseus--phi1351.phi005.perseus-lat1	replace
tacitus--tac.ann4	8	6	953	fovabat	fovebat	perseus--phi1351.phi005.perseus-lat1	replace
tacitus--tac.ann4	8	6	39	quidempravae	quidem pravae	perseus--phi1351.phi005.perseus-lat1	split
tacitus--tac.ann4	10	4	40	popolus	populus	perseus--phi1351.phi005.perseus-lat1	replace
tacitus--tac.ann5	1	2	847	Iaudata	Laudata	perseus--phi1351.phi005.perseus-lat1	replace
tacitus--tac.ann5	1	4	863	trepidahatur	trepidabatur	perseus--phi1351.phi005.perseus-lat1	replace
tacitus--tac.ann5	1	5	451	effgies	effigies	perseus--phi1351.phi005.perseus-lat1	replace
tacitus--tac.ann6	1	4	289	sub sidium	subsidium	perseus--phi1351.phi005.perseus-lat1	join
tacitus--tac.ann6	1	8	543	incitamen tum	incitamentum	perseus--phi1351.phi005.perseus-lat1	join
tacitus--tac.ann6	1	10	575	tole raturus	toleraturus	perseus--phi1351.phi005.perseus-lat1	join
tacitus--tac.ann6	2	1	52	sen tentiae	sententiae	perseus--phi1351.phi005.perseus-lat1	join
tacitus--tac.ann6	2	3	653	scripisset	scripsisset	perseus--phi1351.phi005.perseus-lat1	replace
tacitus--tac.ann6	2	4	1386	cogi taveritis	cogitaveritis	perseus--phi1351.phi005.perseus-lat1	join
tacitus--tac.ann6	3	1	860	fuer	fuere	perseus--phi1351.phi005.perseus-lat1	replace
tacitus--tac.ann6	7	3	615	obsesquium	obsequium	perseus--phi1351.phi005.perseus-lat1	replace
tacitus--tac.dialogus	2	2	1505	Ninimum	Minimum	perseus--phi1351.phi003.perseus-lat1	replace
tacitus--tac.dialogus	7	1	827	Nucium	Mucium	perseus--phi1351.phi003.perseus-lat1	replace
tacitus--tac.dialogus	9	2	1220	Nilonem	Milonem	perseus--phi1351.phi003.perseus-lat1	replace
tacitus--tac.ger	1	5	154	barditum	baritum	perseus--phi1351.phi002.perseus-lat1	replace
tacitus--tac.ger	4	9	418	cupididate	cupiditate	perseus--phi1351.phi002.perseus-lat1	replace
tacitus--tac.ger	6	1	68	cludique	claudique	perseus--phi1351.phi002.perseus-lat1	replace
tacitus--tac.hist1	2	1	775	con tinendam	continendam	perseus--phi1351.phi004.perseus-lat2	join
tacitus--tac.hist1	2	4	106	supeioris	superioris	perseus--phi1351.phi004.perseus-lat2	replace
tacitus--tac.hist1	3	5	134	sesteritum	sestertium	perseus--phi1351.phi004.perseus-lat2	replace
tacitus--tac.hist1	4	9	704	inaliena	in aliena	perseus--phi1351.phi004.perseus-lat2	split
tacitus--tac.hist1	5	6	541	accceperit	acceperit	perseus--phi1351.phi004.perseus-lat2	replace
tacitus--tac.hist1	7	2	800	Caeare	Caesare	perseus--phi1351.phi004.perseus-lat2	replace
tacitus--tac.hist1	8	5	92	erox	ferox	perseus--phi1351.phi004.perseus-lat2	replace
tacitus--tac.hist1	12	1	63	investibulo	in vestibulo	perseus--phi1351.phi004.perseus-lat2	split
tacitus--tac.hist1	12	3	691	amibitione	ambitione	perseus--phi1351.phi004.perseus-lat2	replace
ter.adel	1	7	347	ieripit	eripuit	perseus--phi0134.phi006.perseus-lat2	replace
ter.adel	1	12	1026	ecfringere	effringere	perseus--phi0134.phi006.perseus-lat2	replace
ter.adel	2	5	622	stultissume	stultissime	perseus--phi0134.phi006.perseus-lat2	replace
ter.adel	3	1	173	tristitiem	tristitiam	perseus--phi0134.phi006.perseus-lat2	replace
ter.adel	5	3	944	bellissumum	bellissimum	perseus--phi0134.phi006.perseus-lat2	replace
ter.adel	6	1	4002	amandust	amandus	perseus--phi0134.phi006.perseus-lat2	replace
ter.adel	6	1	2410	uehemeuter	uehementer	perseus--phi0134.phi006.perseus-lat2	replace
ter.adel	8	3	1954	ecfundite	effundite	perseus--phi0134.phi006.perseus-lat2	replace
ter.andria	5	3	43	oportent	oportet	perseus--phi0134.phi001.perseus-lat2	replace
ter.andria	7	3	640	adposisse	apposuisse	perseus--phi0134.phi001.perseus-lat2	replace
ter.andria	7	5	1224	adposisti	apposuisti	perseus--phi0134.phi001.perseus-lat2	replace
ter.eunuchus	3	1	1439	interealoci	interea loci	perseus--phi0134.phi003.perseus-lat2	split
ter.hecyra	5	3	2263	relicuam	reliquam	perseus--phi0134.phi005.perseus-lat2	replace
ter.hecyra	7	1	1940	delincunt	delinquunt	perseus--phi0134.phi005.perseus-lat2	replace
ter.hecyra	8	1	365	quolubet	quolibet	perseus--phi0134.phi005.perseus-lat2	replace
ter.phormio	7	1	1830	illequidem	ille quidem	perseus--phi0134.phi004.perseus-lat2	split
tertullian--tertullian.anima	3	1	1465	corpos	corpus	perseus--stoa0275.stoa010.opp-lat1	replace
tertullian--tertullian.anima	3	2	4612	exalio	ex alio	perseus--stoa0275.stoa010.opp-lat1	split
tertullian--tertullian.anima	4	1	815	nthil	nihil	perseus--stoa0275.stoa010.opp-lat1	replace
tertullian--tertullian.anima	5	1	3754	inmanentis	manentis	perseus--stoa0275.stoa010.opp-lat1	replace
tertullian--tertullian.anima	7	1	493	anirnalia	animalia	perseus--stoa0275.stoa010.opp-lat1	replace
tertullian--tertullian.anima	8	1	413	mendacmm	mendacium	perseus--stoa0275.stoa010.opp-lat1	replace
tertullian--tertullian.anima	10	1	2009	fructicis	fruticis	perseus--stoa0275.stoa010.opp-lat1	replace
tertullian--tertullian.anima	10	1	455	unmersa	uniuersa	perseus--stoa0275.stoa010.opp-lat1	replace
tertullian--tertullian.anima	13	2	649	aperitus	aperitur	perseus--stoa0275.stoa010.opp-lat1	replace
tertullian--tertullian.anima	14	1	1023	temporam	temporum	perseus--stoa0275.stoa010.opp-lat1	replace
tertullian--tertullian.anima	15	2	820	eractant	eructant	perseus--stoa0275.stoa010.opp-lat1	replace
tertullian--tertullian.anima	15	2	717	amigrationes	migrationes	perseus--stoa0275.stoa010.opp-lat1	replace
tertullian--tertullian.anima	16	1	4777	cumsque	cuiusque	perseus--stoa0275.stoa010.opp-lat1	replace
tertullian--tertullian.anima	16	1	1428	sernper	semper	perseus--stoa0275.stoa010.opp-lat1	replace
tertullian--tertullian.anima	17	1	3510	Homeras	Homerus	perseus--stoa0275.stoa010.opp-lat1	replace
tertullian--tertullian.anima	17	1	992	pleniorutriusque	plenior utriusque	perseus--stoa0275.stoa010.opp-lat1	split
tertullian--tertullian.anima	19	3	586	hebdomadem	hebdomadam	perseus--stoa0275.stoa010.opp-lat1	replace
tertullian--tertullian.anima	21	2	1173	deuinitus	diuinitus	perseus--stoa0275.stoa010.opp-lat1	replace
tertullian--tertullian.anima	22	1	1837	nostnim	nostrum	perseus--stoa0275.stoa010.opp-lat1	replace
tertullian--tertullian.anima	24	1	194	argumentation es	argumentationes	perseus--stoa0275.stoa010.opp-lat1	join
tertullian--tertullian.anima	24	2	628	adscribereretur	adscriberetur	perseus--stoa0275.stoa010.opp-lat1	replace
tertullian--tertullian.anima	25	1	1353	dispostione	dispositione	perseus--stoa0275.stoa010.opp-lat1	replace
tertullian--tertullian.apol	4	4	125	mercendem	mercedem	perseus--stoa0275.stoa009.perseus-lat2	replace
tertullian--tertullian.apol	5	2	269	recognitate	recogitate	perseus--stoa0275.stoa009.perseus-lat2	replace
tertullian--tertullian.apol	6	1	233	indegeret	indigeret	perseus--stoa0275.stoa009.perseus-lat2	replace
tertullian--tertullian.apol	8	6	748	prodacto	producto	perseus--stoa0275.stoa009.perseus-lat2	replace
tertullian--tertullian.apol	13	2	161	ordinarit	ordinant	perseus--stoa0275.stoa009.perseus-lat2	replace
tertullian--tertullian.apol	14	5	377	Certerum	Ceterum	perseus--stoa0275.stoa009.perseus-lat2	replace
tertullian--tertullian.apol	15	6	663	repensatis	repensatum	perseus--stoa0275.stoa009.perseus-lat2	replace
tertullian--tertullian.apol	16	3	462	decimanarum	decimarum	perseus--stoa0275.stoa009.perseus-lat2	replace
tertullian--tertullian.apol	17	3	1548	perseveratis	perseverans	perseus--stoa0275.stoa009.perseus-lat2	replace
tertullian--tertullian.apol	17	4	44	postulamur	postulantur	perseus--stoa0275.stoa009.perseus-lat2	replace
tertullian--tertullian.apol	17	7	60	dependetibus	dependentibus	perseus--stoa0275.stoa009.perseus-lat2	replace
tertullian--tertullian.apol	18	4	470	provocemur	provocemus	perseus--stoa0275.stoa009.perseus-lat2	replace
tertullian--tertullian.apol	18	7	393	rigaverunt	ligaverunt	perseus--stoa0275.stoa009.perseus-lat2	replace
tertullian--tertullian.baptismo	1	1	4025	temperarant	temperant	perseus--stoa0275.stoa011.opp-lat1	replace
tertullian--tertullian.baptismo	1	1	3803	figulandi	figurandi	perseus--stoa0275.stoa011.opp-lat1	replace
tertullian--tertullian.baptismo	2	1	4748	beriedicta	benedicta	perseus--stoa0275.stoa011.opp-lat1	replace
tertullian--tertullian.baptismo	2	1	4069	antepraecursor	ante praecursor	perseus--stoa0275.stoa011.opp-lat1	split
tertullian--tertullian.baptismo	3	1	4891	sanctificarionis	sanctificationis	perseus--stoa0275.stoa011.opp-lat1	replace
tertullian--tertullian.baptismo	4	1	1263	antepraecursor	ante praecursor	perseus--stoa0275.stoa011.opp-lat1	split
tertullian--tertullian.baptismo	5	1	3888	episcopates	episcopatus	perseus--stoa0275.stoa011.opp-lat1	replace
tertullian--tertullian.baptismo	5	1	1518	interscindere	intercidere	perseus--stoa0275.stoa011.opp-lat1	replace
tertullian--tertullian.baptismo	6	1	3911	segregates	segregatus	perseus--stoa0275.stoa011.opp-lat1	replace
tertullian--tertullian.baptismo	6	1	1516	vagationem	vacationem	perseus--stoa0275.stoa011.opp-lat1	replace
tertullian--tertullian.carne	4	1	4419	absistebant	adsistebant	perseus--stoa0275.stoa012.opp-lat1	replace
tertullian--tertullian.carne	7	1	1057	terrenamet	terrenam et	perseus--stoa0275.stoa012.opp-lat1	split
tertullian--tertullian.carne	7	2	619	defendirnus	defendimus	perseus--stoa0275.stoa012.opp-lat1	replace
tertullian--tertullian.carne	7	2	340	opiriemur	opinemur	perseus--stoa0275.stoa012.opp-lat1	replace
tertullian--tertullian.carne	10	1	488	nescioquas	nescio quas	perseus--stoa0275.stoa012.opp-lat1	split
tertullian--tertullian.castitatis	3	1	1143	caraem	carnem	perseus--stoa0275.stoa015.opp-lat1	replace
tertullian--tertullian.corona	1	2	39	praestaatissimoram	praestantissimorum	perseus--stoa0275.stoa013.opp-lat1	replace
tertullian--tertullian.corona	4	1	3004	anti quitatibus	antiquitatibus	perseus--stoa0275.stoa013.opp-lat1	join
tertullian--tertullian.corona	5	2	450	concriptus	conscriptus	perseus--stoa0275.stoa013.opp-lat1	replace
tertullian--tertullian.cultu1	1	9	137	feminaram	feminarum	perseus--stoa0275.stoa014.opp-lat1	replace
tertullian--tertullian.cultu1	1	10	465	praedieatis	praedicatis	perseus--stoa0275.stoa014.opp-lat1	replace
tertullian--tertullian.cultu1	1	10	338	NoŒ	Noe	perseus--stoa0275.stoa014.opp-lat1	replace
tertullian--tertullian.cultu1	2	1	804	aestimarxdum	aestimandum	perseus--stoa0275.stoa014.opp-lat1	replace
tertullian--tertullian.cultu1	2	7	896	eonchae	conchae	perseus--stoa0275.stoa014.opp-lat1	replace
tertullian--tertullian.cultu2	1	9	83	aecessio	accessio	perseus--stoa0275.stoa014.opp-lat1	replace
tertullian--tertullian.cultu2	2	5	303	oecurrent	occurrent	perseus--stoa0275.stoa014.opp-lat1	replace
tertullian--tertullian.cultu2	2	8	275	dicexis	dicens	perseus--stoa0275.stoa014.opp-lat1	replace
tertullian--tertullian.cultu2	3	10	366	eandorem	candorem	perseus--stoa0275.stoa014.opp-lat1	replace
tertullian--tertullian.fuga	1	2	1521	examinavit	examinabit	perseus--stoa0275.stoa016.opp-lat1	replace
tertullian--tertullian.fuga	1	5	11	porcoram	porcorum	perseus--stoa0275.stoa016.opp-lat1	replace
tertullian--tertullian.fuga	3	1	2553	natiorum	nationum	perseus--stoa0275.stoa016.opp-lat1	replace
tertullian--tertullian.fuga	3	5	874	subieias	subicias	perseus--stoa0275.stoa016.opp-lat1	replace
tertullian--tertullian.fuga	4	4	1850	staturos	staturus	perseus--stoa0275.stoa016.opp-lat1	replace
tertullian--tertullian.fuga	5	1	3976	Stephanas	Stephanus	perseus--stoa0275.stoa016.opp-lat1	replace
tertullian--tertullian.fuga	5	1	1473	reluetatur	reluctatur	perseus--stoa0275.stoa016.opp-lat1	replace
tertullian--tertullian.fuga	6	1	2203	matrioibus	matricibus	perseus--stoa0275.stoa016.opp-lat1	replace
tertullian--tertullian.fuga	6	1	808	quasierit	quaesierit	perseus--stoa0275.stoa016.opp-lat1	replace
tertullian--tertullian.herm	1	3	38	lurnine	lumine	perseus--stoa0275.stoa004.opp-lat1	replace
tertullian--tertullian.herm	2	1	778	substanti a	substantia	perseus--stoa0275.stoa004.opp-lat1	join
tertullian--tertullian.herm	2	4	623	liberal em	liberalem	perseus--stoa0275.stoa004.opp-lat1	join
tertullian--tertullian.herm	3	2	1051	Qu odsi	Quodsi	perseus--stoa0275.stoa004.opp-lat1	join
tertullian--tertullian.herm	4	1	1011	omnla	omnia	perseus--stoa0275.stoa004.opp-lat1	replace
tertullian--tertullian.herm	4	1	573	deneg atam	denegatam	perseus--stoa0275.stoa004.opp-lat1	join
tertullian--tertullian.herm	4	4	610	f ontes	fontes	perseus--stoa0275.stoa004.opp-lat1	join
tertullian--tertullian.herm	6	3	1322	electmm	electrum	perseus--stoa0275.stoa004.opp-lat1	replace
tertullian--tertullian.herm	8	1	97	commendar e	commendare	perseus--stoa0275.stoa004.opp-lat1	join
tertullian--tertullian.herm	8	3	1171	similitudim	similitudine	perseus--stoa0275.stoa004.opp-lat1	replace
tertullian--tertullian.herm	10	1	848	alt erum	alterum	perseus--stoa0275.stoa004.opp-lat1	join
tertullian--tertullian.herm	11	1	2469	document um	documentum	perseus--stoa0275.stoa004.opp-lat1	join
tertullian--tertullian.herm	11	1	2352	describend o	describendo	perseus--stoa0275.stoa004.opp-lat1	join
tertullian--tertullian.herm	11	1	1661	aposto lum	apostolum	perseus--stoa0275.stoa004.opp-lat1	join
tertullian--tertullian.idololatria	1	3	2420	ponigit	porrigit	perseus--stoa0275.stoa017.opp-lat1	replace
tertullian--tertullian.idololatria	4	3	174	daemonmm	daemonium	perseus--stoa0275.stoa017.opp-lat1	replace
tertullian--tertullian.idololatria	5	2	659	numeniae	neomeniae	perseus--stoa0275.stoa017.opp-lat1	replace
tertullian--tertullian.idololatria	5	2	581	numenias	neomenias	perseus--stoa0275.stoa017.opp-lat1	replace
tertullian--tertullian.idololatria	5	7	0	ostioram	ostiorum	perseus--stoa0275.stoa017.opp-lat1	replace
tertullian--tertullian.idololatria	5	10	535	Togauero	Toga uero	perseus--stoa0275.stoa017.opp-lat1	split
tertullian--tertullian.idololatria	5	10	135	outem	putem	perseus--stoa0275.stoa017.opp-lat1	replace
tertullian--tertullian.ieiunio	1	3	721	imbuentem	induentem	perseus--stoa0275.stoa018.opp-lat1	replace
tertullian--tertullian.ieiunio	1	4	2518	deminiuti	deminuti	perseus--stoa0275.stoa018.opp-lat1	replace
tertullian--tertullian.ieiunio	1	4	2485	necessana	necessaria	perseus--stoa0275.stoa018.opp-lat1	replace
tertullian--tertullian.ieiunio	1	4	1969	lustitiae	iustitiae	perseus--stoa0275.stoa018.opp-lat1	replace
tertullian--tertullian.ieiunio	3	2	203	redemptionern	redemptionem	perseus--stoa0275.stoa018.opp-lat1	replace
tertullian--tertullian.ieiunio	5	1	726	prias	prius	perseus--stoa0275.stoa018.opp-lat1	replace
tertullian--tertullian.ieiunio	5	2	1228	aduersarü	aduersarii	perseus--stoa0275.stoa018.opp-lat1	replace
tertullian--tertullian.ieiunio	5	2	835	postenim	posterum	perseus--stoa0275.stoa018.opp-lat1	replace
tertullian--tertullian.ieiunio	6	3	262	nouisistens	noui sistens	perseus--stoa0275.stoa018.opp-lat1	split
tertullian--tertullian.ieiunio	7	1	922	quises	quis es	perseus--stoa0275.stoa018.opp-lat1	split
tertullian--tertullian.ieiunio	7	2	2595	compinigitur	compingitur	perseus--stoa0275.stoa018.opp-lat1	replace
tertullian--tertullian.ieiunio	7	2	1112	admiserinit	admiserint	perseus--stoa0275.stoa018.opp-lat1	replace
tertullian--tertullian.ieiunio	7	2	22	manuult	mauult	perseus--stoa0275.stoa018.opp-lat1	replace
tertullian--tertullian.iudaeos	1	2	2644	scriptuarum	scripturarum	perseus--stoa0275.stoa005.opp-lat1	replace
tertullian--tertullian.iudaeos	2	2	801	itinete	itinere	perseus--stoa0275.stoa005.opp-lat1	replace
tertullian--tertullian.iudaeos	2	3	1105	multl	multi	perseus--stoa0275.stoa005.opp-lat1	replace
tertullian--tertullian.iudaeos	3	1	2311	testamend	testamenti	perseus--stoa0275.stoa005.opp-lat1	replace
tertullian--tertullian.iudaeos	3	1	1432	praeindictum	praedictum	perseus--stoa0275.stoa005.opp-lat1	replace
tertullian--tertullian.iudaeos	3	1	573	tantrum	tantum	perseus--stoa0275.stoa005.opp-lat1	replace
tertullian--tertullian.iudaeos	4	1	1421	sacrifiorum	sacrificiorum	perseus--stoa0275.stoa005.opp-lat1	replace
tertullian--tertullian.iudaeos	4	1	641	inumbra	in umbra	perseus--stoa0275.stoa005.opp-lat1	split
tertullian--tertullian.iudaeos	6	2	1600	praetendet	praetendit	perseus--stoa0275.stoa005.opp-lat1	replace
tertullian--tertullian.iudaeos	7	1	4294	passumm	passurum	perseus--stoa0275.stoa005.opp-lat1	replace
tertullian--tertullian.iudaeos	7	1	2755	parabatrur	parabatur	perseus--stoa0275.stoa005.opp-lat1	replace
tertullian--tertullian.iudaeos	8	1	762	habuissetet	habuisset et	perseus--stoa0275.stoa005.opp-lat1	split
tertullian--tertullian.iudaeos	8	2	1466	statiomm	stationem	perseus--stoa0275.stoa005.opp-lat1	replace
tertullian--tertullian.iudaeos	10	2	2710	spititus	spiritus	perseus--stoa0275.stoa005.opp-lat1	replace
tertullian--tertullian.iudaeos	10	2	2390	dirapta	dirupta	perseus--stoa0275.stoa005.opp-lat1	replace
tertullian--tertullian.iudaeos	10	2	1638	periebat	peribat	perseus--stoa0275.stoa005.opp-lat1	replace
tertullian--tertullian.marcionem1	1	2	2259	canicola	canicula	perseus--stoa0275.stoa006.opp-lat1	replace
tertullian--tertullian.marcionem1	1	2	253	apostatati	apostatae	perseus--stoa0275.stoa006.opp-lat1	replace
tertullian--tertullian.marcionem1	2	1	1210	etsubiectionem	et subiectionem	perseus--stoa0275.stoa006.opp-lat1	split
tertullian--tertullian.marcionem1	3	1	1665	summamagna	summa magna	perseus--stoa0275.stoa006.opp-lat1	split
tertullian--tertullian.marcionem1	3	2	283	vctere	vetere	perseus--stoa0275.stoa006.opp-lat1	replace
tertullian--tertullian.marcionem1	4	2	1145	cornmodis	commodis	perseus--stoa0275.stoa006.opp-lat1	replace
tertullian--tertullian.marcionem1	5	1	1983	uvido	uivido	perseus--stoa0275.stoa006.opp-lat1	replace
tertullian--tertullian.marcionem1	6	1	727	ereatori	creatori	perseus--stoa0275.stoa006.opp-lat1	replace
tertullian--tertullian.marcionem1	7	1	166	separationc	separatione	perseus--stoa0275.stoa006.opp-lat1	replace
tertullian--tertullian.marcionem1	8	2	2677	quideni	quidem	perseus--stoa0275.stoa006.opp-lat1	replace
tertullian--tertullian.marcionem1	10	1	2241	deumindignius	deum indignius	perseus--stoa0275.stoa006.opp-lat1	split
tertullian--tertullian.marcionem1	10	1	2090	vindietam	vindictam	perseus--stoa0275.stoa006.opp-lat1	replace
tertullian--tertullian.marcionem1	10	1	699	pennisisse	permisisse	perseus--stoa0275.stoa006.opp-lat1	replace
tertullian--tertullian.marcionem2	1	2	2638	pro spiciens	prospiciens	perseus--stoa0275.stoa006.opp-lat1	join
tertullian--tertullian.marcionem2	5	1	1491	arnethystum	amethystum	perseus--stoa0275.stoa006.opp-lat1	replace
tertullian--tertullian.marcionem2	6	1	1778	tanturmnodo	tantummodo	perseus--stoa0275.stoa006.opp-lat1	replace
tertullian--tertullian.marcionem2	6	2	1784	rens	reus	perseus--stoa0275.stoa006.opp-lat1	replace
tertullian--tertullian.marcionem2	8	1	129	dentera	dentem	perseus--stoa0275.stoa006.opp-lat1	replace
tertullian--tertullian.marcionem2	8	2	1082	inivistam	iniustam	perseus--stoa0275.stoa006.opp-lat1	replace
tertullian--tertullian.marcionem2	10	1	3890	divinac	divinae	perseus--stoa0275.stoa006.opp-lat1	replace
tertullian--tertullian.marcionem2	11	3	734	horninis	hominis	perseus--stoa0275.stoa006.opp-lat1	replace
tertullian--tertullian.marcionem2	12	1	1919	tenebraram	tenebrarum	perseus--stoa0275.stoa006.opp-lat1	replace
tertullian--tertullian.marcionem2	12	1	1293	refonnatus	reformatus	perseus--stoa0275.stoa006.opp-lat1	replace
tertullian--tertullian.marcionem3	3	1	650	affinnant	affirmant	perseus--stoa0275.stoa006.opp-lat1	replace
tertullian--tertullian.marcionem3	6	1	3376	debinc	dehinc	perseus--stoa0275.stoa006.opp-lat1	replace
tertullian--tertullian.marcionem3	7	2	1963	universamm	universarum	perseus--stoa0275.stoa006.opp-lat1	replace
tertullian--tertullian.marcionem3	7	2	1298	adsumerc	adsumere	perseus--stoa0275.stoa006.opp-lat1	replace
tertullian--tertullian.marcionem3	11	1	1737	revincet	revincent	perseus--stoa0275.stoa006.opp-lat1	replace
tertullian--tertullian.marcionem3	13	1	789	FEDELIUM	FiDELIUM	perseus--stoa0275.stoa006.opp-lat1	replace
tertullian--tertullian.marcionem4	1	2	4348	exemploram	exemplorum	perseus--stoa0275.stoa006.opp-lat1	replace
tertullian--tertullian.marcionem4	1	3	2011	vacuura	vacuum	perseus--stoa0275.stoa006.opp-lat1	replace
tertullian--tertullian.marcionem4	4	1	647	appamisse	apparuisse	perseus--stoa0275.stoa006.opp-lat1	replace
tertullian--tertullian.marcionem4	6	1	4427	mvmus	munus	perseus--stoa0275.stoa006.opp-lat1	replace
tertullian--tertullian.marcionem4	7	1	3610	adtnittas	admittas	perseus--stoa0275.stoa006.opp-lat1	replace
tertullian--tertullian.marcionem4	7	1	2558	rectractare	retractare	perseus--stoa0275.stoa006.opp-lat1	replace
tertullian--tertullian.marcionem4	9	1	4125	incolurnitatis	incolumitatis	perseus--stoa0275.stoa006.opp-lat1	replace
tertullian--tertullian.marcionem4	11	1	1056	paupcrem	pauperem	perseus--stoa0275.stoa006.opp-lat1	replace
tertullian--tertullian.marcionem4	11	2	1222	nondvun	nondum	perseus--stoa0275.stoa006.opp-lat1	replace
tertullian--tertullian.marcionem4	12	2	1672	pscudoprophetis	pseudoprophetis	perseus--stoa0275.stoa006.opp-lat1	replace
tertullian--tertullian.marcionem4	13	1	3742	indigehs	indigens	perseus--stoa0275.stoa006.opp-lat1	replace
tertullian--tertullian.marcionem4	14	1	4165	magistmm	magistrum	perseus--stoa0275.stoa006.opp-lat1	replace
tertullian--tertullian.marcionem4	15	1	5025	lustus	iustus	perseus--stoa0275.stoa006.opp-lat1	replace
tertullian--tertullian.marcionem4	15	1	3271	testimohium	testimonium	perseus--stoa0275.stoa006.opp-lat1	replace
tertullian--tertullian.marcionem4	16	1	2016	argurnentum	argumentum	perseus--stoa0275.stoa006.opp-lat1	replace
tertullian--tertullian.marcionem4	17	1	5076	ternere	temere	perseus--stoa0275.stoa006.opp-lat1	replace
tertullian--tertullian.marcionem4	17	1	3130	infirrnitatibus	infirmitatibus	perseus--stoa0275.stoa006.opp-lat1	replace
tertullian--tertullian.marcionem4	22	1	773	illoruxn	illorum	perseus--stoa0275.stoa006.opp-lat1	replace
tertullian--tertullian.marcionem4	24	1	3869	creatorcm	creatorem	perseus--stoa0275.stoa006.opp-lat1	replace
tertullian--tertullian.marcionem4	24	1	3443	tempvis	tempus	perseus--stoa0275.stoa006.opp-lat1	replace
tertullian--tertullian.marcionem4	25	1	3583	pauperam	pauperum	perseus--stoa0275.stoa006.opp-lat1	replace
tertullian--tertullian.marcionem4	26	1	1374	eumqui	eum qui	perseus--stoa0275.stoa006.opp-lat1	split
tertullian--tertullian.marcionem4	26	1	1318	advcrtit	advertit	perseus--stoa0275.stoa006.opp-lat1	replace
tertullian--tertullian.marcionem4	27	1	3983	nerninem	neminem	perseus--stoa0275.stoa006.opp-lat1	replace
tertullian--tertullian.marcionem4	28	2	2333	exdusit	exclusit	perseus--stoa0275.stoa006.opp-lat1	replace
tertullian--tertullian.marcionem4	30	1	4148	prophetaram	prophetarum	perseus--stoa0275.stoa006.opp-lat1	replace
tertullian--tertullian.marcionem4	30	1	3430	limitein	limitem	perseus--stoa0275.stoa006.opp-lat1	replace
tertullian--tertullian.marcionem4	31	1	514	diversitatcm	diversitatem	perseus--stoa0275.stoa006.opp-lat1	replace
tertullian--tertullian.marcionem4	31	1	249	pennittit	permittit	perseus--stoa0275.stoa006.opp-lat1	replace
tertullian--tertullian.marcionem4	32	1	3043	materiaram	materiarum	perseus--stoa0275.stoa006.opp-lat1	replace
tertullian--tertullian.marcionem4	32	1	556	rccipiendas	recipiendas	perseus--stoa0275.stoa006.opp-lat1	replace
tertullian--tertullian.marcionem4	33	2	2091	praeceptomm	praeceptorum	perseus--stoa0275.stoa006.opp-lat1	replace
tertullian--tertullian.marcionem4	33	2	725	facieraus	faciemus	perseus--stoa0275.stoa006.opp-lat1	replace
tertullian--tertullian.marcionem4	34	1	1896	vcnde	vende	perseus--stoa0275.stoa006.opp-lat1	replace
tertullian--tertullian.marcionem4	35	2	3163	sadducaeoram	sadducaeorum	perseus--stoa0275.stoa006.opp-lat1	replace
tertullian--tertullian.marcionem4	36	1	1188	probatorcm	probatorem	perseus--stoa0275.stoa006.opp-lat1	replace
tertullian--tertullian.marcionem4	37	1	2450	exempluna	exemplum	perseus--stoa0275.stoa006.opp-lat1	replace
tertullian--tertullian.marcionem4	38	1	200	aflfectum	affectum	perseus--stoa0275.stoa006.opp-lat1	replace
tertullian--tertullian.marcionem5	1	2	3913	ereatorem	creatorem	perseus--stoa0275.stoa006.opp-lat1	replace
tertullian--tertullian.marcionem5	1	2	3807	creatorisnegetur	creatoris negetur	perseus--stoa0275.stoa006.opp-lat1	split
tertullian--tertullian.marcionem5	3	1	4335	benedictionern	benedictionem	perseus--stoa0275.stoa006.opp-lat1	replace
tertullian--tertullian.marcionem5	5	1	2449	senaper	semper	perseus--stoa0275.stoa006.opp-lat1	replace
tertullian--tertullian.marcionem5	7	1	3897	ludaea	iudaea	perseus--stoa0275.stoa006.opp-lat1	replace
tertullian--tertullian.marcionem5	8	1	503	horninibus	hominibus	perseus--stoa0275.stoa006.opp-lat1	replace
tertullian--tertullian.marcionem5	9	1	4806	hominurn	hominum	perseus--stoa0275.stoa006.opp-lat1	replace
tertullian--tertullian.marcionem5	10	1	5086	mortificemur	mortificamur	perseus--stoa0275.stoa006.opp-lat1	replace
tertullian--tertullian.marcionem5	10	1	3049	timct	timet	perseus--stoa0275.stoa006.opp-lat1	replace
tertullian--tertullian.marcionem5	12	1	5022	rcgnum	regnum	perseus--stoa0275.stoa006.opp-lat1	replace
tertullian--tertullian.marcionem5	16	1	3169	eundern	eundem	perseus--stoa0275.stoa006.opp-lat1	replace
tertullian--tertullian.marcionem5	18	1	3248	imrnissio	immissio	perseus--stoa0275.stoa006.opp-lat1	replace
tertullian--tertullian.marcionem5	19	1	5352	racundiam	iracundiam	perseus--stoa0275.stoa006.opp-lat1	replace
tertullian--tertullian.marcionem5	21	2	171	donaini	domini	perseus--stoa0275.stoa006.opp-lat1	replace
tertullian--tertullian.martyres	1	5	59	sanctumª	sanctum	perseus--stoa0275.stoa001.opp-lat1	replace
tertullian--tertullian.martyres	1	18	191	dueit	ducit	perseus--stoa0275.stoa001.opp-lat1	replace
tertullian--tertullian.monog	1	2	1493	dirissimae	durissimae	perseus--stoa0275.stoa019.opp-lat1	replace
tertullian--tertullian.monog	1	2	316	emsmodi	eiusmodi	perseus--stoa0275.stoa019.opp-lat1	replace
tertullian--tertullian.monog	2	2	986	reoursum	recursum	perseus--stoa0275.stoa019.opp-lat1	replace
tertullian--tertullian.monog	2	2	217	initram	initium	perseus--stoa0275.stoa019.opp-lat1	replace
tertullian--tertullian.monog	3	2	2390	coniugmm	coniugium	perseus--stoa0275.stoa019.opp-lat1	replace
tertullian--tertullian.monog	3	2	2060	matrimonram	matrimonium	perseus--stoa0275.stoa019.opp-lat1	replace
tertullian--tertullian.monog	3	2	452	concessarint	concesserint	perseus--stoa0275.stoa019.opp-lat1	replace
tertullian--tertullian.monog	4	1	1604	interpretabimus	interpretabimur	perseus--stoa0275.stoa019.opp-lat1	replace
tertullian--tertullian.monog	4	1	1003	univire	univira	perseus--stoa0275.stoa019.opp-lat1	replace
tertullian--tertullian.monog	4	2	2110	matrimonmm	matrimonium	perseus--stoa0275.stoa019.opp-lat1	replace
tertullian--tertullian.monog	5	1	1746	Epicuram	Epicurum	perseus--stoa0275.stoa019.opp-lat1	replace
tertullian--tertullian.monog	7	1	983	diseiplinae	disciplinae	perseus--stoa0275.stoa019.opp-lat1	replace
tertullian--tertullian.monog	7	3	1021	indnlsit	indulsit	perseus--stoa0275.stoa019.opp-lat1	replace
tertullian--tertullian.monog	8	2	1125	matrimonrum	matrimonium	perseus--stoa0275.stoa019.opp-lat1	replace
tertullian--tertullian.monog	8	3	878	univiris	univira	perseus--stoa0275.stoa019.opp-lat1	replace
tertullian--tertullian.nationes1	1	1	2562	tormentoram	tormentorum	perseus--stoa0275.stoa002.opp-lat1	replace
tertullian--tertullian.nationes1	2	1	3520	pronun tiaret	pronuntiaret	perseus--stoa0275.stoa002.opp-lat1	join
tertullian--tertullian.nationes1	5	1	4398	ameritis	a meritis	perseus--stoa0275.stoa002.opp-lat1	split
tertullian--tertullian.nationes1	6	1	5024	rnortuos	mortuos	perseus--stoa0275.stoa002.opp-lat1	replace
tertullian--tertullian.nationes1	6	1	3191	uenditanto	uenditando	perseus--stoa0275.stoa002.opp-lat1	replace
tertullian--tertullian.nationes1	6	1	1691	acprudentissimi	ac prudentissimi	perseus--stoa0275.stoa002.opp-lat1	split
tertullian--tertullian.nationes1	7	1	1476	adiudicastis	adiudicatis	perseus--stoa0275.stoa002.opp-lat1	replace
tertullian--tertullian.nationes1	8	1	3845	preca tionem	precationem	perseus--stoa0275.stoa002.opp-lat1	join
tertullian--tertullian.nationes1	8	1	1939	crucisfeceris	crucis feceris	perseus--stoa0275.stoa002.opp-lat1	split
tertullian--tertullian.nationes1	9	1	2630	Macedonesid	Macedones id	perseus--stoa0275.stoa002.opp-lat1	split
tertullian--tertullian.nationes1	10	1	4575	intersa	interim	perseus--stoa0275.stoa002.opp-lat1	replace
tertullian--tertullian.nationes1	10	1	3611	lamstas	lanistas	perseus--stoa0275.stoa002.opp-lat1	replace
tertullian--tertullian.nationes1	10	1	339	eruptioms	eruptionis	perseus--stoa0275.stoa002.opp-lat1	replace
tertullian--tertullian.nationes2	1	1	3718	dispexisse	despexisse	perseus--stoa0275.stoa002.opp-lat1	replace
tertullian--tertullian.nationes2	1	1	3348	ignotio	ignotior	perseus--stoa0275.stoa002.opp-lat1	replace
tertullian--tertullian.nationes2	2	1	2939	cor pora	corpora	perseus--stoa0275.stoa002.opp-lat1	join
tertullian--tertullian.nationes2	3	1	5072	aliciuus	alicuius	perseus--stoa0275.stoa002.opp-lat1	replace
tertullian--tertullian.nationes2	3	1	4223	lanciam	lanceam	perseus--stoa0275.stoa002.opp-lat1	replace
tertullian--tertullian.nationes2	4	1	2736	protalibus	pro talibus	perseus--stoa0275.stoa002.opp-lat1	split
tertullian--tertullian.nationes2	5	1	4318	compre hendantur	comprehendantur	perseus--stoa0275.stoa002.opp-lat1	join
tertullian--tertullian.nationes2	5	1	1676	expedimenta	experimenta	perseus--stoa0275.stoa002.opp-lat1	replace
tertullian--tertullian.nationes2	6	1	4665	Farinus	Fari nus	perseus--stoa0275.stoa002.opp-lat1	split
tertullian--tertullian.nationes2	7	1	1971	ólegimus	legimus	perseus--stoa0275.stoa002.opp-lat1	replace
tertullian--tertullian.paen	1	3	1585	eradens	radens	perseus--stoa0275.stoa021.opp-lat1	replace
tertullian--tertullian.paen	1	3	1573	averrens	verrens	perseus--stoa0275.stoa021.opp-lat1	replace
tertullian--tertullian.paen	2	1	638	eongregatione	congregatione	perseus--stoa0275.stoa021.opp-lat1	replace
tertullian--tertullian.paen	3	1	2129	oastitate	castitate	perseus--stoa0275.stoa021.opp-lat1	replace
tertullian--tertullian.paen	3	2	4474	emerere	mereri	perseus--stoa0275.stoa021.opp-lat1	replace
tertullian--tertullian.paen	4	1	2036	obstructam	obstructa	perseus--stoa0275.stoa021.opp-lat1	replace
tertullian--tertullian.paen	4	1	1980	clausana	clausa	perseus--stoa0275.stoa021.opp-lat1	replace
tertullian--tertullian.paen	4	2	1668	paeniteas	paeniteat	perseus--stoa0275.stoa021.opp-lat1	replace
tertullian--tertullian.paen	4	2	144	exprobat	exprobrat	perseus--stoa0275.stoa021.opp-lat1	replace
tertullian--tertullian.paen	5	1	693	insultatores	insultaturos	perseus--stoa0275.stoa021.opp-lat1	replace
tertullian--tertullian.paen	5	2	1239	uullis	nullis	perseus--stoa0275.stoa021.opp-lat1	replace
tertullian--tertullian.paen	5	2	958	iucommodis	incommodis	perseus--stoa0275.stoa021.opp-lat1	replace
tertullian--tertullian.paen	5	3	691	exercitatoria	exercitoria	perseus--stoa0275.stoa021.opp-lat1	replace
tertullian--tertullian.pallio	1	9	654	maufragia	naufragia	perseus--stoa0275.stoa022.opp-lat1	replace
tertullian--tertullian.pallio	1	10	578	uoraginiem	uoraginem	perseus--stoa0275.stoa022.opp-lat1	replace
tertullian--tertullian.pallio	1	10	15	continiens	continens	perseus--stoa0275.stoa022.opp-lat1	replace
tertullian--tertullian.pallio	1	11	87	recemsere	recensere	perseus--stoa0275.stoa022.opp-lat1	replace
tertullian--tertullian.pallio	2	2	673	inidefectus	indefectus	perseus--stoa0275.stoa022.opp-lat1	replace
tertullian--tertullian.pallio	2	2	576	incessura	incessum	perseus--stoa0275.stoa022.opp-lat1	replace
tertullian--tertullian.pallio	2	4	558	officinia	officina	perseus--stoa0275.stoa022.opp-lat1	replace
tertullian--tertullian.pallio	2	4	462	lanitii	lanicii	perseus--stoa0275.stoa022.opp-lat1	replace
tertullian--tertullian.pallio	2	8	226	uirginiem	uirginem	perseus--stoa0275.stoa022.opp-lat1	replace
tertullian--tertullian.pallio	2	9	174	persuerasset	perseuerasset	perseus--stoa0275.stoa022.opp-lat1	replace
tertullian--tertullian.pallio	2	11	155	Fullonesiam	Fullones iam	perseus--stoa0275.stoa022.opp-lat1	split
tertullian--tertullian.pallio	3	2	90	destiniare	destinare	perseus--stoa0275.stoa022.opp-lat1	replace
tertullian--tertullian.pallio	3	5	666	sinius	sinus	perseus--stoa0275.stoa022.opp-lat1	replace
tertullian--tertullian.pallio	3	8	94	iniquit	inquit	perseus--stoa0275.stoa022.opp-lat1	replace
tertullian--tertullian.patientia	1	5	1766	subiendae	subeundae	perseus--stoa0275.stoa023.opp-lat1	replace
tertullian--tertullian.patientia	2	1	2303	prigo	origo	perseus--stoa0275.stoa023.opp-lat1	replace
tertullian--tertullian.patientia	3	2	1187	communicar i	communicari	perseus--stoa0275.stoa023.opp-lat1	join
tertullian--tertullian.patientia	3	2	367	infaciem	in faciem	perseus--stoa0275.stoa023.opp-lat1	split
tertullian--tertullian.patientia	4	1	690	secefnit	secernit	perseus--stoa0275.stoa023.opp-lat1	replace
tertullian--tertullian.patientia	4	6	399	proteruit	proterit	perseus--stoa0275.stoa023.opp-lat1	replace
tertullian--tertullian.patientia	5	2	675	subuertendae	sub uertendae	perseus--stoa0275.stoa023.opp-lat1	split
tertullian--tertullian.patientia	5	4	690	seraum	seruum	perseus--stoa0275.stoa023.opp-lat1	replace
tertullian--tertullian.patientia	5	4	418	exhomologesin	exomologesin	perseus--stoa0275.stoa023.opp-lat1	replace
tertullian--tertullian.praescrip	4	1	3690	niholominus	nihilominus	perseus--stoa0275.stoa024.opp-lat1	replace
tertullian--tertullian.praescrip	4	1	1656	credideruntm	crediderunt	perseus--stoa0275.stoa024.opp-lat1	replace
tertullian--tertullian.praescrip	7	1	2424	transferemini	transferimini	perseus--stoa0275.stoa024.opp-lat1	replace
tertullian--tertullian.praescrip	10	1	775	centonario	centenario	perseus--stoa0275.stoa024.opp-lat1	replace
tertullian--tertullian.praescrip	11	1	1458	promiseran	promiseram	perseus--stoa0275.stoa024.opp-lat1	replace
tertullian--tertullian.praxean	1	2	443	scriptures	scripturis	perseus--stoa0275.stoa007.opp-lat1	replace
tertullian--tertullian.praxean	2	1	4389	vocabolo	vocabulo	perseus--stoa0275.stoa007.opp-lat1	replace
tertullian--tertullian.praxean	5	1	1817	statini	statim	perseus--stoa0275.stoa007.opp-lat1	replace
tertullian--tertullian.praxean	6	1	4471	revelatuni	revelatum	perseus--stoa0275.stoa007.opp-lat1	replace
tertullian--tertullian.praxean	6	1	1512	seconda	secunda	perseus--stoa0275.stoa007.opp-lat1	replace
tertullian--tertullian.praxean	7	1	3876	invsibilem	invisibilem	perseus--stoa0275.stoa007.opp-lat1	replace
tertullian--tertullian.praxean	9	1	4331	compatisse	competisse	perseus--stoa0275.stoa007.opp-lat1	replace
tertullian--tertullian.praxean	11	1	4567	carnera	carnem	perseus--stoa0275.stoa007.opp-lat1	replace
tertullian--tertullian.praxean	12	1	5296	solei	solui	perseus--stoa0275.stoa007.opp-lat1	replace
tertullian--tertullian.praxean	12	1	3936	ereditis	creditis	perseus--stoa0275.stoa007.opp-lat1	replace
tertullian--tertullian.praxean	12	1	1446	citeretur	uteretur	perseus--stoa0275.stoa007.opp-lat1	replace
tertullian--tertullian.praxean	16	1	5090	dieit	dicit	perseus--stoa0275.stoa007.opp-lat1	replace
tertullian--tertullian.pudicitia	3	17	36	gebennae	gehennae	perseus--stoa0275.stoa025.opp-lat1	replace
tertullian--tertullian.pudicitia	8	117	14	contmentiae	continentiae	perseus--stoa0275.stoa025.opp-lat1	replace
tertullian--tertullian.pudicitia	9	18	0	bonore	honore	perseus--stoa0275.stoa025.opp-lat1	replace
tertullian--tertullian.pudicitia	10	29	41	peccatons	peccatoris	perseus--stoa0275.stoa025.opp-lat1	replace
tertullian--tertullian.pudicitia	11	38	0	redundanti	redundantia	perseus--stoa0275.stoa025.opp-lat1	replace
tertullian--tertullian.pudicitia	12	114	71	nullatam	nulla tam	perseus--stoa0275.stoa025.opp-lat1	split
tertullian--tertullian.resurrectione	1	3	2154	manifestatiorem	manifestiorem	perseus--stoa0275.stoa026.opp-lat1	replace
tertullian--tertullian.resurrectione	3	1	1917	delectissimo	electissimo	perseus--stoa0275.stoa026.opp-lat1	replace
tertullian--tertullian.resurrectione	3	1	773	vaporeo	vapore	perseus--stoa0275.stoa026.opp-lat1	replace
tertullian--tertullian.resurrectione	3	4	755	exprobari	exprobrari	perseus--stoa0275.stoa026.opp-lat1	replace
tertullian--tertullian.resurrectione	4	3	660	florebis	florebit	perseus--stoa0275.stoa026.opp-lat1	replace
tertullian--tertullian.resurrectione	5	2	1278	ructuarit	ructarit	perseus--stoa0275.stoa026.opp-lat1	replace
tertullian--tertullian.resurrectione	5	2	440	accommodarint	accommodant	perseus--stoa0275.stoa026.opp-lat1	replace
tertullian--tertullian.resurrectione	9	3	592	mahu	manu	perseus--stoa0275.stoa026.opp-lat1	replace
tertullian--tertullian.resurrectione	11	1	149	eructuabunt	eructabunt	perseus--stoa0275.stoa026.opp-lat1	replace
tertullian--tertullian.resurrectione	12	2	2638	deptem	dentem	perseus--stoa0275.stoa026.opp-lat1	replace
tertullian--tertullian.resurrectione	14	1	1526	Atheninses	Athenienses	perseus--stoa0275.stoa026.opp-lat1	replace
tertullian--tertullian.resurrectione	14	1	345	adnuntiabant	annuntiabant	perseus--stoa0275.stoa026.opp-lat1	replace
tertullian--tertullian.resurrectione	17	1	1009	iustititae	iustitiae	perseus--stoa0275.stoa026.opp-lat1	replace
tertullian--tertullian.resurrectione	21	1	4485	re spersa	respersa	perseus--stoa0275.stoa026.opp-lat1	join
tertullian--tertullian.resurrectione	23	3	2029	torquebimur	torquemur	perseus--stoa0275.stoa026.opp-lat1	replace
tertullian--tertullian.resurrectione	24	3	991	resorbebitur	resorbetur	perseus--stoa0275.stoa026.opp-lat1	replace
tertullian--tertullian.scapulam	1	3	602	contensiosus	contentiosus	perseus--stoa0275.stoa003.opp-lat1	replace
tertullian--tertullian.scapulam	1	4	1303	Cappodocia	Cappadocia	perseus--stoa0275.stoa003.opp-lat1	replace
tertullian--tertullian.scapulam	2	1	449	dannare	damnare	perseus--stoa0275.stoa003.opp-lat1	replace
tertullian--tertullian.scorpiace	1	2	3629	obsedimur	obsidemur	perseus--stoa0275.stoa030.opp-lat1	replace
tertullian--tertullian.scorpiace	1	2	2664	manuult	mauult	perseus--stoa0275.stoa030.opp-lat1	replace
tertullian--tertullian.scorpiace	2	1	1729	semiatis	seruiatis	perseus--stoa0275.stoa030.opp-lat1	replace
tertullian--tertullian.scorpiace	3	1	1654	derelincunt	derelinquunt	perseus--stoa0275.stoa030.opp-lat1	replace
tertullian--tertullian.scorpiace	3	2	13	igitui	igitur	perseus--stoa0275.stoa030.opp-lat1	replace
tertullian--tertullian.scorpiace	5	1	3083	tallacias	fallacias	perseus--stoa0275.stoa030.opp-lat1	replace
tertullian--tertullian.scorpiace	5	1	1115	hornines	homines	perseus--stoa0275.stoa030.opp-lat1	replace
tertullian--tertullian.scorpiace	5	1	44	matyria	martyria	perseus--stoa0275.stoa030.opp-lat1	replace
tertullian--tertullian.scorpiace	5	2	766	Eseiam	Esaiam	perseus--stoa0275.stoa030.opp-lat1	replace
tertullian--tertullian.scorpiace	9	2	165	adordinauit	ordinauit	perseus--stoa0275.stoa030.opp-lat1	replace
tertullian--tertullian.scorpiace	10	2	540	illaram	illarum	perseus--stoa0275.stoa030.opp-lat1	replace
tertullian--tertullian.spect	2	1	209	einus	eius	perseus--stoa0275.stoa027.perseus-lat2	replace
tertullian--tertullian.spect	3	13	680	panlatim	paulatim	perseus--stoa0275.stoa027.perseus-lat2	replace
tertullian--tertullian.spect	5	10	240	amatissimos	amantissimos	perseus--stoa0275.stoa027.perseus-lat2	replace
tertullian--tertullian.spect	6	11	351	ipsins	ipsius	perseus--stoa0275.stoa027.perseus-lat2	replace
tertullian--tertullian.testimonia	1	3	3535	nominias	nominas	perseus--stoa0275.stoa028.opp-lat1	replace
tertullian--tertullian.uxor1	1	8	28	coniunctiouem	coniunctionem	perseus--stoa0276.stoa002.opp-lat1	replace
tertullian--tertullian.uxor1	1	13	22	uuptias	nuptias	perseus--stoa0276.stoa002.opp-lat1	replace
tertullian--tertullian.uxor1	2	16	44	laborosior	laboriosior	perseus--stoa0276.stoa002.opp-lat1	replace
tertullian--tertullian.uxor2	2	5	407	excru ciata	excruciata	perseus--stoa0276.stoa002.opp-lat1	join
tertullian--tertullian.uxor2	2	5	374	plereaque	pleraeque	perseus--stoa0276.stoa002.opp-lat1	replace
tertullian--tertullian.uxor2	2	5	320	scieicet	scilicet	perseus--stoa0276.stoa002.opp-lat1	replace
tertullian--tertullian.uxor2	2	16	139	camisue	carnisue	perseus--stoa0276.stoa002.opp-lat1	replace
tertullian--tertullian.valentinianos	1	2	4965	abscesseruat	abscesserunt	perseus--stoa0275.stoa008.opp-lat1	replace
tertullian--tertullian.valentinianos	1	2	3728	adomestico	a domestico	perseus--stoa0275.stoa008.opp-lat1	split
tertullian--tertullian.valentinianos	1	2	2987	concuterepotius	concutere potius	perseus--stoa0275.stoa008.opp-lat1	split
tertullian--tertullian.valentinianos	1	2	2731	manandi	manantis	perseus--stoa0275.stoa008.opp-lat1	replace
tertullian--tertullian.valentinianos	1	2	1758	persuadetnon	persuadet non	perseus--stoa0275.stoa008.opp-lat1	split
tertullian--tertullian.valentinianos	1	2	919	praetendeus	praetendens	perseus--stoa0275.stoa008.opp-lat1	replace
tertullian--tertullian.valentinianos	1	2	786	suspira	suspiria	perseus--stoa0275.stoa008.opp-lat1	replace
tertullian--tertullian.valentinianos	1	2	331	adserveratur	adseveratur	perseus--stoa0275.stoa008.opp-lat1	replace
tertullian--tertullian.valentinianos	2	1	3886	adsummas	ad summas	perseus--stoa0275.stoa008.opp-lat1	split
tertullian--tertullian.valentinianos	2	1	3208	hocmodo	hoc modo	perseus--stoa0275.stoa008.opp-lat1	split
tertullian--tertullian.valentinianos	2	1	412	soius	solus	perseus--stoa0275.stoa008.opp-lat1	replace
tertullian--tertullian.valentinianos	3	1	3947	accederat	acciderat	perseus--stoa0275.stoa008.opp-lat1	replace
tertullian--tertullian.valentinianos	3	1	3518	dulcendinis	dulcedinis	perseus--stoa0275.stoa008.opp-lat1	replace
tertullian--tertullian.valentinianos	3	1	3242	connata	innata	perseus--stoa0275.stoa008.opp-lat1	replace
tertullian--tertullian.valentinianos	3	1	1434	Karthaginensibus	Karthaginiensibus	perseus--stoa0275.stoa008.opp-lat1	replace
tertullian--tertullian.valentinianos	3	1	1195	duodenariusnumerus	duodenarius numerus	perseus--stoa0275.stoa008.opp-lat1	split
tertullian--tertullian.valentinianos	4	1	5351	suppararetur	superaretur	perseus--stoa0275.stoa008.opp-lat1	replace
tertullian--tertullian.valentinianos	4	1	4696	inlibero	in libero	perseus--stoa0275.stoa008.opp-lat1	split
tertullian--tertullian.valentinianos	4	1	4086	generatium	generantium	perseus--stoa0275.stoa008.opp-lat1	replace
tertullian--tertullian.valentinianos	4	1	2047	prosegui	prosequi	perseus--stoa0275.stoa008.opp-lat1	replace
tertullian--tertullian.valentinianos	4	1	76	dienceps	deinceps	perseus--stoa0275.stoa008.opp-lat1	replace
tertullian--tertullian.valentinianos	5	1	4542	intumuitspiritali	intumuit spiritali	perseus--stoa0275.stoa008.opp-lat1	split
tertullian--tertullian.valentinianos	5	1	3940	aequiperantias	aequiparantias	perseus--stoa0275.stoa008.opp-lat1	replace
tertullian--tertullian.valentinianos	6	1	4591	originaiem	originalem	perseus--stoa0275.stoa008.opp-lat1	replace
tertullian--tertullian.valentinianos	6	1	2095	primigenitalis	primogenitalis	perseus--stoa0275.stoa008.opp-lat1	replace
tertullian--tertullian.valentinianos	6	1	1221	experimerent	exprimerent	perseus--stoa0275.stoa008.opp-lat1	replace
tertullian--tertullian.valentinianos	8	1	4852	supermagistrum	super magistrum	perseus--stoa0275.stoa008.opp-lat1	split
tertullian--tertullian.valentinianos	8	1	3801	nyphone	nymphone	perseus--stoa0275.stoa008.opp-lat1	replace
tertullian--tertullian.valentinianos	8	1	2398	scaenem	scenam	perseus--stoa0275.stoa008.opp-lat1	replace
tertullian--tertullian.valentinianos	8	1	2172	excinit	excipit	perseus--stoa0275.stoa008.opp-lat1	replace
tertullian--tertullian.valentinianos	8	1	1596	adhaerendi	adhaerendo	perseus--stoa0275.stoa008.opp-lat1	replace
tertullian--tertullian.valentinianos	8	1	403	allegere	allegare	perseus--stoa0275.stoa008.opp-lat1	replace
tertullian--tertullian.valentinianos	9	1	2352	deducete	deducere	perseus--stoa0275.stoa008.opp-lat1	replace
tertullian--tertullian.valentinianos	9	1	980	excusam	exclusam	perseus--stoa0275.stoa008.opp-lat1	replace
tertullian--tertullian.valentinianos	9	1	570	ottavo	octavo	perseus--stoa0275.stoa008.opp-lat1	replace
tertullian--tertullian.virginibus	4	3	1375	pro spexerat	prospexerat	perseus--stoa0275.stoa029.opp-lat1	join
tertullian--tertullian.virginibus	4	4	1010	interpolent	interpolant	perseus--stoa0275.stoa029.opp-lat1	replace
tertullian--tertullian.virginibus	5	3	676	eoncipiunt	concipiunt	perseus--stoa0275.stoa029.opp-lat1	replace
tertullian--tertullian.virginibus	6	1	376	renudae	nudae	perseus--stoa0275.stoa029.opp-lat1	replace
tibullus2	1	3	687	purgarnus	purgamus	perseus--phi0660.phi001.perseus-lat2	replace
valesianus1	2	3	347	exitalis	exitialis	perseus--stoa0023.stoa001.perseus-lat2	replace
valesianus2	1	3	639	patricatus	patriciatus	perseus--stoa0023.stoa001.perseus-lat2	replace
valesianus2	1	10	153	Vkalendas	U kalendas	perseus--stoa0023.stoa001.perseus-lat2	split
valesianus2	1	13	236	fluvioi	fluvio	perseus--stoa0023.stoa001.perseus-lat2	replace
valmax2	5	5	145	militarisdisciplinae	militaris disciplinae	perseus--phi1038.phi001.perseus-lat1	split
valmax3	5	10	303	appellationeperplexis	appellatione perplexis	perseus--phi1038.phi001.perseus-lat1	split
valmax3	7	3	685	eiusquam	eius quam	perseus--phi1038.phi001.perseus-lat1	split
valmax4	2	1	94	ðsed	sed	perseus--phi1038.phi001.perseus-lat1	replace
valmax4	5	9	636	acliberis	ac liberis	perseus--phi1038.phi001.perseus-lat1	split
valmax4	6	4	83	uirispraecepit	uiris praecepit	perseus--phi1038.phi001.perseus-lat1	split
valmax4	6	5	243	sus tinuit	sustinuit	perseus--phi1038.phi001.perseus-lat1	join
valmax4	8	3	150	ullarei	ulla rei	perseus--phi1038.phi001.perseus-lat1	split
valmax5	1	5	40	Pru sian	Prusian	perseus--phi1038.phi001.perseus-lat1	join
valmax6	6	3	392	quamrei	quam rei	perseus--phi1038.phi001.perseus-lat1	split
valmax6	8	8	250	li berati	liberati	perseus--phi1038.phi001.perseus-lat1	join
valmax7	3	1	193	mensuramexplentes	mensuram explentes	perseus--phi1038.phi001.perseus-lat1	split
valmax7	3	7	792	cupidenostris	cupide nostris	perseus--phi1038.phi001.perseus-lat1	split
valmax7	4	1	248	apparito rum	apparitorum	perseus--phi1038.phi001.perseus-lat1	join
valmax7	5	7	743	ce ciderunt	ceciderunt	perseus--phi1038.phi001.perseus-lat1	join
valmax7	6	2	433	mouerenon	mouere non	perseus--phi1038.phi001.perseus-lat1	split
valmax8	2	12	235	augurumerat	augurum erat	perseus--phi1038.phi001.perseus-lat1	split
valmax8	5	3	360	enimlabore	enim labore	perseus--phi1038.phi001.perseus-lat1	split
valmax9	5	13	244	inte gerrimi	integerrimi	perseus--phi1038.phi001.perseus-lat1	join
vergil--ec7	1	2	201	repondere	respondere	perseus--phi0690.phi001.perseus-lat2	replace
vergil--ec8	1	23	42	caminibus	carminibus	perseus--phi0690.phi001.perseus-lat2	replace
vergil--ec9	1	16	114	Galarea	Galatea	perseus--phi0690.phi001.perseus-lat2	replace
vergil--geo1	1	1	2506	inussa	iniussa	perseus--phi0690.phi002.perseus-lat2	replace
vergil--geo2	4	1	2631	rusti	rusci	perseus--phi0690.phi002.perseus-lat2	replace
vitruvius1	1	6	190	tribuisiti	tribuisti	perseus--phi1056.phi001.perseus-lat2	replace
vitruvius1	1	12	1275	ltaque	itaque	perseus--phi1056.phi001.perseus-lat2	replace
vitruvius1	1	12	508	ragionibus	regionibus	perseus--phi1056.phi001.perseus-lat2	replace
vitruvius1	2	1	3304	eiusmod	eiusmodi	perseus--phi1056.phi001.perseus-lat2	replace
vitruvius1	2	1	2580	diatesseron	diatessaron	perseus--phi1056.phi001.perseus-lat2	replace
vitruvius1	2	1	2339	directem	directam	perseus--phi1056.phi001.perseus-lat2	replace
vitruvius1	2	1	1406	Insursibus	Incursibus	perseus--phi1056.phi001.perseus-lat2	replace
vitruvius1	2	1	1008	casitate	castitate	perseus--phi1056.phi001.perseus-lat2	replace
vitruvius1	3	1	3705	offica	officia	perseus--phi1056.phi001.perseus-lat2	replace
vitruvius1	3	1	1456	aniatrologicus	aniatrologetus	perseus--phi1056.phi001.perseus-lat2	replace
vitruvius1	3	2	474	philisophus	philosophus	perseus--phi1056.phi001.perseus-lat2	replace
vitruvius1	3	8	155	homonis	hominis	perseus--phi1056.phi001.perseus-lat2	replace
vitruvius1	4	1	1235	epistlyiis	epistyliis	perseus--phi1056.phi001.perseus-lat2	replace
vitruvius1	4	2	876	frustus	fructus	perseus--phi1056.phi001.perseus-lat2	replace
vitruvius1	4	7	1669	redurescat	redurescit	perseus--phi1056.phi001.perseus-lat2	replace
vitruvius1	4	7	626	caelescit	calescit	perseus--phi1056.phi001.perseus-lat2	replace
vitruvius1	5	1	374	conpositate	compositae	perseus--phi1056.phi001.perseus-lat2	replace
vitruvius1	5	2	441	suberioribus	superioribus	perseus--phi1056.phi001.perseus-lat2	replace
vitruvius1	6	1	1549	teleis	taleis	perseus--phi1056.phi001.perseus-lat2	replace
vitruvius1	6	1	816	circundandum	circumdandum	perseus--phi1056.phi001.perseus-lat2	replace
vitruvius1	7	1	2531	designatate	designatae	perseus--phi1056.phi001.perseus-lat2	replace
vitruvius1	7	1	2110	carcinationem	circinationem	perseus--phi1056.phi001.perseus-lat2	replace
vitruvius1	7	1	1171	mormoreum	marmoreum	perseus--phi1056.phi001.perseus-lat2	replace
vitruvius1	7	2	860	circias	circius	perseus--phi1056.phi001.perseus-lat2	replace
vitruvius1	7	3	904	extrernum	extremum	perseus--phi1056.phi001.perseus-lat2	replace
vitruvius1	7	3	279	derectionibus	directionibus	perseus--phi1056.phi001.perseus-lat2	replace
vitruvius10	1	6	334	spectationis	spectationes	perseus--phi1056.phi001.perseus-lat2	replace
vitruvius10	1	9	503	spectationem	spectatione	perseus--phi1056.phi001.perseus-lat2	replace
vitruvius10	2	1	1070	dipositis	dispositis	perseus--phi1056.phi001.perseus-lat2	replace
vitruvius10	2	1	269	longitiudinibus	longitudinibus	perseus--phi1056.phi001.perseus-lat2	replace
vitruvius10	2	7	403	conpeget	compegit	perseus--phi1056.phi001.perseus-lat2	replace
vitruvius10	3	4	151	aeqipondium	aequipondium	perseus--phi1056.phi001.perseus-lat2	replace
vitruvius10	3	14	216	haurentis	haurientes	perseus--phi1056.phi001.perseus-lat2	replace
vitruvius10	5	1	631	opturando	obturando	perseus--phi1056.phi001.perseus-lat2	replace
vitruvius10	5	12	791	foraminus	foraminis	perseus--phi1056.phi001.perseus-lat2	replace
vitruvius10	6	3	223	ergastis	ergatis	perseus--phi1056.phi001.perseus-lat2	replace
vitruvius10	7	2	148	ascendtem	ascendentem	perseus--phi1056.phi001.perseus-lat2	replace
vitruvius10	8	3	667	confÃxam	confixam	perseus--phi1056.phi001.perseus-lat2	replace
vitruvius10	8	12	114	progresserunt	progesserunt	perseus--phi1056.phi001.perseus-lat2	replace
vitruvius10	8	13	423	liniatione	lineatione	perseus--phi1056.phi001.perseus-lat2	replace
vitruvius2	1	4	2540	uxilia	auxilia	perseus--phi1056.phi001.perseus-lat2	replace
vitruvius2	1	7	1827	iugmentantes	iugumentantes	perseus--phi1056.phi001.perseus-lat2	replace
vitruvius2	1	7	670	optigerant	obtigerant	perseus--phi1056.phi001.perseus-lat2	replace
vitruvius2	1	8	1601	simulique	similique	perseus--phi1056.phi001.perseus-lat2	replace
vitruvius2	1	8	1537	tiguria	tuguria	perseus--phi1056.phi001.perseus-lat2	replace
vitruvius2	3	1	1267	paritetes	parietes	perseus--phi1056.phi001.perseus-lat2	replace
vitruvius2	3	5	2202	percepire	percipere	perseus--phi1056.phi001.perseus-lat2	replace
vitruvius2	3	5	1284	envomuisse	evomuisse	perseus--phi1056.phi001.perseus-lat2	replace
vitruvius2	3	5	716	farmatae	foratae	perseus--phi1056.phi001.perseus-lat2	replace
vitruvius2	4	1	2727	peficere	perficere	perseus--phi1056.phi001.perseus-lat2	replace
vitruvius2	4	1	2006	tempestitatibus	tempestatibus	perseus--phi1056.phi001.perseus-lat2	replace
vitruvius2	4	3	1166	coagamentorum	coagmentorum	perseus--phi1056.phi001.perseus-lat2	replace
vitruvius2	4	3	1047	intrisecusque	intrinsecusque	perseus--phi1056.phi001.perseus-lat2	replace
vitruvius2	5	1	3397	suavitatim	suavitatem	perseus--phi1056.phi001.perseus-lat2	replace
vitruvius2	5	1	569	lactericiis	latericiis	perseus--phi1056.phi001.perseus-lat2	replace
vitruvius2	6	5	1045	reciperantur	recuperantur	perseus--phi1056.phi001.perseus-lat2	replace
vitruvius2	7	1	4367	copressu	cupressu	perseus--phi1056.phi001.perseus-lat2	replace
vitruvius2	7	1	2952	diuturnitam	diuturnitatem	perseus--phi1056.phi001.perseus-lat2	replace
vitruvius2	7	2	1674	traiectionibus	traiectionis	perseus--phi1056.phi001.perseus-lat2	replace
vitruvius2	8	1	485	umbrosisi	umbrosis	perseus--phi1056.phi001.perseus-lat2	replace
vitruvius3	3	1	710	octostylos	octastylos	perseus--phi1056.phi001.perseus-lat2	replace
vitruvius3	4	3	894	reliquatur	relinquantur	perseus--phi1056.phi001.perseus-lat2	replace
vitruvius3	4	4	1649	epistlium	epistylium	perseus--phi1056.phi001.perseus-lat2	replace
vitruvius3	4	4	1483	faciencda	facienda	perseus--phi1056.phi001.perseus-lat2	replace
vitruvius3	4	4	399	demetiatur	dimetiatur	perseus--phi1056.phi001.perseus-lat2	replace
vitruvius4	1	4	100	ordinita	ordinata	perseus--phi1056.phi001.perseus-lat2	replace
vitruvius4	1	9	1571	simentur	sinuentur	perseus--phi1056.phi001.perseus-lat2	replace
vitruvius4	2	1	696	protecturis	proiecturis	perseus--phi1056.phi001.perseus-lat2	replace
vitruvius4	2	1	269	materiato	materiatio	perseus--phi1056.phi001.perseus-lat2	replace
vitruvius4	2	3	375	cantherior	cantherios	perseus--phi1056.phi001.perseus-lat2	replace
vitruvius4	2	5	941	intercolunnia	intercolumnia	perseus--phi1056.phi001.perseus-lat2	replace
vitruvius4	3	1	2292	conlocalanda	conlocanda	perseus--phi1056.phi001.perseus-lat2	replace
vitruvius4	3	1	2253	Sopra	Supra	perseus--phi1056.phi001.perseus-lat2	replace
vitruvius4	3	1	1877	intervertuantur	intervertantur	perseus--phi1056.phi001.perseus-lat2	replace
vitruvius4	3	1	600	capitudo	capitulo	perseus--phi1056.phi001.perseus-lat2	replace
vitruvius4	3	6	1960	striatarum	striarum	perseus--phi1056.phi001.perseus-lat2	replace
vitruvius4	3	6	1497	circummentientur	circummetientur	perseus--phi1056.phi001.perseus-lat2	replace
vitruvius4	3	6	609	intinera	itinera	perseus--phi1056.phi001.perseus-lat2	replace
vitruvius4	4	2	1259	lasbium	lesbium	perseus--phi1056.phi001.perseus-lat2	replace
vitruvius4	4	4	169	distrœbutiones	distributiones	perseus--phi1056.phi001.perseus-lat2	replace
vitruvius4	5	1	140	Flamino	Flaminio	perseus--phi1056.phi001.perseus-lat2	replace
vitruvius5	1	4	1265	experitius	expeditius	perseus--phi1056.phi001.perseus-lat2	replace
vitruvius5	1	10	853	ammulantes	ambulantes	perseus--phi1056.phi001.perseus-lat2	replace
vitruvius5	2	1	2257	epistliorum	epistyliorum	perseus--phi1056.phi001.perseus-lat2	replace
vitruvius5	2	5	368	insiduntur	insidunt	perseus--phi1056.phi001.perseus-lat2	replace
vitruvius5	2	5	79	expectationibus	spectationibus	perseus--phi1056.phi001.perseus-lat2	replace
vitruvius5	3	3	2360	coventus	concentus	perseus--phi1056.phi001.perseus-lat2	replace
vitruvius5	3	3	1556	Concentos	Concentus	perseus--phi1056.phi001.perseus-lat2	replace
vitruvius5	3	3	730	diezugmenon	diezeugmenon	perseus--phi1056.phi001.perseus-lat2	replace
vitruvius5	4	1	3017	audientiun	audientium	perseus--phi1056.phi001.perseus-lat2	replace
vitruvius5	4	4	1173	dirigiunt	dirigunt	perseus--phi1056.phi001.perseus-lat2	replace
vitruvius5	4	5	361	diazumata	diazomata	perseus--phi1056.phi001.perseus-lat2	replace
vitruvius5	5	7	2413	scabillos	scamillos	perseus--phi1056.phi001.perseus-lat2	replace
vitruvius5	6	2	457	quoquendum	coquendum	perseus--phi1056.phi001.perseus-lat2	replace
vitruvius5	6	5	3076	rutundationes	rotundationes	perseus--phi1056.phi001.perseus-lat2	replace
vitruvius5	6	5	2866	clypeom	clipeum	perseus--phi1056.phi001.perseus-lat2	replace
vitruvius5	6	5	1721	nintentes	nitentes	perseus--phi1056.phi001.perseus-lat2	replace
vitruvius5	7	3	358	portictus	porticus	perseus--phi1056.phi001.perseus-lat2	replace
vitruvius5	7	3	203	pronunturia	promunturia	perseus--phi1056.phi001.perseus-lat2	replace
vitruvius5	7	7	47	constuantur	constituantur	perseus--phi1056.phi001.perseus-lat2	replace
vitruvius6	1	6	1103	scribturis	scripturis	perseus--phi1056.phi001.perseus-lat2	replace
vitruvius6	1	7	459	ingenius	ingenuus	perseus--phi1056.phi001.perseus-lat2	replace
vitruvius6	1	8	824	perscribsi	perscripsi	perseus--phi1056.phi001.perseus-lat2	replace
vitruvius6	1	11	240	deflagrant	deflagrat	perseus--phi1056.phi001.perseus-lat2	replace
vitruvius6	2	13	132	testudinatam	testudinatum	perseus--phi1056.phi001.perseus-lat2	replace
vitruvius6	3	4	465	minorun	minorum	perseus--phi1056.phi001.perseus-lat2	replace
vitruvius6	3	7	22	laitudinis	latitudinis	perseus--phi1056.phi001.perseus-lat2	replace
vitruvius6	3	12	62	symmetriatum	symmetriarum	perseus--phi1056.phi001.perseus-lat2	replace
vitruvius6	3	14	537	tiniis	tineis	perseus--phi1056.phi001.perseus-lat2	replace
vitruvius6	4	7	151	sublinita	sublimata	perseus--phi1056.phi001.perseus-lat2	replace
vitruvius6	4	14	206	amphithalamus	amphithalamos	perseus--phi1056.phi001.perseus-lat2	replace
vitruvius6	5	1	711	iudorumque	ludorumque	perseus--phi1056.phi001.perseus-lat2	replace
vitruvius7	1	7	144	Ptolmaeus	Ptolomaeus	perseus--phi1056.phi001.perseus-lat2	replace
vitruvius7	1	10	170	scriptioribus	scriptoribus	perseus--phi1056.phi001.perseus-lat2	replace
vitruvius7	2	1	421	quadragentis	quadringentis	perseus--phi1056.phi001.perseus-lat2	replace
vitruvius7	2	8	836	derectionem	directionem	perseus--phi1056.phi001.perseus-lat2	replace
vitruvius7	3	1	438	caiculi	calculi	perseus--phi1056.phi001.perseus-lat2	replace
vitruvius7	3	1	298	conquoquatur	concoquatur	perseus--phi1056.phi001.perseus-lat2	replace
vitruvius7	3	4	753	creca	creta	perseus--phi1056.phi001.perseus-lat2	replace
vitruvius7	3	4	14	dispoitis	dispositis	perseus--phi1056.phi001.perseus-lat2	replace
vitruvius7	3	5	810	aedifÃciis	aedificiis	perseus--phi1056.phi001.perseus-lat2	replace
vitruvius7	3	7	26	tullisationem	trullissationem	perseus--phi1056.phi001.perseus-lat2	replace
vitruvius7	3	14	666	spirarmenta	spiramenta	perseus--phi1056.phi001.perseus-lat2	replace
vitruvius7	4	3	217	melographia	megalographia	perseus--phi1056.phi001.perseus-lat2	replace
vitruvius7	5	6	377	laerimas	lacrimas	perseus--phi1056.phi001.perseus-lat2	replace
vitruvius7	5	6	60	Ephesiorurm	Ephesiorum	perseus--phi1056.phi001.perseus-lat2	replace
vitruvius7	5	12	56	miniaciam	miniaceam	perseus--phi1056.phi001.perseus-lat2	replace
vitruvius7	5	17	362	curvaturum	curvaturam	perseus--phi1056.phi001.perseus-lat2	replace
vitruvius7	5	19	725	utititatis	utilitatis	perseus--phi1056.phi001.perseus-lat2	replace
vitruvius7	5	19	543	coaruerint	coaluerint	perseus--phi1056.phi001.perseus-lat2	replace
vitruvius8	1	8	499	deficientur	deficient	perseus--phi1056.phi001.perseus-lat2	replace
vitruvius8	1	13	49	delectiones	delectationes	perseus--phi1056.phi001.perseus-lat2	replace
vitruvius8	1	17	634	percalfacta	percalefacta	perseus--phi1056.phi001.perseus-lat2	replace
vitruvius8	2	1	203	liquescendco	liquescendo	perseus--phi1056.phi001.perseus-lat2	replace
vitruvius8	2	10	402	intflationem	inflationem	perseus--phi1056.phi001.perseus-lat2	replace
vitruvius8	4	4	204	sensos	sensus	perseus--phi1056.phi001.perseus-lat2	replace
vitruvius8	4	5	237	redicibus	radicibus	perseus--phi1056.phi001.perseus-lat2	replace
vitruvius8	4	6	432	bestiatum	bestiarum	perseus--phi1056.phi001.perseus-lat2	replace
vitruvius8	4	14	12	perdustionibus	perductionibus	perseus--phi1056.phi001.perseus-lat2	replace
vitruvius8	5	3	296	confomicentur	confornicentur	perseus--phi1056.phi001.perseus-lat2	replace
vitruvius8	5	4	341	vestigalibus	vectigalibus	perseus--phi1056.phi001.perseus-lat2	replace
vitruvius9	1	4	342	vetigalibus	vectigalibus	perseus--phi1056.phi001.perseus-lat2	replace
vitruvius9	1	5	474	sapientae	sapientiae	perseus--phi1056.phi001.perseus-lat2	replace
vitruvius9	2	1	146	incunditatibus	iucunditatibus	perseus--phi1056.phi001.perseus-lat2	replace
vitruvius9	2	5	282	dilantentur	dilatentur	perseus--phi1056.phi001.perseus-lat2	replace
vitruvius9	2	9	166	obscureter	obscuretur	perseus--phi1056.phi001.perseus-lat2	replace
vitruvius9	2	11	296	circuitionis	circumitionis	perseus--phi1056.phi001.perseus-lat2	replace
vitruvius9	2	15	264	quadrigintesimo	quadringentesimo	perseus--phi1056.phi001.perseus-lat2	replace
vitruvius9	3	3	252	liniationibus	lineationibus	perseus--phi1056.phi001.perseus-lat2	replace
vitruvius9	3	17	588	cancero	cancro	perseus--phi1056.phi001.perseus-lat2	replace
vitruvius9	4	1	58	pecurrens	percurrens	perseus--phi1056.phi001.perseus-lat2	replace
vitruvius9	4	7	575	subtecti	subiecti	perseus--phi1056.phi001.perseus-lat2	replace
vitruvius9	5	1	91	Zenophanes	Xenophanes	perseus--phi1056.phi001.perseus-lat2	replace
vitruvius9	5	4	334	demetiantur	dimetiantur	perseus--phi1056.phi001.perseus-lat2	replace
vitruvius9	5	6	644	manaeus	menaeus	perseus--phi1056.phi001.perseus-lat2	replace
vitruvius9	5	11	159	dermittendam	demittendam	perseus--phi1056.phi001.perseus-lat2	replace
vitruvius9	6	4	415	horarun	horarum	perseus--phi1056.phi001.perseus-lat2	replace
vitruvius9	6	4	145	effœcit	efficit	perseus--phi1056.phi001.perseus-lat2	replace
vitruvius9	6	5	122	conloeetur	conlocetur	perseus--phi1056.phi001.perseus-lat2	replace
vitruvius9	6	5	99	frotem	frontem	perseus--phi1056.phi001.perseus-lat2	replace
vitruvius9	6	6	312	inmaioris	in maioris	perseus--phi1056.phi001.perseus-lat2	split
cicero--acad	1	5	647	antccedat	antecedat	perseus--phi0474.phi045/046 (checked by hand)	manual
cicero--acad	1	9	424	Menippium imitati nom interpretati	Menippum imitati non interpretati	perseus--phi0474.phi045/046 (checked by hand)	manual
cicero--acad	1	10	1141	Sophociem	Sophoclem	perseus--phi0474.phi045/046 (checked by hand)	manual
cicero--acad	1	11	190	aninno	animo	perseus--phi0474.phi045/046 (checked by hand)	manual
cicero--acad	2	1	572	coarquit	coarguit	perseus--phi0474.phi045/046 (checked by hand)	manual
cicero--acad	2	3	379	hommis	hominis	perseus--phi0474.phi045/046 (checked by hand)	manual
cicero--acad	2	7	568	optuna	optima	perseus--phi0474.phi045/046 (checked by hand)	manual
cicero--acad	3	3	157	ex ipia omnia	ex qua omnia	perseus--phi0474.phi045/046 (checked by hand)	manual
cicero--acad	3	9	69	dissupationes	disputationes	perseus--phi0474.phi045/046 (checked by hand)	manual
cicero--acad	3	12	14	Arcesilum	Arcesilam	perseus--phi0474.phi045/046 (checked by hand)	manual
cicero--acad	3	13	48	Theophrasttis	Theophrastus	perseus--phi0474.phi045/046 (checked by hand)	manual
cicero--acad	3	16	120	ornnis	omnis	perseus--phi0474.phi045/046 (checked by hand)	manual
cicero--acad	3	16	373	adessc qquin	adesse quin	perseus--phi0474.phi045/046 (checked by hand)	manual
cicero--acad	4	4	166	comprehenibile	comprehendibile	perseus--phi0474.phi045/046 (checked by hand)	manual
cicero--acad	4	9	276	Empedociem	Empedoclem	perseus--phi0474.phi045/046 (checked by hand)	manual
cicero--acad	4	10	481	turpias	turpius	perseus--phi0474.phi045/046 (checked by hand)	manual
cicero--acad	4	11	232	quam euisti	quam exposuisti	perseus--phi0474.phi045/046 (checked by hand)	manual
cicero--acad	5	1	315	potissmum	potissimum	perseus--phi0474.phi045/046 (checked by hand)	manual
cicero--acad	5	1	1239	Academnicus	Academicus	perseus--phi0474.phi045/046 (checked by hand)	manual
cicero--acad	5	1	1589	an Academicas	an Academicus	perseus--phi0474.phi045/046 (checked by hand)	manual
cicero--acad	1	3	494	inter vallo	intervallo	perseus--phi0474.phi045/046 (checked by hand)	manual
ammianus--26	5	23	391	regern	regem	perseus--stoa0023.stoa001.perseus-lat2	replace
ammianus--31	10	4	180	Gothorurn	Gothorum	perseus--stoa0023.stoa001.perseus-lat2	replace
caesar--bc3	12	3	1141	Pornpeium	Pompeium	perseus--phi0448.phi002.perseus-lat3	replace
caesar--bc3	13	6	564	Pornpeiana	Pompeiana	perseus--phi0448.phi002.perseus-lat3	replace
cicero--brut	11	11	253	a ddidisset	addidisset	perseus--phi0474.phi039.perseus-lat2	join
cicero--nd2	6	1	2443	Inunc	Hunc	perseus--phi0474.phi050.perseus-lat1	replace
cicero--topica	4	6	144	accedissent	accidissent	perseus--phi0474.phi042.perseus-lat2	replace
cicero--tusc1	11	5	504	Igraris	Ignaris	perseus--phi0474.phi049.perseus-lat2	replace
cicero--tusc5	8	8	81	Etenirn	Etenim	perseus--phi0474.phi049.perseus-lat2	replace
cicero--verres.2.2	16	1	615	Metelluni	Metellum	perseus--phi0474.phi005.perseus-lat2	replace
ovid--ovid.tristia2	1	3	578	conies	comes	perseus--phi0959.phi008.perseus-lat2	replace
prudentius--prud10	4	13	178	ungulate	ungulae	perseus--stoa0238.stoa001.perseus-lat2	replace
quintilian--quintilian.institutio2	4	1	1954	exaliemplum	exemplum	perseus--phi1002.phi001.perseus-lat2	replace
quintilian--quintilian.institutio2	11	3	1117	uideanimus	uidemus	perseus--phi1002.phi001.perseus-lat2	replace
sen--seneca.ep17-18	10	1	501	Primummultum	Primum multum	perseus--phi1017.phi015.perseus-lat2	split
sen--seneca.ep17-18	10	2	1420	sapienssapienti	sapiens sapienti	perseus--phi1017.phi015.perseus-lat2	split
sen--seneca.ep20	5	7	2310	paupertatemconfitenti	paupertatem confitenti	perseus--phi1017.phi015.perseus-lat2	split
seneca.contr1	1	3	108	aetat em	aetatem	perseus--phi1014.phi001.perseus-lat1	join
seneca.contr1	1	3	76	de clamatoribus	declamatoribus	perseus--phi1014.phi001.perseus-lat1	join
sha--marcant	6	2	54	initialia	initia	perseus--phi2331.phi004.perseus-lat2	replace
suetonius--suet.nero	8	5	419	Apollinern	Apollinem	perseus--phi1348.abo016.perseus-lat2	replace
suetonius--suet.vesp	3	11	422	transiliebat	transibat	perseus--phi1348.abo020.perseus-lat2	replace
tertullian--tertullian.anima	5	2	1664	Prirno	Primo	perseus--stoa0275.stoa010.opp-lat1	replace
tertullian--tertullian.ieiunio	4	1	738	ipsurn	ipsum	perseus--stoa0275.stoa018.opp-lat1	replace
tertullian--tertullian.marcionem1	9	1	1726	illunij	illum	perseus--stoa0275.stoa006.opp-lat1	replace
tertullian--tertullian.marcionem3	4	1	2151	fonna	forma	perseus--stoa0275.stoa006.opp-lat1	replace
tertullian--tertullian.marcionem5	14	1	1166	etiarn	etiam	perseus--stoa0275.stoa006.opp-lat1	replace
tertullian--tertullian.marcionem5	16	1	22	rnisit	misit	perseus--stoa0275.stoa006.opp-lat1	replace
tertullian--tertullian.praxean	6	1	1616	Nostrani	Nostram	perseus--stoa0275.stoa007.opp-lat1	replace
tertullian--tertullian.praxean	8	1	162	visoni	visum	perseus--stoa0275.stoa007.opp-lat1	replace
tertullian--tertullian.scorpiace	1	2	4123	luceni	lucem	perseus--stoa0275.stoa030.opp-lat1	replace
tibullus2	1	5	176	Clenius	Genius	perseus--phi0660.phi001.perseus-lat2	replace
apicius--apicius1	1	45	172	accesusum	accessum	context review (no edition available)	manual-review
apicius--apicius1	1	74	33	mentan	mentam	context review (no edition available)	manual-review
apicius--apicius2	1	30	144	cunicuis	cuniculis	context review (no edition available)	manual-review
apicius--apicius2	1	34	285	deineps	deinceps	context review (no edition available)	manual-review
apicius--apicius3	1	31	19	cuminun	cuminum	context review (no edition available)	manual-review
apicius--apicius4	2	33	57	patinia	patina	context review (no edition available)	manual-review
apicius--apicius4	2	50	368	concissum	concisum	context review (no edition available)	manual-review
apicius--apicius4	3	17	142	ligusticu	ligusticum	context review (no edition available)	manual-review
apuleius--apuleius.cupid	2	1	613	tranqulllo	tranquillo	context review (no edition available)	manual-review
apuleius--apuleius.deosocratis	2	4	1446	ommis	omnis	context review (no edition available)	manual-review
apuleius--apuleius.dog2	4	1	665	sorditum	sordidum	context review (no edition available)	manual-review
apuleius--apuleius.dog2	5	2	9	cuitatum	civitatum	context review (no edition available)	manual-review
apuleius--apuleius.dog2	6	2	332	strevi	strenui	context review (no edition available)	manual-review
apuleius--apuleius.mundo	2	5	373	stillicida	stillicidia	context review (no edition available)	manual-review
apuleius--apuleius.mundo	5	2	626	minusuae	minusve	context review (no edition available)	manual-review
apuleius--apuleius.mundo	5	3	1132	ugendis	agendis	context review (no edition available)	manual-review
apuleius--apuleius10	3	1	476	sucuum	sucum	context review (no edition available)	manual-review
apuleius--apuleius10	4	5	860	ungento	unguento	context review (no edition available)	manual-review
apuleius--apuleius9	1	4	107	tricliniumn	triclinium	context review (no edition available)	manual-review
asconius	2	33	58	expulerats	expuleras	context review (no edition available)	manual-review
asconius	2	35	381	piore	priore	context review (no edition available)	manual-review
asconius	5	11	81	candidatorem	candidatorum	context review (no edition available)	manual-review
asconius	6	8	636	perductumn	perductum	context review (no edition available)	manual-review
asconius	6	12	290	rurusus	rursus	context review (no edition available)	manual-review
asconius	7	21	162	adverus	adversus	context review (no edition available)	manual-review
asconius	10	2	315	perturbartus	perturbatus	context review (no edition available)	manual-review
asconius	11	12	174	dandidatum	candidatum	context review (no edition available)	manual-review
asconius	11	15	31	diximux	diximus	context review (no edition available)	manual-review
asconius	13	33	57	tricidavit	trucidavit	context review (no edition available)	manual-review
caesar--alex	6	8	958	dificultate	difficultate	context review (no edition available)	manual-review
caesar--bc2	2	1	1494	supendere	suspendere	context review (no edition available)	manual-review
caesar--bc3	4	1	796	coniiunxit	coniunxit	context review (no edition available)	manual-review
caesar--bc3	11	6	1362	oocasum	occasum	context review (no edition available)	manual-review
caesar--hisp	1	3	1360	reccepti	recepti	context review (no edition available)	manual-review
caesar--hisp	4	3	1573	peterriti	perterriti	context review (no edition available)	manual-review
cato--cato.frag	1	2	252	smeper	semper	context review (no edition available)	manual-review
cato.dis	1	81	89	corpuC	corpus	context review (no edition available)	manual-review
censorinus	4	1	2143	identidiem	identidem	context review (no edition available)	manual-review
cicero--cael	2	4	25	pudicitiaea	pudicitiae	context review (no edition available)	manual-review
cicero--divinatione1	3	1	198	colucre	coluere	context review (no edition available)	manual-review
cicero--divinatione1	3	8	252	impetriri	impetrari	context review (no edition available)	manual-review
cicero--divinatione1	7	10	1	lamque	Iamque	context review (no edition available)	manual-review
cicero--divinatione1	7	11	212	bominem	hominem	context review (no edition available)	manual-review
cicero--divinatione2	4	4	1053	faciliius	facilius	context review (no edition available)	manual-review
cicero--fam1	6	1	2757	mild	mihi	context review (no edition available)	manual-review
cicero--fam10	7	3	787	dprimum	primum	context review (no edition available)	manual-review
cicero--fam10	8	5	501	iiudicio	iudicio	context review (no edition available)	manual-review
cicero--fam12	3	1	124	posteaquaqm	posteaquam	context review (no edition available)	manual-review
cicero--fam12	3	3	624	priusuam	priusquam	context review (no edition available)	manual-review
cicero--fam12	5	1	4838	ulrto	ultro	context review (no edition available)	manual-review
cicero--fam12	6	5	677	animno	animo	context review (no edition available)	manual-review
cicero--fam12	9	1	2080	studiosor	studiosior	context review (no edition available)	manual-review
cicero--fam13	6	7	502	pertubatione	perturbatione	context review (no edition available)	manual-review
cicero--fam4	4	2	77	quyin	quin	context review (no edition available)	manual-review
cicero--fam6	8	1	574	eamm	eam	context review (no edition available)	manual-review
cicero--fam8	6	5	2466	ahec	haec	context review (no edition available)	manual-review
cicero--fam9	3	7	543	oslent	solent	context review (no edition available)	manual-review
cicero--fin1	2	6	1199	ocurreret	occurreret	context review (no edition available)	manual-review
cicero--fin5	5	1	164	novellan	novellam	context review (no edition available)	manual-review
cicero--fin5	7	1	201	attore	altiore	context review (no edition available)	manual-review
cicero--fratrem2	3	1	835	defuturm	defuturum	context review (no edition available)	manual-review
cicero--fratrem2	5	5	1244	merhercule	mehercule	context review (no edition available)	manual-review
cicero--leg2	4	14	510	saerificium	sacrificium	context review (no edition available)	manual-review
cicero--leg2	4	14	140	meilus	melius	context review (no edition available)	manual-review
cicero--leg2	5	6	1039	accesscrit	accesserit	context review (no edition available)	manual-review
cicero--leg2	7	9	109	publieis	publicis	context review (no edition available)	manual-review
cicero--leg2	7	15	328	publieam	publicam	context review (no edition available)	manual-review
cicero--leg3	2	14	642	diutunitate	diuturnitate	context review (no edition available)	manual-review
cicero--leg3	2	18	224	prineipum	principum	context review (no edition available)	manual-review
cicero--leg3	3	20	13	mehereule	mehercule	context review (no edition available)	manual-review
cicero--lig	2	11	611	occacione	occasione	context review (no edition available)	manual-review
cicero--nd2	11	61	21	stelarum	stellarum	context review (no edition available)	manual-review
cicero--phil11	3	10	81	otpimo	optimo	context review (no edition available)	manual-review
cicero--phil5	2	10	39	feceretis	feceritis	context review (no edition available)	manual-review
cicero--topica	3	5	735	tractactio	tractatio	context review (no edition available)	manual-review
cicero--tusc1	11	6	142	acripsit	scripsit	context review (no edition available)	manual-review
cicero--tusc4	7	28	37	amnipotens	omnipotens	context review (no edition available)	manual-review
cicero--tusc5	3	5	101	potuiisse	potuisse	context review (no edition available)	manual-review
cicero--ver1	5	1	594	repetundiis	repetundis	context review (no edition available)	manual-review
columella--columella.arbor	1	3	727	devitibus	de vitibus	context review (no edition available)	manual-review
columella--columella.arbor	4	26	849	trigenos	tricenos	context review (no edition available)	manual-review
columella--columella.rr1	2	1	5413	olerumque	holerumque	context review (no edition available)	manual-review
columella--columella.rr2	6	1	2304	commodissimae	commodissime	context review (no edition available)	manual-review
columella--columella.rr3	5	3	117	acurate	accurate	context review (no edition available)	manual-review
columella--columella.rr3	7	2	1282	inseeritur	inseritur	context review (no edition available)	manual-review
columella--columella.rr3	12	3	945	qyantae	quantae	context review (no edition available)	manual-review
columella--columella.rr4	1	4	1037	pplurimos	plurimos	context review (no edition available)	manual-review
columella--columella.rr4	2	5	135	deposict	deposcit	context review (no edition available)	manual-review
columella--columella.rr4	7	1	935	animadveerto	animadverto	context review (no edition available)	manual-review
columella--columella.rr4	10	3	477	praeddicto	praedicto	context review (no edition available)	manual-review
enn	1	70	182	obundantes	abundantes	context review (no edition available)	manual-review
frontinus--aqua1	2	1	1272	admratione	admiratione	context review (no edition available)	manual-review
frontinus--aqua1	4	5	69	commenatriis	commentariis	context review (no edition available)	manual-review
frontinus--strat2	6	5	63	ostendita	ostendit a	context review (no edition available)	manual-review
fronto	1	28	1351	jucundissimme	jucundissime	context review (no edition available)	manual-review
fronto	2	1	3856	ductuus	ductus	context review (no edition available)	manual-review
fronto	2	1	730	laetita	laetitia	context review (no edition available)	manual-review
fronto	8	2	117	insginiter	insigniter	context review (no edition available)	manual-review
fronto	8	10	425	aimici	amici	context review (no edition available)	manual-review
fronto	9	1	545	spectabulum	spectaculum	context review (no edition available)	manual-review
fronto	10	3	735	obsecri	obsecro	context review (no edition available)	manual-review
fronto	11	2	541	provinsias	provincias	context review (no edition available)	manual-review
fronto	12	5	327	provinsciis	provinciis	context review (no edition available)	manual-review
fronto	14	1	1979	quaevix	quaevis	context review (no edition available)	manual-review
fronto	15	5	670	incoomoda	incommoda	context review (no edition available)	manual-review
fronto	16	1	252	harec	haec	context review (no edition available)	manual-review
fronto	16	3	1242	permittendem	permittendum	context review (no edition available)	manual-review
fronto	16	3	807	ingeium	ingenium	context review (no edition available)	manual-review
fronto	17	3	201	invaasit	invasit	context review (no edition available)	manual-review
fronto	17	3	132	ingreder	ingrederer	context review (no edition available)	manual-review
fronto	18	6	460	doloroum	dolorum	context review (no edition available)	manual-review
fronto	18	6	278	sacntus	sanctus	context review (no edition available)	manual-review
fronto	21	1	1309	sponsiorem	sponsionem	context review (no edition available)	manual-review
fronto	21	4	2794	tempribus	temporibus	context review (no edition available)	manual-review
fronto	21	4	2267	leridie	meridie	context review (no edition available)	manual-review
fronto	21	4	1048	paesens	praesens	context review (no edition available)	manual-review
fronto	21	4	847	comperum	compertum	context review (no edition available)	manual-review
fronto	22	1	787	tastamentum	testamentum	context review (no edition available)	manual-review
fronto	22	1	755	oublicum	publicum	context review (no edition available)	manual-review
fronto	22	5	774	aliquandi	aliquando	context review (no edition available)	manual-review
fronto	23	4	466	prumum	primum	context review (no edition available)	manual-review
fronto	23	5	68	ftratri	fratri	context review (no edition available)	manual-review
fronto	23	6	798	manadavit	mandavit	context review (no edition available)	manual-review
fronto	23	8	258	philsophia	philosophia	context review (no edition available)	manual-review
fronto	24	7	952	axercitum	exercitum	context review (no edition available)	manual-review
fronto	26	5	237	paenitaret	paeniteret	context review (no edition available)	manual-review
fronto	27	5	585	sententiarem	sententiarum	context review (no edition available)	manual-review
fronto	28	2	665	tonandti	tonandi	context review (no edition available)	manual-review
fronto	29	1	422	flagitum	flagitium	context review (no edition available)	manual-review
fronto	29	1	356	majoribis	majoribus	context review (no edition available)	manual-review
fronto	31	1	3894	tenetibus	tenentibus	context review (no edition available)	manual-review
fronto	32	5	3129	coervcere	coercere	context review (no edition available)	manual-review
fronto	34	3	1653	facultatetm	facultatem	context review (no edition available)	manual-review
fronto	35	1	3660	tilerunt	tulerunt	context review (no edition available)	manual-review
fronto	35	1	120	raionibus	rationibus	context review (no edition available)	manual-review
fronto	39	1	1207	amictiam	amicitiam	context review (no edition available)	manual-review
fronto	40	1	109	imeprator	imperator	context review (no edition available)	manual-review
fronto	40	8	2089	solliditudo	sollicitudo	context review (no edition available)	manual-review
fronto	41	5	856	verecindia	verecundia	context review (no edition available)	manual-review
fronto	42	6	293	cirpore	corpore	context review (no edition available)	manual-review
fronto	43	6	826	vulagta	vulgata	context review (no edition available)	manual-review
fronto	44	3	149	eineunte	ineunte	context review (no edition available)	manual-review
fronto	45	1	678	vidsti	vidisti	context review (no edition available)	manual-review
fronto	45	4	119	egredient	egredienti	context review (no edition available)	manual-review
fronto	45	5	661	scripsisiti	scripsisti	context review (no edition available)	manual-review
gaius1	4	1	18	fliio	filio	context review (no edition available)	manual-review
gellius--gellius1	4	8	371	convinisse	convenisse	context review (no edition available)	manual-review
horace--carm1	3	22	48	folliis	foliis	context review (no edition available)	manual-review
horace--epist1	7	3	779	imatatores	imitatores	context review (no edition available)	manual-review
hyginus--hyginus2	1	3	1578	essset	esset	context review (no edition available)	manual-review
hyginus--hyginus6	1	2	550	compulata	computata	context review (no edition available)	manual-review
hyginus--hyginus6	1	10	396	praetoeium	praetorium	context review (no edition available)	manual-review
hyginus--hyginus6	1	10	251	latitudunem	latitudinem	context review (no edition available)	manual-review
hyginus--hyginus6	1	11	185	cohoortes	cohortes	context review (no edition available)	manual-review
hyginus--hyginus6	2	2	194	utantuer	utantur	context review (no edition available)	manual-review
hyginus--hyginus6	2	5	170	caastrorum	castrorum	context review (no edition available)	manual-review
hyginus--hyginus6	2	9	95	aaccipit	accipit	context review (no edition available)	manual-review
hyginus--hyginus6	2	13	233	eqites	equites	context review (no edition available)	manual-review
hyginus--hyginus6	3	5	239	parterm	partem	context review (no edition available)	manual-review
hyginus--hyginus6	3	5	109	quuot	quot	context review (no edition available)	manual-review
hyginus--hyginus6	3	6	29	qoutiens	quotiens	context review (no edition available)	manual-review
hyginus--hyginus6	3	12	62	fasigata	fastigata	context review (no edition available)	manual-review
hyginus--hyginus6	3	19	327	tertiuim	tertium	context review (no edition available)	manual-review
juvenal--2	1	2	840	peiiores	peiores	context review (no edition available)	manual-review
juvenal--2	1	2	284	archet	archetypos	context review (no edition available)	manual-review
juvenal--3	3	1	2640	verecis	vervecis	context review (no edition available)	manual-review
livy--liv.26	17	2	1880	modestria	modestia	context review (no edition available)	manual-review
livy--liv.28	14	5	614	alterautra	alterutra	context review (no edition available)	manual-review
livy--liv.28	17	1	1278	posirae	positae	context review (no edition available)	manual-review
livy--liv.9	4	3	1653	oblactam	oblatam	context review (no edition available)	manual-review
livy--liv.per104	1	5	338	euadereut	euaderent	context review (no edition available)	manual-review
livy--liv.per22	1	3	391	iusperato	insperato	context review (no edition available)	manual-review
livy--liv.per27	1	3	125	iusecutus	insecutus	context review (no edition available)	manual-review
livy--liv.per28	1	6	89	iusuper	insuper	context review (no edition available)	manual-review
manilius1	1	3	848	nrque	neque	context review (no edition available)	manual-review
petroniusfrag	1	22	164	contentonis	contentionis	context review (no edition available)	manual-review
petroniusfrag	1	65	7	memba	membra	context review (no edition available)	manual-review
petroniusfrag	1	71	394	glorai	gloria	context review (no edition available)	manual-review
plautus--aulularia	5	3	1495	phyrgio	phrygio	context review (no edition available)	manual-review
plautus--cas	5	1	431	exslluit	exsiluit	context review (no edition available)	manual-review
plautus--cas	5	2	331	habulsti	habuisti	context review (no edition available)	manual-review
plautus--cas	5	3	1506	aceedere	accedere	context review (no edition available)	manual-review
plautus--cas	5	3	1280	nabet	Habet	context review (no edition available)	manual-review
plautus--cas	5	3	290	lstuc	Istuc	context review (no edition available)	manual-review
plautus--cas	6	2	175	eupio	cupio	context review (no edition available)	manual-review
plautus--cas	7	1	910	eeastor	ecastor	context review (no edition available)	manual-review
plautus--cas	7	1	672	faetumst	factumst	context review (no edition available)	manual-review
plautus--cas	7	2	406	calisa	causa	context review (no edition available)	manual-review
plautus--trinummus	9	1	4509	pnngit	pungit	context review (no edition available)	manual-review
plautus--truculentus	3	2	3657	oramentis	ornamentis	context review (no edition available)	manual-review
quintilian--quintilian.institutio9	8	1	371	dammavit	damnavit	context review (no edition available)	manual-review
resgestae	1	7	121	acccepi	accepi	context review (no edition available)	manual-review
sen--sen.proverbs	1	9	55	poenaram	poenarum	context review (no edition available)	manual-review
sen--sen.proverbs	1	9	4	lnhonesta	Inhonesta	context review (no edition available)	manual-review
sen--sen.proverbs	2	1	811	peceare	peccare	context review (no edition available)	manual-review
sen--sen.qn1	2	2	335	ducuntª	ducunt	context review (no edition available)	manual-review
sen--sen.qn1	2	13	288	ignibm	ignium	context review (no edition available)	manual-review
sen--sen.qn1	2	20	42	efligiem	effigiem	context review (no edition available)	manual-review
sen--sen.qn1	3	20	260	aferuntur	afferuntur	context review (no edition available)	manual-review
sen--sen.qn1	4	18	304	ommia	omnia	context review (no edition available)	manual-review
sen--sen.qn1	5	17	121	ffigura	figura	context review (no edition available)	manual-review
sen--sen.qn1	6	4	350	effciet	efficiet	context review (no edition available)	manual-review
sen--sen.qn1	7	14	549	fraglis	fragilis	context review (no edition available)	manual-review
sen--sen.qn2	2	127	14	oeulorum	oculorum	context review (no edition available)	manual-review
sen--sen.qn2	4	62	15	quoeumque	quocumque	context review (no edition available)	manual-review
sen--sen.qn2	4	108	15	luira	mira	context review (no edition available)	manual-review
sen--sen.qn2	4	134	6	opirione	opinione	context review (no edition available)	manual-review
sen--sen.qn2	5	106	37	benelicium	beneficium	context review (no edition available)	manual-review
sen--sen.qn2	5	148	0	quodeumque	quodcumque	context review (no edition available)	manual-review
sen--sen.qn2	5	166	7	consihi	consilii	context review (no edition available)	manual-review
sen--sen.qn2	6	37	46	consillum	consilium	context review (no edition available)	manual-review
sen--sen.qn3	7	1	28	aequinoctilis	aequinoctialis	context review (no edition available)	manual-review
sen--sen.qn4	2	7	274	prearupta	praerupta	context review (no edition available)	manual-review
sen--sen.qn4	4	22	217	tandems	tandem	context review (no edition available)	manual-review
sen--sen.qn5	2	17	444	ommes	omnes	context review (no edition available)	manual-review
sen--sen.qn6	1	9	60	exhaisit	exhausit	context review (no edition available)	manual-review
sen--sen.qn6	1	19	137	nulllam	nullam	context review (no edition available)	manual-review
sen--sen.qn7	1	8	169	aflirmat	affirmat	context review (no edition available)	manual-review
sen--sen.tranq	2	6	3049	argumentuum	argumentum	context review (no edition available)	manual-review
sen--seneca.ep14-15	14	3	619	plictam	plicitam	context review (no edition available)	manual-review
statius--theb2	3	1	794	excussare	excusare	context review (no edition available)	manual-review
suetonius--suet.aug	2	1	1104	exercituii	exercitui	context review (no edition available)	manual-review
suetonius--suet.aug	2	5	553	incolumnis	incolumis	context review (no edition available)	manual-review
suetonius--suet.aug	7	1	647	speectari	spectari	context review (no edition available)	manual-review
suetonius--suet.aug	9	3	202	onmi	omni	context review (no edition available)	manual-review
suetonius--suet.claudius	2	2	96	ocurrisset	occurrisset	context review (no edition available)	manual-review
suetonius--suet.gram	2	7	312	tendentitus	tendentibus	context review (no edition available)	manual-review
suetonius--suet.gram	2	19	768	imbecllitatem	imbecillitatem	context review (no edition available)	manual-review
suetonius--suet.gram	3	8	258	litigalor	litigator	context review (no edition available)	manual-review
suetonius--suet.gram	3	8	137	adrersario	adversario	context review (no edition available)	manual-review
suetonius--suet.gram	3	10	1267	fernut	ferunt	context review (no edition available)	manual-review
suetonius--suet.nero	1	4	254	comissam	commissam	context review (no edition available)	manual-review
suetonius--suet.nero	2	7	849	nonnulis	nonnullis	context review (no edition available)	manual-review
suetonius--suet.nero	5	3	2159	amitaee	amitae	context review (no edition available)	manual-review
suetonius--suet.nero	6	13	278	apellatum	appellatum	context review (no edition available)	manual-review
suetonius--suet.rhet	1	3	449	consnetudinem	consuetudinem	context review (no edition available)	manual-review
suetonius--suet.rhet	1	4	48	eadero	eadem	context review (no edition available)	manual-review
suetonius--suet.rhet	1	10	44	atqne	atque	context review (no edition available)	manual-review
syrus	1	6	85	peceas	peccas	context review (no edition available)	manual-review
syrus	2	12	259	nnumquam	numquam	context review (no edition available)	manual-review
syrus	3	12	790	mionus	minus	context review (no edition available)	manual-review
syrus	6	1	907	effectuni	effectum	context review (no edition available)	manual-review
syrus	7	4	935	adbibenda	adhibenda	context review (no edition available)	manual-review
syrus	7	5	657	rnulta	multa	context review (no edition available)	manual-review
syrus	8	1	872	somper	semper	context review (no edition available)	manual-review
tacitus--tac.ann11	5	1	702	solltudinis	solitudinis	context review (no edition available)	manual-review
tacitus--tac.ann12	5	5	262	possesione	possessione	context review (no edition available)	manual-review
tacitus--tac.ann12	5	6	708	obssidium	obsidium	context review (no edition available)	manual-review
tacitus--tac.ann14	8	2	414	suassisse	suasisse	context review (no edition available)	manual-review
tacitus--tac.ann15	6	5	594	persimonia	parsimonia	context review (no edition available)	manual-review
tacitus--tac.ann2	2	5	519	ventumm	ventum	context review (no edition available)	manual-review
tacitus--tac.ann4	1	6	667	extema	extrema	context review (no edition available)	manual-review
tacitus--tac.hist1	1	8	814	tamquamm	tamquam	context review (no edition available)	manual-review
tacitus--tac.hist1	3	6	369	dominanus	dominantibus	context review (no edition available)	manual-review
vell2	15	2	44	plexumque	plerumque	context review (no edition available)	manual-review
